{"v":"5.1.16","fr":23.9759979248047,"ip":0,"op":95.9999916909097,"w":520,"h":520,"nm":"animazione_abilitato","ddd":0,"assets":[{"id":"comp_0","layers":[{"ddd":0,"ind":1,"ty":4,"nm":"check_att contorni","sr":1,"ks":{"o":{"a":0,"k":100,"ix":11},"r":{"a":0,"k":0,"ix":10},"p":{"a":0,"k":[375,447,0],"ix":2},"a":{"a":0,"k":[32,32,0],"ix":1},"s":{"a":1,"k":[{"i":{"x":[0.667,0.667,0.667],"y":[1,1,1]},"o":{"x":[0.333,0.333,0.333],"y":[0,0,0]},"n":["0p667_1_0p333_0","0p667_1_0p333_0","0p667_1_0p333_0"],"t":20,"s":[0,0,100],"e":[100,100,100]},{"i":{"x":[0.833,0.833,0.833],"y":[0.833,0.833,0.833]},"o":{"x":[0.167,0.167,0.167],"y":[0.167,0.167,0.167]},"n":["0p833_0p833_0p167_0p167","0p833_0p833_0p167_0p167","0p833_0p833_0p167_0p167"],"t":24,"s":[100,100,100],"e":[100,100,100]},{"i":{"x":[0.667,0.667,0.667],"y":[1,1,1]},"o":{"x":[0.333,0.333,0.333],"y":[0,0,0]},"n":["0p667_1_0p333_0","0p667_1_0p333_0","0p667_1_0p333_0"],"t":80,"s":[100,100,100],"e":[0,0,100]},{"t":83.999992729546}],"ix":6}},"ao":0,"shapes":[{"ty":"gr","it":[{"ind":0,"ty":"sh","ix":1,"ks":{"a":0,"k":{"i":[[0.58,-0.665],[0,0],[0,0],[0.641,-0.596],[-0.581,-0.663],[0,0],[-0.509,0],[-0.057,0.007],[-0.038,0],[-0.303,0.372],[0,0],[0.642,0.6]],"o":[[0,0],[0,0],[-0.581,-0.664],[-0.638,0.601],[0,0],[0.286,0.434],[0.058,0],[0.039,0.003],[0.461,0],[0,0],[0.581,-0.663],[-0.638,-0.6]],"v":[[11.277,-11.376],[-5.87,8.215],[-11.275,2.038],[-13.488,1.923],[-13.594,4.21],[-7.299,11.404],[-6.027,12.09],[-5.855,12.059],[-5.736,12.087],[-4.521,11.501],[13.594,-9.204],[13.484,-11.49]],"c":true},"ix":2},"nm":"Tracciato 1","mn":"ADBE Vector Shape - Group","hd":false},{"ty":"fl","c":{"a":0,"k":[1,1,1,1],"ix":4},"o":{"a":0,"k":100,"ix":5},"r":1,"nm":"Riempimento 1","mn":"ADBE Vector Graphic - Fill","hd":false},{"ty":"tr","p":{"a":0,"k":[32,31.909],"ix":2},"a":{"a":0,"k":[0,0],"ix":1},"s":{"a":0,"k":[100,100],"ix":3},"r":{"a":0,"k":0,"ix":6},"o":{"a":0,"k":100,"ix":7},"sk":{"a":0,"k":0,"ix":4},"sa":{"a":0,"k":0,"ix":5},"nm":"Trasformazione"}],"nm":"Gruppo 1","np":2,"cix":2,"ix":1,"mn":"ADBE Vector Group","hd":false},{"ty":"gr","it":[{"ind":0,"ty":"sh","ix":1,"ks":{"a":0,"k":{"i":[[-16.568,0],[0,-16.568],[16.568,0],[0,16.568]],"o":[[16.568,0],[0,16.568],[-16.568,0],[0,-16.568]],"v":[[0,-30],[30,0],[0,30],[-30,0]],"c":true},"ix":2},"nm":"Tracciato 1","mn":"ADBE Vector Shape - Group","hd":false},{"ty":"st","c":{"a":0,"k":[1,1,1,1],"ix":3},"o":{"a":0,"k":100,"ix":4},"w":{"a":0,"k":3,"ix":5},"lc":1,"lj":1,"ml":4,"nm":"Traccia 1","mn":"ADBE Vector Graphic - Stroke","hd":false},{"ty":"tr","p":{"a":0,"k":[32,32],"ix":2},"a":{"a":0,"k":[0,0],"ix":1},"s":{"a":0,"k":[100,100],"ix":3},"r":{"a":0,"k":0,"ix":6},"o":{"a":0,"k":100,"ix":7},"sk":{"a":0,"k":0,"ix":4},"sa":{"a":0,"k":0,"ix":5},"nm":"Trasformazione"}],"nm":"Gruppo 2","np":2,"cix":2,"ix":2,"mn":"ADBE Vector Group","hd":false}],"ip":0,"op":239.999979227274,"st":0,"bm":0},{"ddd":0,"ind":2,"ty":4,"nm":"phone contorni","sr":1,"ks":{"o":{"a":0,"k":100,"ix":11},"r":{"a":0,"k":0,"ix":10},"p":{"a":0,"k":[375,525.668,0],"ix":2},"a":{"a":0,"k":[50.5,158.168,0],"ix":1},"s":{"a":1,"k":[{"i":{"x":[0.667,0.667,0.667],"y":[1,1,1]},"o":{"x":[0.333,0.333,0.333],"y":[0,0,0]},"n":["0p667_1_0p333_0","0p667_1_0p333_0","0p667_1_0p333_0"],"t":12,"s":[0,0,100],"e":[110,110,100]},{"i":{"x":[0.667,0.667,0.667],"y":[1,1,1]},"o":{"x":[0.333,0.333,0.333],"y":[0,0,0]},"n":["0p667_1_0p333_0","0p667_1_0p333_0","0p667_1_0p333_0"],"t":20,"s":[110,110,100],"e":[100,100,100]},{"i":{"x":[0.833,0.833,0.833],"y":[0.833,0.833,0.833]},"o":{"x":[0.167,0.167,0.167],"y":[0.167,0.167,0.167]},"n":["0p833_0p833_0p167_0p167","0p833_0p833_0p167_0p167","0p833_0p833_0p167_0p167"],"t":24,"s":[100,100,100],"e":[100,100,100]},{"i":{"x":[0.667,0.667,0.667],"y":[1,1,1]},"o":{"x":[0.333,0.333,0.333],"y":[0,0,0]},"n":["0p667_1_0p333_0","0p667_1_0p333_0","0p667_1_0p333_0"],"t":83,"s":[100,100,100],"e":[0,0,100]},{"t":88.9999922967808}],"ix":6}},"ao":0,"shapes":[{"ty":"gr","it":[{"ind":0,"ty":"sh","ix":1,"ks":{"a":0,"k":{"i":[[3.483,0],[0,3.473],[-3.483,0],[0,-3.47]],"o":[[-3.483,0],[0,-3.47],[3.483,0],[0,3.473]],"v":[[0.001,6.294],[-6.318,0],[0.001,-6.294],[6.318,0]],"c":true},"ix":2},"nm":"Tracciato 1","mn":"ADBE Vector Shape - Group","hd":false},{"ind":1,"ty":"sh","ix":2,"ks":{"a":0,"k":{"i":[[1.688,0],[0,-1.682],[-1.688,0],[0,1.683]],"o":[[-1.688,0],[0,1.683],[1.688,0],[0,-1.682]],"v":[[0.001,-3.051],[-3.062,0],[0.001,3.051],[3.062,0]],"c":true},"ix":2},"nm":"Tracciato 2","mn":"ADBE Vector Shape - Group","hd":false},{"ty":"mm","mm":1,"nm":"Unisci tracciati 1","mn":"ADBE Vector Filter - Merge","hd":false},{"ty":"fl","c":{"a":0,"k":[1,1,1,1],"ix":4},"o":{"a":0,"k":100,"ix":5},"r":1,"nm":"Riempimento 1","mn":"ADBE Vector Graphic - Fill","hd":false},{"ty":"tr","p":{"a":0,"k":[50.482,143.874],"ix":2},"a":{"a":0,"k":[0,0],"ix":1},"s":{"a":0,"k":[100,100],"ix":3},"r":{"a":0,"k":0,"ix":6},"o":{"a":0,"k":100,"ix":7},"sk":{"a":0,"k":0,"ix":4},"sa":{"a":0,"k":0,"ix":5},"nm":"Trasformazione"}],"nm":"Gruppo 2","np":4,"cix":2,"ix":1,"mn":"ADBE Vector Group","hd":false},{"ty":"gr","it":[{"ind":0,"ty":"sh","ix":1,"ks":{"a":0,"k":{"i":[[0,0],[0,0],[0,0],[0,0]],"o":[[0,0],[0,0],[0,0],[0,0]],"v":[[-14.461,1.622],[14.461,1.622],[14.461,-1.622],[-14.461,-1.622]],"c":true},"ix":2},"nm":"Tracciato 1","mn":"ADBE Vector Shape - Group","hd":false},{"ty":"fl","c":{"a":0,"k":[1,1,1,1],"ix":4},"o":{"a":0,"k":100,"ix":5},"r":1,"nm":"Riempimento 1","mn":"ADBE Vector Graphic - Fill","hd":false},{"ty":"tr","p":{"a":0,"k":[50.482,13.293],"ix":2},"a":{"a":0,"k":[0,0],"ix":1},"s":{"a":0,"k":[100,100],"ix":3},"r":{"a":0,"k":0,"ix":6},"o":{"a":0,"k":100,"ix":7},"sk":{"a":0,"k":0,"ix":4},"sa":{"a":0,"k":0,"ix":5},"nm":"Trasformazione"}],"nm":"Gruppo 3","np":2,"cix":2,"ix":2,"mn":"ADBE Vector Group","hd":false},{"ty":"gr","it":[{"ind":0,"ty":"sh","ix":1,"ks":{"a":0,"k":{"i":[[0,0],[0,0],[0,0],[3.922,0],[0,0],[0,0],[0,0],[0,5.693]],"o":[[0,0],[0,0],[0,3.907],[0,0],[0,0],[0,0],[5.717,0],[0,0]],"v":[[45.424,-49.053],[42.169,-49.053],[42.169,38.724],[35.057,45.81],[-45.424,45.81],[-45.424,49.053],[35.057,49.053],[45.424,38.724]],"c":true},"ix":2},"nm":"Tracciato 1","mn":"ADBE Vector Shape - Group","hd":false},{"ty":"fl","c":{"a":0,"k":[1,1,1,1],"ix":4},"o":{"a":0,"k":100,"ix":5},"r":1,"nm":"Riempimento 1","mn":"ADBE Vector Graphic - Fill","hd":false},{"ty":"tr","p":{"a":0,"k":[55.519,109.115],"ix":2},"a":{"a":0,"k":[0,0],"ix":1},"s":{"a":0,"k":[100,100],"ix":3},"r":{"a":0,"k":0,"ix":6},"o":{"a":0,"k":100,"ix":7},"sk":{"a":0,"k":0,"ix":4},"sa":{"a":0,"k":0,"ix":5},"nm":"Trasformazione"}],"nm":"Gruppo 4","np":2,"cix":2,"ix":3,"mn":"ADBE Vector Group","hd":false},{"ty":"gr","it":[{"ind":0,"ty":"sh","ix":1,"ks":{"a":0,"k":{"i":[[0,0],[0,0],[0,0],[3.922,0],[0,0],[0,0],[0,0],[0,-5.693]],"o":[[0,0],[0,0],[0,-3.907],[0,0],[0,0],[0,0],[5.717,0],[0,0]],"v":[[30.639,49.053],[27.384,49.053],[27.384,-38.725],[20.272,-45.81],[-30.639,-45.81],[-30.639,-49.053],[20.272,-49.053],[30.639,-38.725]],"c":true},"ix":2},"nm":"Tracciato 1","mn":"ADBE Vector Shape - Group","hd":false},{"ty":"fl","c":{"a":0,"k":[1,1,1,1],"ix":4},"o":{"a":0,"k":100,"ix":5},"r":1,"nm":"Riempimento 1","mn":"ADBE Vector Graphic - Fill","hd":false},{"ty":"tr","p":{"a":0,"k":[70.326,49.053],"ix":2},"a":{"a":0,"k":[0,0],"ix":1},"s":{"a":0,"k":[100,100],"ix":3},"r":{"a":0,"k":0,"ix":6},"o":{"a":0,"k":100,"ix":7},"sk":{"a":0,"k":0,"ix":4},"sa":{"a":0,"k":0,"ix":5},"nm":"Trasformazione"}],"nm":"Gruppo 5","np":2,"cix":2,"ix":4,"mn":"ADBE Vector Group","hd":false},{"ty":"gr","it":[{"ind":0,"ty":"sh","ix":1,"ks":{"a":0,"k":{"i":[[0,0],[0,5.693],[0,0],[-5.716,0],[0,0],[0,0],[0,0],[0,-3.909],[0,0],[-3.924,0]],"o":[[-5.716,0],[0,0],[0,-5.695],[0,0],[0,0],[0,0],[-3.924,0],[0,0],[0,3.907],[0,0]],"v":[[-11.487,79.082],[-21.856,68.753],[-21.856,-68.753],[-11.487,-79.082],[21.856,-79.082],[21.856,-75.839],[-11.487,-75.839],[-18.601,-68.753],[-18.601,68.753],[-11.487,75.839]],"c":true},"ix":2},"nm":"Tracciato 1","mn":"ADBE Vector Shape - Group","hd":false},{"ty":"fl","c":{"a":0,"k":[1,1,1,1],"ix":4},"o":{"a":0,"k":100,"ix":5},"r":1,"nm":"Riempimento 1","mn":"ADBE Vector Graphic - Fill","hd":false},{"ty":"tr","p":{"a":0,"k":[21.856,79.083],"ix":2},"a":{"a":0,"k":[0,0],"ix":1},"s":{"a":0,"k":[100,100],"ix":3},"r":{"a":0,"k":0,"ix":6},"o":{"a":0,"k":100,"ix":7},"sk":{"a":0,"k":0,"ix":4},"sa":{"a":0,"k":0,"ix":5},"nm":"Trasformazione"}],"nm":"Gruppo 6","np":2,"cix":2,"ix":5,"mn":"ADBE Vector Group","hd":false}],"ip":0,"op":239.999979227274,"st":0,"bm":0},{"ddd":0,"ind":3,"ty":4,"nm":"Livello forma 1","sr":1,"ks":{"o":{"a":0,"k":100,"ix":11},"r":{"a":0,"k":0,"ix":10},"p":{"a":0,"k":[375,667,0],"ix":2},"a":{"a":0,"k":[0,0,0],"ix":1},"s":{"a":0,"k":[100,100,100],"ix":6}},"ao":0,"shapes":[{"ty":"gr","it":[{"ind":0,"ty":"sh","ix":1,"ks":{"a":0,"k":{"i":[[0,0],[0,0]],"o":[[0,0],[0,0]],"v":[[1,17.5],[0.5,-133]],"c":false},"ix":2},"nm":"Tracciato 1","mn":"ADBE Vector Shape - Group","hd":false},{"ty":"st","c":{"a":0,"k":[1,1,1,1],"ix":3},"o":{"a":0,"k":100,"ix":4},"w":{"a":0,"k":3,"ix":5},"lc":2,"lj":2,"d":[{"n":"d","nm":"trattino","v":{"a":0,"k":10,"ix":1}},{"n":"g","nm":"spazio","v":{"a":0,"k":10,"ix":2}},{"n":"o","nm":"scostamento","v":{"a":0,"k":12,"ix":7}}],"nm":"Traccia 1","mn":"ADBE Vector Graphic - Stroke","hd":false},{"ty":"tr","p":{"a":0,"k":[0,0],"ix":2},"a":{"a":0,"k":[0,0],"ix":1},"s":{"a":0,"k":[100,100],"ix":3},"r":{"a":0,"k":0,"ix":6},"o":{"a":0,"k":100,"ix":7},"sk":{"a":0,"k":0,"ix":4},"sa":{"a":0,"k":0,"ix":5},"nm":"Trasformazione"}],"nm":"Forma 1","np":3,"cix":2,"ix":1,"mn":"ADBE Vector Group","hd":false},{"ty":"tm","s":{"a":0,"k":0,"ix":1},"e":{"a":1,"k":[{"i":{"x":[0.667],"y":[1]},"o":{"x":[0.333],"y":[0]},"n":["0p667_1_0p333_0"],"t":2,"s":[0],"e":[100]},{"i":{"x":[0.833],"y":[0.833]},"o":{"x":[0.167],"y":[0.167]},"n":["0p833_0p833_0p167_0p167"],"t":12,"s":[100],"e":[100]},{"i":{"x":[0.667],"y":[1]},"o":{"x":[0.333],"y":[0]},"n":["0p667_1_0p333_0"],"t":89,"s":[100],"e":[0]},{"t":94.9999917774627}],"ix":2},"o":{"a":0,"k":0,"ix":3},"m":1,"ix":2,"nm":"Taglia tracciati 1","mn":"ADBE Vector Filter - Trim","hd":false}],"ip":0,"op":239.999979227274,"st":0,"bm":0},{"ddd":0,"ind":4,"ty":4,"nm":"maschera big cloud","td":1,"sr":1,"ks":{"o":{"a":0,"k":100,"ix":11},"r":{"a":0,"k":0,"ix":10},"p":{"a":0,"k":[374,711.5,0],"ix":2},"a":{"a":0,"k":[0,0,0],"ix":1},"s":{"a":0,"k":[130.467,132.405,100],"ix":6}},"ao":0,"shapes":[{"ty":"gr","it":[{"ty":"rc","d":1,"s":{"a":0,"k":[82.725,126.211],"ix":2},"p":{"a":0,"k":[0,0],"ix":3},"r":{"a":0,"k":0,"ix":4},"nm":"Tracciato rettangolo 1","mn":"ADBE Vector Shape - Rect","hd":false},{"ty":"fl","c":{"a":0,"k":[1,1,1,1],"ix":4},"o":{"a":0,"k":100,"ix":5},"r":1,"nm":"Riempimento 1","mn":"ADBE Vector Graphic - Fill","hd":false},{"ty":"tr","p":{"a":0,"k":[0.362,-200.395],"ix":2},"a":{"a":0,"k":[0,0],"ix":1},"s":{"a":0,"k":[100,100],"ix":3},"r":{"a":0,"k":0,"ix":6},"o":{"a":0,"k":100,"ix":7},"sk":{"a":0,"k":0,"ix":4},"sa":{"a":0,"k":0,"ix":5},"nm":"Trasformazione"}],"nm":"Rettangolo 1","np":3,"cix":2,"ix":1,"mn":"ADBE Vector Group","hd":false}],"ip":0,"op":239.999979227274,"st":0,"bm":0},{"ddd":0,"ind":5,"ty":4,"nm":"big cloud contorni","tt":2,"sr":1,"ks":{"o":{"a":0,"k":100,"ix":11},"r":{"a":0,"k":0,"ix":10},"p":{"a":1,"k":[{"i":{"x":0.667,"y":1},"o":{"x":0.333,"y":0},"n":"0p667_1_0p333_0","t":0,"s":[515,497,0],"e":[515,487,0],"to":[0,-1.66666662693024,0],"ti":[0,0,0]},{"i":{"x":0.667,"y":1},"o":{"x":0.333,"y":0},"n":"0p667_1_0p333_0","t":48,"s":[515,487,0],"e":[515,497,0],"to":[0,0,0],"ti":[0,-1.66666662693024,0]},{"t":94.9999917774627}],"ix":2},"a":{"a":0,"k":[54.5,13.5,0],"ix":1},"s":{"a":0,"k":[100,100,100],"ix":6}},"ao":0,"shapes":[{"ty":"gr","it":[{"ind":0,"ty":"sh","ix":1,"ks":{"a":0,"k":{"i":[[0,0],[0,0],[0,0],[-10.793,0],[-3.341,-2.443],[-7.326,0],[-3.838,-7.403],[-5.571,0],[0,-10.798],[0,0]],"o":[[0,0],[0,0],[0,-10.826],[4.154,0],[4.208,-5.952],[8.416,0],[3.711,-4.093],[10.793,0],[0,0],[0,0]],"v":[[50.744,13.132],[-51.703,13.132],[-51.703,12.178],[-32.129,-7.434],[-20.567,-3.656],[-2.268,-13.132],[17.64,-1.023],[32.123,-7.434],[51.703,12.15],[51.703,13.104]],"c":true},"ix":2},"nm":"Tracciato 1","mn":"ADBE Vector Shape - Group","hd":false},{"ind":1,"ty":"sh","ix":2,"ks":{"a":0,"k":{"i":[[0.486,-9.317],[0,0],[9.435,0],[3.374,-4.345],[0,0],[0,0],[8.16,0],[3.799,-5.924],[0,0],[0,0],[4.067,0]],"o":[[0,0],[-0.473,-9.311],[-5.489,0],[0,0],[0,0],[-3.266,-7.489],[-7.021,0],[0,0],[0,0],[-3.146,-2.571],[-9.43,0]],"v":[[-49.774,11.223],[49.767,11.223],[32.123,-5.525],[18.174,1.312],[17.187,2.579],[16.544,1.107],[-2.268,-11.223],[-19.542,-1.762],[-20.12,-0.861],[-20.948,-1.538],[-32.129,-5.525]],"c":true},"ix":2},"nm":"Tracciato 2","mn":"ADBE Vector Shape - Group","hd":false},{"ty":"mm","mm":1,"nm":"Unisci tracciati 1","mn":"ADBE Vector Filter - Merge","hd":false},{"ty":"fl","c":{"a":0,"k":[1,1,1,1],"ix":4},"o":{"a":0,"k":100,"ix":5},"r":1,"nm":"Riempimento 1","mn":"ADBE Vector Graphic - Fill","hd":false},{"ty":"tr","p":{"a":0,"k":[52.102,13.674],"ix":2},"a":{"a":0,"k":[0,0],"ix":1},"s":{"a":0,"k":[100,100],"ix":3},"r":{"a":0,"k":0,"ix":6},"o":{"a":0,"k":100,"ix":7},"sk":{"a":0,"k":0,"ix":4},"sa":{"a":0,"k":0,"ix":5},"nm":"Trasformazione"}],"nm":"Gruppo 1","np":4,"cix":2,"ix":1,"mn":"ADBE Vector Group","hd":false}],"ip":0,"op":239.999979227274,"st":0,"bm":0},{"ddd":0,"ind":6,"ty":4,"nm":"maschera small cloud","td":1,"sr":1,"ks":{"o":{"a":0,"k":100,"ix":11},"r":{"a":0,"k":0,"ix":10},"p":{"a":0,"k":[374,711.5,0],"ix":2},"a":{"a":0,"k":[0,0,0],"ix":1},"s":{"a":0,"k":[130.467,132.405,100],"ix":6}},"ao":0,"shapes":[{"ty":"gr","it":[{"ty":"rc","d":1,"s":{"a":0,"k":[82.725,126.211],"ix":2},"p":{"a":0,"k":[0,0],"ix":3},"r":{"a":0,"k":0,"ix":4},"nm":"Tracciato rettangolo 1","mn":"ADBE Vector Shape - Rect","hd":false},{"ty":"fl","c":{"a":0,"k":[1,1,1,1],"ix":4},"o":{"a":0,"k":100,"ix":5},"r":1,"nm":"Riempimento 1","mn":"ADBE Vector Graphic - Fill","hd":false},{"ty":"tr","p":{"a":0,"k":[0.362,-200.395],"ix":2},"a":{"a":0,"k":[0,0],"ix":1},"s":{"a":0,"k":[100,100],"ix":3},"r":{"a":0,"k":0,"ix":6},"o":{"a":0,"k":100,"ix":7},"sk":{"a":0,"k":0,"ix":4},"sa":{"a":0,"k":0,"ix":5},"nm":"Trasformazione"}],"nm":"Rettangolo 1","np":3,"cix":2,"ix":1,"mn":"ADBE Vector Group","hd":false}],"ip":0,"op":239.999979227274,"st":0,"bm":0},{"ddd":0,"ind":7,"ty":4,"nm":"small cloud 2 contorni","tt":2,"sr":1,"ks":{"o":{"a":0,"k":100,"ix":11},"r":{"a":0,"k":0,"ix":10},"p":{"a":1,"k":[{"i":{"x":0.667,"y":1},"o":{"x":0.333,"y":0},"n":"0p667_1_0p333_0","t":0,"s":[267,451,0],"e":[267,461,0],"to":[0,1.66666662693024,0],"ti":[0,0,0]},{"i":{"x":0.667,"y":1},"o":{"x":0.333,"y":0},"n":"0p667_1_0p333_0","t":48,"s":[267,461,0],"e":[267,451,0],"to":[0,0,0],"ti":[0,1.66666662693024,0]},{"t":94.9999917774627}],"ix":2},"a":{"a":0,"k":[30.5,10.5,0],"ix":1},"s":{"a":0,"k":[100,100,100],"ix":6}},"ao":0,"shapes":[{"ty":"gr","it":[{"ind":0,"ty":"sh","ix":1,"ks":{"a":0,"k":{"i":[[0,0],[0,0],[0,0],[-7.384,0],[-2.476,-3.614],[-7.487,0],[0,-10.317]],"o":[[0,0],[0,0],[0,-7.387],[4.478,0],[2.972,-6.718],[10.313,0],[0,0]],"v":[[30.103,9.833],[-30.103,9.833],[-30.103,8.878],[-16.712,-4.518],[-5.697,1.271],[11.398,-9.833],[30.103,8.878]],"c":true},"ix":2},"nm":"Tracciato 1","mn":"ADBE Vector Shape - Group","hd":false},{"ind":1,"ty":"sh","ix":2,"ks":{"a":0,"k":{"i":[[0.487,-5.89],[0,0],[8.941,0],[2.228,-6.996],[0,0],[0,0],[4.439,0]],"o":[[0,0],[-0.496,-8.823],[-7.346,0],[0,0],[0,0],[-1.937,-4.013],[-6.011,0]],"v":[[-28.156,7.924],[28.167,7.924],[11.398,-7.924],[-4.607,3.773],[-5.335,6.057],[-6.376,3.898],[-16.712,-2.609]],"c":true},"ix":2},"nm":"Tracciato 2","mn":"ADBE Vector Shape - Group","hd":false},{"ty":"mm","mm":1,"nm":"Unisci tracciati 1","mn":"ADBE Vector Filter - Merge","hd":false},{"ty":"fl","c":{"a":0,"k":[1,1,1,1],"ix":4},"o":{"a":0,"k":100,"ix":5},"r":1,"nm":"Riempimento 1","mn":"ADBE Vector Graphic - Fill","hd":false},{"ty":"tr","p":{"a":0,"k":[30.107,10.273],"ix":2},"a":{"a":0,"k":[0,0],"ix":1},"s":{"a":0,"k":[100,100],"ix":3},"r":{"a":0,"k":0,"ix":6},"o":{"a":0,"k":100,"ix":7},"sk":{"a":0,"k":0,"ix":4},"sa":{"a":0,"k":0,"ix":5},"nm":"Trasformazione"}],"nm":"Gruppo 1","np":4,"cix":2,"ix":1,"mn":"ADBE Vector Group","hd":false}],"ip":0,"op":239.999979227274,"st":0,"bm":0},{"ddd":0,"ind":8,"ty":4,"nm":"abilitato contorni","sr":1,"ks":{"o":{"a":0,"k":100,"ix":11},"r":{"a":0,"k":0,"ix":10},"p":{"a":0,"k":[375,623,0],"ix":2},"a":{"a":0,"k":[237,124,0],"ix":1},"s":{"a":0,"k":[100,100,100],"ix":6}},"ao":0,"shapes":[{"ty":"gr","it":[{"ind":0,"ty":"sh","ix":1,"ks":{"a":0,"k":{"i":[[0,0],[0,0]],"o":[[0,0],[0,0]],"v":[[240.408,208.057],[240.408,203.066]],"c":false},"ix":2},"nm":"Tracciato 1","mn":"ADBE Vector Shape - Group","hd":false},{"ty":"st","c":{"a":0,"k":[1,1,1,1],"ix":3},"o":{"a":0,"k":100,"ix":4},"w":{"a":0,"k":2,"ix":5},"lc":1,"lj":1,"ml":4,"nm":"Traccia 1","mn":"ADBE Vector Graphic - Stroke","hd":false},{"ty":"tr","p":{"a":0,"k":[0,0],"ix":2},"a":{"a":0,"k":[0,0],"ix":1},"s":{"a":0,"k":[100,100],"ix":3},"r":{"a":0,"k":0,"ix":6},"o":{"a":0,"k":100,"ix":7},"sk":{"a":0,"k":0,"ix":4},"sa":{"a":0,"k":0,"ix":5},"nm":"Trasformazione"}],"nm":"Gruppo 1","np":2,"cix":2,"ix":1,"mn":"ADBE Vector Group","hd":false},{"ty":"gr","it":[{"ind":0,"ty":"sh","ix":1,"ks":{"a":0,"k":{"i":[[-8.584,0],[-2.689,2.005],[-3.361,0],[0,8.65],[2.369,2.824],[2.129,0.959],[7.975,0],[0.807,-7.919],[0,-6.301]],"o":[[3.36,0],[2.691,2.005],[8.584,0],[0,-3.704],[-1.512,-1.802],[-0.774,-7.959],[-7.939,0],[-5.724,2.487],[0,8.65]],"v":[[-9.235,22.083],[-0.001,19.02],[9.235,22.083],[24.802,6.395],[21.128,-3.727],[15.571,-7.938],[0.082,-22.084],[-15.399,-8.01],[-24.802,6.395]],"c":true},"ix":2},"nm":"Tracciato 1","mn":"ADBE Vector Shape - Group","hd":false},{"ind":1,"ty":"sh","ix":2,"ks":{"a":0,"k":{"i":[[0,0],[0,0],[3.256,0],[0,8.047],[-5.487,2.247],[0,0],[0,0],[-7.486,0],[-0.571,-7.552],[0,0],[0,0],[-1.473,-1.756],[0,-3.444],[7.981,0],[2.566,2.021]],"o":[[0,0],[-2.566,2.021],[-7.981,0],[0,-5.966],[0,0],[0,0],[0.601,-7.516],[7.519,0],[0,0],[0,0],[2.094,0.888],[2.202,2.626],[0,8.047],[-3.256,0],[0,0]],"v":[[-0.001,17.637],[-0.339,17.904],[-9.238,20.992],[-23.713,6.399],[-14.681,-7.122],[-14.367,-7.25],[-14.34,-7.59],[0.082,-20.993],[14.509,-7.525],[14.535,-7.188],[14.844,-7.057],[20.296,-3.015],[23.712,6.399],[9.238,20.992],[0.338,17.904]],"c":true},"ix":2},"nm":"Tracciato 2","mn":"ADBE Vector Shape - Group","hd":false},{"ty":"fl","c":{"a":0,"k":[1,1,1,1],"ix":4},"o":{"a":0,"k":100,"ix":5},"r":1,"nm":"Riempimento 1","mn":"ADBE Vector Graphic - Fill","hd":false},{"ty":"tr","p":{"a":0,"k":[281.606,146.108],"ix":2},"a":{"a":0,"k":[0,0],"ix":1},"s":{"a":0,"k":[100,100],"ix":3},"r":{"a":0,"k":0,"ix":6},"o":{"a":0,"k":100,"ix":7},"sk":{"a":0,"k":0,"ix":4},"sa":{"a":0,"k":0,"ix":5},"nm":"Trasformazione"}],"nm":"Gruppo 2","np":3,"cix":2,"ix":2,"mn":"ADBE Vector Group","hd":false},{"ty":"gr","it":[{"ind":0,"ty":"sh","ix":1,"ks":{"a":0,"k":{"i":[[0,0],[0,0],[0,0],[0,0]],"o":[[0,0],[0,0],[0,0],[0,0]],"v":[[4.43,5.112],[5.681,3.673],[-4.429,-5.113],[-5.68,-3.672]],"c":true},"ix":2},"nm":"Tracciato 1","mn":"ADBE Vector Shape - Group","hd":false},{"ty":"fl","c":{"a":0,"k":[1,1,1,1],"ix":4},"o":{"a":0,"k":100,"ix":5},"r":1,"nm":"Riempimento 1","mn":"ADBE Vector Graphic - Fill","hd":false},{"ty":"tr","p":{"a":0,"k":[276.092,155.223],"ix":2},"a":{"a":0,"k":[0,0],"ix":1},"s":{"a":0,"k":[100,100],"ix":3},"r":{"a":0,"k":0,"ix":6},"o":{"a":0,"k":100,"ix":7},"sk":{"a":0,"k":0,"ix":4},"sa":{"a":0,"k":0,"ix":5},"nm":"Trasformazione"}],"nm":"Gruppo 3","np":2,"cix":2,"ix":3,"mn":"ADBE Vector Group","hd":false},{"ty":"gr","it":[{"ind":0,"ty":"sh","ix":1,"ks":{"a":0,"k":{"i":[[0,0],[0,0],[0,0],[0,0]],"o":[[0,0],[0,0],[0,0],[0,0]],"v":[[-6.037,8.178],[7.087,-7.247],[6.038,-8.178],[-7.086,7.247]],"c":true},"ix":2},"nm":"Tracciato 1","mn":"ADBE Vector Shape - Group","hd":false},{"ty":"fl","c":{"a":0,"k":[1,1,1,1],"ix":4},"o":{"a":0,"k":100,"ix":5},"r":1,"nm":"Riempimento 1","mn":"ADBE Vector Graphic - Fill","hd":false},{"ty":"tr","p":{"a":0,"k":[287.513,167.278],"ix":2},"a":{"a":0,"k":[0,0],"ix":1},"s":{"a":0,"k":[100,100],"ix":3},"r":{"a":0,"k":0,"ix":6},"o":{"a":0,"k":100,"ix":7},"sk":{"a":0,"k":0,"ix":4},"sa":{"a":0,"k":0,"ix":5},"nm":"Trasformazione"}],"nm":"Gruppo 4","np":2,"cix":2,"ix":4,"mn":"ADBE Vector Group","hd":false},{"ty":"gr","it":[{"ind":0,"ty":"sh","ix":1,"ks":{"a":0,"k":{"i":[[0,0],[0,0],[0,0],[0,0]],"o":[[0,0],[0,0],[0,0],[0,0]],"v":[[0.953,47.262],[-0.954,47.262],[-0.954,-47.262],[0.953,-47.262]],"c":true},"ix":2},"nm":"Tracciato 1","mn":"ADBE Vector Shape - Group","hd":false},{"ty":"fl","c":{"a":0,"k":[1,1,1,1],"ix":4},"o":{"a":0,"k":100,"ix":5},"r":1,"nm":"Riempimento 1","mn":"ADBE Vector Graphic - Fill","hd":false},{"ty":"tr","p":{"a":0,"k":[281.148,199.846],"ix":2},"a":{"a":0,"k":[0,0],"ix":1},"s":{"a":0,"k":[100,100],"ix":3},"r":{"a":0,"k":0,"ix":6},"o":{"a":0,"k":100,"ix":7},"sk":{"a":0,"k":0,"ix":4},"sa":{"a":0,"k":0,"ix":5},"nm":"Trasformazione"}],"nm":"Gruppo 5","np":2,"cix":2,"ix":5,"mn":"ADBE Vector Group","hd":false},{"ty":"gr","it":[{"ind":0,"ty":"sh","ix":1,"ks":{"a":0,"k":{"i":[[-8.584,0],[-2.691,2.005],[-3.361,0],[0,8.65],[2.369,2.824],[2.13,0.959],[7.975,0],[0.808,-7.919],[0,-6.301]],"o":[[3.36,0],[2.69,2.005],[8.583,0],[0,-3.704],[-1.512,-1.802],[-0.773,-7.959],[-7.939,0],[-5.723,2.487],[0,8.65]],"v":[[-9.235,22.083],[0,19.02],[9.235,22.083],[24.802,6.395],[21.128,-3.727],[15.57,-7.938],[0.082,-22.084],[-15.4,-8.01],[-24.802,6.395]],"c":true},"ix":2},"nm":"Tracciato 1","mn":"ADBE Vector Shape - Group","hd":false},{"ind":1,"ty":"sh","ix":2,"ks":{"a":0,"k":{"i":[[0,0],[0,0],[3.256,0],[0,8.047],[-5.487,2.247],[0,0],[0,0],[-7.486,0],[-0.571,-7.552],[0,0],[0,0],[-1.473,-1.756],[0,-3.444],[7.981,0],[2.566,2.021]],"o":[[0,0],[-2.565,2.021],[-7.981,0],[0,-5.966],[0,0],[0,0],[0.601,-7.516],[7.519,0],[0,0],[0,0],[2.094,0.888],[2.203,2.626],[0,8.047],[-3.257,0],[0,0]],"v":[[0,17.637],[-0.339,17.903],[-9.238,20.992],[-23.712,6.399],[-14.681,-7.122],[-14.367,-7.25],[-14.34,-7.59],[0.082,-20.993],[14.509,-7.525],[14.535,-7.188],[14.844,-7.057],[20.296,-3.015],[23.712,6.399],[9.238,20.992],[0.338,17.903]],"c":true},"ix":2},"nm":"Tracciato 2","mn":"ADBE Vector Shape - Group","hd":false},{"ty":"fl","c":{"a":0,"k":[1,1,1,1],"ix":4},"o":{"a":0,"k":100,"ix":5},"r":1,"nm":"Riempimento 1","mn":"ADBE Vector Graphic - Fill","hd":false},{"ty":"tr","p":{"a":0,"k":[171.211,180.108],"ix":2},"a":{"a":0,"k":[0,0],"ix":1},"s":{"a":0,"k":[100,100],"ix":3},"r":{"a":0,"k":0,"ix":6},"o":{"a":0,"k":100,"ix":7},"sk":{"a":0,"k":0,"ix":4},"sa":{"a":0,"k":0,"ix":5},"nm":"Trasformazione"}],"nm":"Gruppo 6","np":3,"cix":2,"ix":6,"mn":"ADBE Vector Group","hd":false},{"ty":"gr","it":[{"ind":0,"ty":"sh","ix":1,"ks":{"a":0,"k":{"i":[[0,0],[0,0],[0,0],[0,0]],"o":[[0,0],[0,0],[0,0],[0,0]],"v":[[4.43,5.112],[5.68,3.673],[-4.43,-5.113],[-5.68,-3.672]],"c":true},"ix":2},"nm":"Tracciato 1","mn":"ADBE Vector Shape - Group","hd":false},{"ty":"fl","c":{"a":0,"k":[1,1,1,1],"ix":4},"o":{"a":0,"k":100,"ix":5},"r":1,"nm":"Riempimento 1","mn":"ADBE Vector Graphic - Fill","hd":false},{"ty":"tr","p":{"a":0,"k":[165.696,189.223],"ix":2},"a":{"a":0,"k":[0,0],"ix":1},"s":{"a":0,"k":[100,100],"ix":3},"r":{"a":0,"k":0,"ix":6},"o":{"a":0,"k":100,"ix":7},"sk":{"a":0,"k":0,"ix":4},"sa":{"a":0,"k":0,"ix":5},"nm":"Trasformazione"}],"nm":"Gruppo 7","np":2,"cix":2,"ix":7,"mn":"ADBE Vector Group","hd":false},{"ty":"gr","it":[{"ind":0,"ty":"sh","ix":1,"ks":{"a":0,"k":{"i":[[0,0],[0,0],[0,0],[0,0]],"o":[[0,0],[0,0],[0,0],[0,0]],"v":[[-6.037,8.178],[7.087,-7.247],[6.038,-8.178],[-7.087,7.247]],"c":true},"ix":2},"nm":"Tracciato 1","mn":"ADBE Vector Shape - Group","hd":false},{"ty":"fl","c":{"a":0,"k":[1,1,1,1],"ix":4},"o":{"a":0,"k":100,"ix":5},"r":1,"nm":"Riempimento 1","mn":"ADBE Vector Graphic - Fill","hd":false},{"ty":"tr","p":{"a":0,"k":[177.118,201.278],"ix":2},"a":{"a":0,"k":[0,0],"ix":1},"s":{"a":0,"k":[100,100],"ix":3},"r":{"a":0,"k":0,"ix":6},"o":{"a":0,"k":100,"ix":7},"sk":{"a":0,"k":0,"ix":4},"sa":{"a":0,"k":0,"ix":5},"nm":"Trasformazione"}],"nm":"Gruppo 8","np":2,"cix":2,"ix":8,"mn":"ADBE Vector Group","hd":false},{"ty":"gr","it":[{"ind":0,"ty":"sh","ix":1,"ks":{"a":0,"k":{"i":[[0,0],[0,0],[0,0],[0,0]],"o":[[0,0],[0,0],[0,0],[0,0]],"v":[[0.954,30.262],[-0.954,30.262],[-0.954,-30.262],[0.954,-30.262]],"c":true},"ix":2},"nm":"Tracciato 1","mn":"ADBE Vector Shape - Group","hd":false},{"ty":"fl","c":{"a":0,"k":[1,1,1,1],"ix":4},"o":{"a":0,"k":100,"ix":5},"r":1,"nm":"Riempimento 1","mn":"ADBE Vector Graphic - Fill","hd":false},{"ty":"tr","p":{"a":0,"k":[170.752,216.846],"ix":2},"a":{"a":0,"k":[0,0],"ix":1},"s":{"a":0,"k":[100,100],"ix":3},"r":{"a":0,"k":0,"ix":6},"o":{"a":0,"k":100,"ix":7},"sk":{"a":0,"k":0,"ix":4},"sa":{"a":0,"k":0,"ix":5},"nm":"Trasformazione"}],"nm":"Gruppo 9","np":2,"cix":2,"ix":9,"mn":"ADBE Vector Group","hd":false},{"ty":"gr","it":[{"ind":0,"ty":"sh","ix":1,"ks":{"a":0,"k":{"i":[[-0.527,0],[0,0],[0,0.527],[0.526,0],[0,0],[0,-0.527]],"o":[[0,0],[0.526,0],[0,-0.527],[0,0],[-0.527,0],[0,0.527]],"v":[[-4.046,0.954],[4.046,0.954],[5,0],[4.046,-0.954],[-4.046,-0.954],[-5,0]],"c":true},"ix":2},"nm":"Tracciato 1","mn":"ADBE Vector Shape - Group","hd":false},{"ty":"fl","c":{"a":0,"k":[1,1,1,1],"ix":4},"o":{"a":0,"k":100,"ix":5},"r":1,"nm":"Riempimento 1","mn":"ADBE Vector Graphic - Fill","hd":false},{"ty":"tr","p":{"a":1,"k":[{"i":{"x":0.667,"y":1},"o":{"x":0.333,"y":0},"n":"0p667_1_0p333_0","t":0,"s":[419.658,41.479],"e":[424.658,41.479],"to":[0.83333331346512,0],"ti":[0,0]},{"i":{"x":0.667,"y":1},"o":{"x":0.333,"y":0},"n":"0p667_1_0p333_0","t":48,"s":[424.658,41.479],"e":[419.658,41.479],"to":[0,0],"ti":[0.83333331346512,0]},{"t":94.9999917774627}],"ix":2},"a":{"a":0,"k":[0,0],"ix":1},"s":{"a":0,"k":[100,100],"ix":3},"r":{"a":0,"k":0,"ix":6},"o":{"a":0,"k":100,"ix":7},"sk":{"a":0,"k":0,"ix":4},"sa":{"a":0,"k":0,"ix":5},"nm":"Trasformazione"}],"nm":"Gruppo 10","np":2,"cix":2,"ix":10,"mn":"ADBE Vector Group","hd":false},{"ty":"gr","it":[{"ind":0,"ty":"sh","ix":1,"ks":{"a":0,"k":{"i":[[-0.527,0],[0,0],[0,0.527],[0.526,0],[0,0],[0,-0.527]],"o":[[0,0],[0.526,0],[0,-0.527],[0,0],[-0.527,0],[0,0.527]],"v":[[-4.046,0.954],[4.046,0.954],[5,0],[4.046,-0.954],[-4.046,-0.954],[-5,0]],"c":true},"ix":2},"nm":"Tracciato 1","mn":"ADBE Vector Shape - Group","hd":false},{"ty":"fl","c":{"a":0,"k":[1,1,1,1],"ix":4},"o":{"a":0,"k":100,"ix":5},"r":1,"nm":"Riempimento 1","mn":"ADBE Vector Graphic - Fill","hd":false},{"ty":"tr","p":{"a":1,"k":[{"i":{"x":0.667,"y":1},"o":{"x":0.333,"y":0},"n":"0p667_1_0p333_0","t":0,"s":[432.658,47.729],"e":[427.658,47.729],"to":[-0.83333331346512,0],"ti":[0,0]},{"i":{"x":0.667,"y":1},"o":{"x":0.333,"y":0},"n":"0p667_1_0p333_0","t":48,"s":[427.658,47.729],"e":[432.658,47.729],"to":[0,0],"ti":[-0.83333331346512,0]},{"t":94.9999917774627}],"ix":2},"a":{"a":0,"k":[0,0],"ix":1},"s":{"a":0,"k":[100,100],"ix":3},"r":{"a":0,"k":0,"ix":6},"o":{"a":0,"k":100,"ix":7},"sk":{"a":0,"k":0,"ix":4},"sa":{"a":0,"k":0,"ix":5},"nm":"Trasformazione"}],"nm":"Gruppo 11","np":2,"cix":2,"ix":11,"mn":"ADBE Vector Group","hd":false},{"ty":"gr","it":[{"ind":0,"ty":"sh","ix":1,"ks":{"a":0,"k":{"i":[[-0.527,0],[0,0],[0,0.527],[0.527,0],[0,0],[0,-0.527]],"o":[[0,0],[0.527,0],[0,-0.527],[0,0],[-0.527,0],[0,0.527]],"v":[[-4.342,0.954],[3.75,0.954],[4.704,0],[3.75,-0.954],[-4.342,-0.954],[-5.296,0]],"c":true},"ix":2},"nm":"Tracciato 1","mn":"ADBE Vector Shape - Group","hd":false},{"ty":"fl","c":{"a":0,"k":[1,1,1,1],"ix":4},"o":{"a":0,"k":100,"ix":5},"r":1,"nm":"Riempimento 1","mn":"ADBE Vector Graphic - Fill","hd":false},{"ty":"tr","p":{"a":1,"k":[{"i":{"x":0.667,"y":1},"o":{"x":0.333,"y":0},"n":"0p667_1_0p333_0","t":0,"s":[4.704,71.979],"e":[2.204,71.979],"to":[-0.41666665673256,0],"ti":[0,0]},{"i":{"x":0.667,"y":1},"o":{"x":0.333,"y":0},"n":"0p667_1_0p333_0","t":48,"s":[2.204,71.979],"e":[4.704,71.979],"to":[0,0],"ti":[-0.41666665673256,0]},{"t":94.9999917774627}],"ix":2},"a":{"a":0,"k":[0,0],"ix":1},"s":{"a":0,"k":[100,100],"ix":3},"r":{"a":0,"k":0,"ix":6},"o":{"a":0,"k":100,"ix":7},"sk":{"a":0,"k":0,"ix":4},"sa":{"a":0,"k":0,"ix":5},"nm":"Trasformazione"}],"nm":"Gruppo 12","np":2,"cix":2,"ix":12,"mn":"ADBE Vector Group","hd":false},{"ty":"gr","it":[{"ind":0,"ty":"sh","ix":1,"ks":{"a":0,"k":{"i":[[-0.527,0],[0,0],[0,0.527],[0.526,0],[0,0],[0,-0.527]],"o":[[0,0],[0.526,0],[0,-0.527],[0,0],[-0.527,0],[0,0.527]],"v":[[-6.405,0.954],[6.405,0.954],[7.359,0],[6.405,-0.954],[-6.405,-0.954],[-7.359,0]],"c":true},"ix":2},"nm":"Tracciato 1","mn":"ADBE Vector Shape - Group","hd":false},{"ty":"fl","c":{"a":0,"k":[1,1,1,1],"ix":4},"o":{"a":0,"k":100,"ix":5},"r":1,"nm":"Riempimento 1","mn":"ADBE Vector Graphic - Fill","hd":false},{"ty":"tr","p":{"a":1,"k":[{"i":{"x":0.667,"y":1},"o":{"x":0.333,"y":0},"n":"0p667_1_0p333_0","t":0,"s":[11.767,62.979],"e":[14.267,62.979],"to":[0.41666665673256,0],"ti":[0,0]},{"i":{"x":0.667,"y":1},"o":{"x":0.333,"y":0},"n":"0p667_1_0p333_0","t":48,"s":[14.267,62.979],"e":[11.767,62.979],"to":[0,0],"ti":[0.41666665673256,0]},{"t":94.9999917774627}],"ix":2},"a":{"a":0,"k":[0,0],"ix":1},"s":{"a":0,"k":[100,100],"ix":3},"r":{"a":0,"k":0,"ix":6},"o":{"a":0,"k":100,"ix":7},"sk":{"a":0,"k":0,"ix":4},"sa":{"a":0,"k":0,"ix":5},"nm":"Trasformazione"}],"nm":"Gruppo 13","np":2,"cix":2,"ix":13,"mn":"ADBE Vector Group","hd":false},{"ty":"gr","it":[{"ind":0,"ty":"sh","ix":1,"ks":{"a":0,"k":{"i":[[0,0],[0,0],[-0.259,0.26],[-0.258,-0.259],[0,0],[0,0],[-0.26,-0.259],[0.259,-0.259],[0,0],[0,0],[0.259,-0.259],[0.17,0],[0.129,0.131],[0,0],[0,0],[0.17,0],[0.129,0.131],[-0.259,0.259]],"o":[[0,0],[-0.259,-0.259],[0.259,-0.259],[0,0],[0,0],[0.258,-0.259],[0.259,0.26],[0,0],[0,0],[0.259,0.259],[-0.129,0.131],[-0.17,0],[0,0],[0,0],[-0.129,0.131],[-0.17,0],[-0.259,-0.259],[0,0]],"v":[[-0.938,0.033],[-1.806,-0.835],[-1.806,-1.774],[-0.869,-1.774],[-0.001,-0.905],[0.868,-1.774],[1.805,-1.774],[1.805,-0.835],[0.938,0.033],[1.805,0.901],[1.805,1.838],[1.336,2.033],[0.868,1.838],[-0.001,0.971],[-0.869,1.838],[-1.337,2.033],[-1.806,1.838],[-1.806,0.901]],"c":true},"ix":2},"nm":"Tracciato 1","mn":"ADBE Vector Shape - Group","hd":false},{"ty":"fl","c":{"a":0,"k":[1,1,1,1],"ix":4},"o":{"a":0,"k":100,"ix":5},"r":1,"nm":"Riempimento 1","mn":"ADBE Vector Graphic - Fill","hd":false},{"ty":"tr","p":{"a":0,"k":[459.08,37.006],"ix":2},"a":{"a":0,"k":[0,0],"ix":1},"s":{"a":0,"k":[100,100],"ix":3},"r":{"a":0,"k":0,"ix":6},"o":{"a":0,"k":100,"ix":7},"sk":{"a":0,"k":0,"ix":4},"sa":{"a":0,"k":0,"ix":5},"nm":"Trasformazione"}],"nm":"Gruppo 14","np":2,"cix":2,"ix":14,"mn":"ADBE Vector Group","hd":false},{"ty":"gr","it":[{"ind":0,"ty":"sh","ix":1,"ks":{"a":0,"k":{"i":[[0,0],[0,0],[-0.259,0.26],[-0.259,-0.259],[0,0],[0,0],[-0.26,-0.259],[0.259,-0.259],[0,0],[0,0],[0.258,-0.259],[0.17,0],[0.129,0.131],[0,0],[0,0],[0.17,0],[0.13,0.131],[-0.259,0.259]],"o":[[0,0],[-0.259,-0.259],[0.26,-0.259],[0,0],[0,0],[0.259,-0.259],[0.259,0.26],[0,0],[0,0],[0.258,0.259],[-0.13,0.131],[-0.169,0],[0,0],[0,0],[-0.129,0.131],[-0.169,0],[-0.259,-0.259],[0,0]],"v":[[-0.938,0.012],[-1.806,-0.855],[-1.806,-1.794],[-0.868,-1.794],[0,-0.925],[0.868,-1.794],[1.806,-1.794],[1.806,-0.855],[0.938,0.012],[1.806,0.88],[1.806,1.817],[1.336,2.012],[0.868,1.817],[0,0.95],[-0.868,1.817],[-1.337,2.012],[-1.806,1.817],[-1.806,0.88]],"c":true},"ix":2},"nm":"Tracciato 1","mn":"ADBE Vector Shape - Group","hd":false},{"ty":"fl","c":{"a":0,"k":[1,1,1,1],"ix":4},"o":{"a":0,"k":100,"ix":5},"r":1,"nm":"Riempimento 1","mn":"ADBE Vector Graphic - Fill","hd":false},{"ty":"tr","p":{"a":0,"k":[56.408,2.012],"ix":2},"a":{"a":0,"k":[0,0],"ix":1},"s":{"a":0,"k":[100,100],"ix":3},"r":{"a":0,"k":0,"ix":6},"o":{"a":0,"k":100,"ix":7},"sk":{"a":0,"k":0,"ix":4},"sa":{"a":0,"k":0,"ix":5},"nm":"Trasformazione"}],"nm":"Gruppo 15","np":2,"cix":2,"ix":15,"mn":"ADBE Vector Group","hd":false},{"ty":"gr","it":[{"ind":0,"ty":"sh","ix":1,"ks":{"a":0,"k":{"i":[[0,0],[0,0],[0,0],[0,0]],"o":[[0,0],[0,0],[0,0],[0,0]],"v":[[-1.225,32.736],[1.225,32.736],[1.225,-32.737],[-1.225,-32.737]],"c":true},"ix":2},"nm":"Tracciato 1","mn":"ADBE Vector Shape - Group","hd":false},{"ty":"fl","c":{"a":0,"k":[1,1,1,1],"ix":4},"o":{"a":0,"k":100,"ix":5},"r":1,"nm":"Riempimento 1","mn":"ADBE Vector Graphic - Fill","hd":false},{"ty":"tr","p":{"a":0,"k":[130.338,207.349],"ix":2},"a":{"a":0,"k":[0,0],"ix":1},"s":{"a":0,"k":[100,100],"ix":3},"r":{"a":0,"k":0,"ix":6},"o":{"a":0,"k":100,"ix":7},"sk":{"a":0,"k":0,"ix":4},"sa":{"a":0,"k":0,"ix":5},"nm":"Trasformazione"}],"nm":"Gruppo 16","np":2,"cix":2,"ix":16,"mn":"ADBE Vector Group","hd":false},{"ty":"gr","it":[{"ind":0,"ty":"sh","ix":1,"ks":{"a":0,"k":{"i":[[0,0],[0,0],[0,0],[0,0],[0,0],[0,0]],"o":[[0,0],[0,0],[0,0],[0,0],[0,0],[0,0]],"v":[[21.717,15.436],[19.268,15.436],[19.268,-12.965],[-21.717,-12.965],[-21.717,-15.436],[21.717,-15.436]],"c":true},"ix":2},"nm":"Tracciato 1","mn":"ADBE Vector Shape - Group","hd":false},{"ty":"fl","c":{"a":0,"k":[1,1,1,1],"ix":4},"o":{"a":0,"k":100,"ix":5},"r":1,"nm":"Riempimento 1","mn":"ADBE Vector Graphic - Fill","hd":false},{"ty":"tr","p":{"a":0,"k":[84.352,143.461],"ix":2},"a":{"a":0,"k":[0,0],"ix":1},"s":{"a":0,"k":[100,100],"ix":3},"r":{"a":0,"k":0,"ix":6},"o":{"a":0,"k":100,"ix":7},"sk":{"a":0,"k":0,"ix":4},"sa":{"a":0,"k":0,"ix":5},"nm":"Trasformazione"}],"nm":"Gruppo 17","np":2,"cix":2,"ix":17,"mn":"ADBE Vector Group","hd":false},{"ty":"gr","it":[{"ind":0,"ty":"sh","ix":1,"ks":{"a":0,"k":{"i":[[0,0],[0,0],[0,0],[0,0]],"o":[[0,0],[0,0],[0,0],[0,0]],"v":[[-1.225,38.398],[1.225,38.398],[1.225,-38.398],[-1.225,-38.398]],"c":true},"ix":2},"nm":"Tracciato 1","mn":"ADBE Vector Shape - Group","hd":false},{"ty":"fl","c":{"a":0,"k":[1,1,1,1],"ix":4},"o":{"a":0,"k":100,"ix":5},"r":1,"nm":"Riempimento 1","mn":"ADBE Vector Graphic - Fill","hd":false},{"ty":"tr","p":{"a":0,"k":[42.867,143.128],"ix":2},"a":{"a":0,"k":[0,0],"ix":1},"s":{"a":0,"k":[100,100],"ix":3},"r":{"a":0,"k":0,"ix":6},"o":{"a":0,"k":100,"ix":7},"sk":{"a":0,"k":0,"ix":4},"sa":{"a":0,"k":0,"ix":5},"nm":"Trasformazione"}],"nm":"Gruppo 18","np":2,"cix":2,"ix":18,"mn":"ADBE Vector Group","hd":false},{"ty":"gr","it":[{"ind":0,"ty":"sh","ix":1,"ks":{"a":0,"k":{"i":[[0,0],[0,0],[0,0],[0,0]],"o":[[0,0],[0,0],[0,0],[0,0]],"v":[[-1.225,5.991],[1.225,5.991],[1.225,-5.991],[-1.225,-5.991]],"c":true},"ix":2},"nm":"Tracciato 1","mn":"ADBE Vector Shape - Group","hd":false},{"ty":"fl","c":{"a":0,"k":[1,1,1,1],"ix":4},"o":{"a":0,"k":100,"ix":5},"r":1,"nm":"Riempimento 1","mn":"ADBE Vector Graphic - Fill","hd":false},{"ty":"tr","p":{"a":0,"k":[30.971,99.427],"ix":2},"a":{"a":0,"k":[0,0],"ix":1},"s":{"a":0,"k":[100,100],"ix":3},"r":{"a":0,"k":0,"ix":6},"o":{"a":0,"k":100,"ix":7},"sk":{"a":0,"k":0,"ix":4},"sa":{"a":0,"k":0,"ix":5},"nm":"Trasformazione"}],"nm":"Gruppo 19","np":2,"cix":2,"ix":19,"mn":"ADBE Vector Group","hd":false},{"ty":"gr","it":[{"ind":0,"ty":"sh","ix":1,"ks":{"a":0,"k":{"i":[[0,0],[0,0],[0,0],[0,0]],"o":[[0,0],[0,0],[0,0],[0,0]],"v":[[-1.225,5.991],[1.225,5.991],[1.225,-5.991],[-1.225,-5.991]],"c":true},"ix":2},"nm":"Tracciato 1","mn":"ADBE Vector Shape - Group","hd":false},{"ty":"fl","c":{"a":0,"k":[1,1,1,1],"ix":4},"o":{"a":0,"k":100,"ix":5},"r":1,"nm":"Riempimento 1","mn":"ADBE Vector Graphic - Fill","hd":false},{"ty":"tr","p":{"a":0,"k":[54.062,99.427],"ix":2},"a":{"a":0,"k":[0,0],"ix":1},"s":{"a":0,"k":[100,100],"ix":3},"r":{"a":0,"k":0,"ix":6},"o":{"a":0,"k":100,"ix":7},"sk":{"a":0,"k":0,"ix":4},"sa":{"a":0,"k":0,"ix":5},"nm":"Trasformazione"}],"nm":"Gruppo 20","np":2,"cix":2,"ix":20,"mn":"ADBE Vector Group","hd":false},{"ty":"gr","it":[{"ind":0,"ty":"sh","ix":1,"ks":{"a":0,"k":{"i":[[0,0],[0,0],[0,0],[0,0],[0,0],[0,0],[0,0]],"o":[[0,0],[0,0],[0,0],[0,0],[0,0],[0,0],[0,0]],"v":[[-187.145,7.263],[-187.152,7.263],[-222.714,7.034],[-222.714,-7.263],[69.123,-7.263],[69.123,7.184],[67.898,7.185]],"c":true},"ix":2},"nm":"Tracciato 1","mn":"ADBE Vector Shape - Group","hd":false},{"ind":1,"ty":"sh","ix":2,"ks":{"a":0,"k":{"i":[[0,0],[0,0],[0,0],[0,0],[0,0]],"o":[[0,0],[0,0],[0,0],[0,0],[0,0]],"v":[[-220.265,4.578],[-187.145,4.792],[66.673,4.716],[66.673,-4.793],[-220.265,-4.793]],"c":true},"ix":2},"nm":"Tracciato 2","mn":"ADBE Vector Shape - Group","hd":false},{"ty":"fl","c":{"a":0,"k":[1,1,1,1],"ix":4},"o":{"a":0,"k":100,"ix":5},"r":1,"nm":"Riempimento 1","mn":"ADBE Vector Graphic - Fill","hd":false},{"ty":"tr","p":{"a":0,"k":[69.123,99.288],"ix":2},"a":{"a":0,"k":[0,0],"ix":1},"s":{"a":0,"k":[100,100],"ix":3},"r":{"a":0,"k":0,"ix":6},"o":{"a":0,"k":100,"ix":7},"sk":{"a":0,"k":0,"ix":4},"sa":{"a":0,"k":0,"ix":5},"nm":"Trasformazione"}],"nm":"Gruppo 21","np":3,"cix":2,"ix":21,"mn":"ADBE Vector Group","hd":false},{"ty":"gr","it":[{"ind":0,"ty":"sh","ix":1,"ks":{"a":0,"k":{"i":[[0,0],[0,0],[0,0],[0,0],[0,0],[0,0],[0,0],[0,0]],"o":[[0,0],[0,0],[0,0],[0,0],[0,0],[0,0],[0,0],[0,0]],"v":[[-220.87,4.153],[-223.319,4.153],[-223.319,-4.154],[69.728,-4.154],[69.728,4.122],[67.278,4.122],[67.278,-1.683],[-220.87,-1.683]],"c":true},"ix":2},"nm":"Tracciato 1","mn":"ADBE Vector Shape - Group","hd":false},{"ty":"fl","c":{"a":0,"k":[1,1,1,1],"ix":4},"o":{"a":0,"k":100,"ix":5},"r":1,"nm":"Riempimento 1","mn":"ADBE Vector Graphic - Fill","hd":false},{"ty":"tr","p":{"a":0,"k":[69.728,243.707],"ix":2},"a":{"a":0,"k":[0,0],"ix":1},"s":{"a":0,"k":[100,100],"ix":3},"r":{"a":0,"k":0,"ix":6},"o":{"a":0,"k":100,"ix":7},"sk":{"a":0,"k":0,"ix":4},"sa":{"a":0,"k":0,"ix":5},"nm":"Trasformazione"}],"nm":"Gruppo 22","np":2,"cix":2,"ix":22,"mn":"ADBE Vector Group","hd":false},{"ty":"gr","it":[{"ind":0,"ty":"sh","ix":1,"ks":{"a":0,"k":{"i":[[0,0],[0,0],[0,0],[0,0]],"o":[[0,0],[0,0],[0,0],[0,0]],"v":[[-62.024,1.236],[56.782,1.236],[56.782,-1.235],[-62.024,-1.235]],"c":true},"ix":2},"nm":"Tracciato 1","mn":"ADBE Vector Shape - Group","hd":false},{"ty":"fl","c":{"a":0,"k":[1,1,1,1],"ix":4},"o":{"a":0,"k":100,"ix":5},"r":1,"nm":"Riempimento 1","mn":"ADBE Vector Graphic - Fill","hd":false},{"ty":"tr","p":{"a":0,"k":[56.782,204.082],"ix":2},"a":{"a":0,"k":[0,0],"ix":1},"s":{"a":0,"k":[100,100],"ix":3},"r":{"a":0,"k":0,"ix":6},"o":{"a":0,"k":100,"ix":7},"sk":{"a":0,"k":0,"ix":4},"sa":{"a":0,"k":0,"ix":5},"nm":"Trasformazione"}],"nm":"Gruppo 23","np":2,"cix":2,"ix":23,"mn":"ADBE Vector Group","hd":false},{"ty":"gr","it":[{"ind":0,"ty":"sh","ix":1,"ks":{"a":0,"k":{"i":[[0,0],[0,0],[0,0],[0,0]],"o":[[0,0],[0,0],[0,0],[0,0]],"v":[[-1.225,29.318],[1.225,29.318],[1.225,-29.318],[-1.225,-29.318]],"c":true},"ix":2},"nm":"Tracciato 1","mn":"ADBE Vector Shape - Group","hd":false},{"ty":"fl","c":{"a":0,"k":[1,1,1,1],"ix":4},"o":{"a":0,"k":100,"ix":5},"r":1,"nm":"Riempimento 1","mn":"ADBE Vector Graphic - Fill","hd":false},{"ty":"tr","p":{"a":0,"k":[91.15,210.99],"ix":2},"a":{"a":0,"k":[0,0],"ix":1},"s":{"a":0,"k":[100,100],"ix":3},"r":{"a":0,"k":0,"ix":6},"o":{"a":0,"k":100,"ix":7},"sk":{"a":0,"k":0,"ix":4},"sa":{"a":0,"k":0,"ix":5},"nm":"Trasformazione"}],"nm":"Gruppo 24","np":2,"cix":2,"ix":24,"mn":"ADBE Vector Group","hd":false},{"ty":"gr","it":[{"ind":0,"ty":"sh","ix":1,"ks":{"a":0,"k":{"i":[[0,0],[0,0],[0,0],[0,0],[0,0],[0,0],[0,0],[0,0]],"o":[[0,0],[0,0],[0,0],[0,0],[0,0],[0,0],[0,0],[0,0]],"v":[[57.394,30.251],[54.945,30.251],[54.945,-27.78],[-61.587,-27.78],[-61.587,29.183],[-64.036,29.183],[-64.036,-30.251],[57.394,-30.251]],"c":true},"ix":2},"nm":"Tracciato 1","mn":"ADBE Vector Shape - Group","hd":false},{"ty":"fl","c":{"a":0,"k":[1,1,1,1],"ix":4},"o":{"a":0,"k":100,"ix":5},"r":1,"nm":"Riempimento 1","mn":"ADBE Vector Graphic - Fill","hd":false},{"ty":"tr","p":{"a":0,"k":[57.394,211.217],"ix":2},"a":{"a":0,"k":[0,0],"ix":1},"s":{"a":0,"k":[100,100],"ix":3},"r":{"a":0,"k":0,"ix":6},"o":{"a":0,"k":100,"ix":7},"sk":{"a":0,"k":0,"ix":4},"sa":{"a":0,"k":0,"ix":5},"nm":"Trasformazione"}],"nm":"Gruppo 25","np":2,"cix":2,"ix":25,"mn":"ADBE Vector Group","hd":false},{"ty":"gr","it":[{"ind":0,"ty":"sh","ix":1,"ks":{"a":0,"k":{"i":[[0,0],[0,0],[0,0],[0,0],[0,0],[0,0],[0,0],[0,0]],"o":[[0,0],[0,0],[0,0],[0,0],[0,0],[0,0],[0,0],[0,0]],"v":[[26.276,19.978],[23.827,19.978],[23.827,-17.507],[-23.827,-17.507],[-23.827,19.978],[-26.276,19.978],[-26.276,-19.978],[26.276,-19.978]],"c":true},"ix":2},"nm":"Tracciato 1","mn":"ADBE Vector Shape - Group","hd":false},{"ty":"fl","c":{"a":0,"k":[1,1,1,1],"ix":4},"o":{"a":0,"k":100,"ix":5},"r":1,"nm":"Riempimento 1","mn":"ADBE Vector Graphic - Fill","hd":false},{"ty":"tr","p":{"a":0,"k":[86.812,139.532],"ix":2},"a":{"a":0,"k":[0,0],"ix":1},"s":{"a":0,"k":[100,100],"ix":3},"r":{"a":0,"k":0,"ix":6},"o":{"a":0,"k":100,"ix":7},"sk":{"a":0,"k":0,"ix":4},"sa":{"a":0,"k":0,"ix":5},"nm":"Trasformazione"}],"nm":"Gruppo 26","np":2,"cix":2,"ix":26,"mn":"ADBE Vector Group","hd":false},{"ty":"gr","it":[{"ind":0,"ty":"sh","ix":1,"ks":{"a":0,"k":{"i":[[0,0],[0,0],[0,0],[0,0],[0,0],[0,0],[0,0],[0,0]],"o":[[0,0],[0,0],[0,0],[0,0],[0,0],[0,0],[0,0],[0,0]],"v":[[49.973,8.634],[-49.974,8.634],[-49.974,6.163],[47.524,6.163],[47.524,-6.163],[38.189,-6.163],[38.189,-8.634],[49.973,-8.634]],"c":true},"ix":2},"nm":"Tracciato 1","mn":"ADBE Vector Shape - Group","hd":false},{"ty":"fl","c":{"a":0,"k":[1,1,1,1],"ix":4},"o":{"a":0,"k":100,"ix":5},"r":1,"nm":"Riempimento 1","mn":"ADBE Vector Graphic - Fill","hd":false},{"ty":"tr","p":{"a":0,"k":[92.316,167.01],"ix":2},"a":{"a":0,"k":[0,0],"ix":1},"s":{"a":0,"k":[100,100],"ix":3},"r":{"a":0,"k":0,"ix":6},"o":{"a":0,"k":100,"ix":7},"sk":{"a":0,"k":0,"ix":4},"sa":{"a":0,"k":0,"ix":5},"nm":"Trasformazione"}],"nm":"Gruppo 27","np":2,"cix":2,"ix":27,"mn":"ADBE Vector Group","hd":false},{"ty":"gr","it":[{"ind":0,"ty":"sh","ix":1,"ks":{"a":0,"k":{"i":[[0,0],[0,0],[0,0],[0,0],[0,0],[0,0]],"o":[[0,0],[0,0],[0,0],[0,0],[0,0],[0,0]],"v":[[44.166,27.638],[-44.166,27.638],[-44.166,25.167],[41.717,25.167],[41.717,-27.637],[44.166,-27.637]],"c":true},"ix":2},"nm":"Tracciato 1","mn":"ADBE Vector Shape - Group","hd":false},{"ty":"fl","c":{"a":0,"k":[1,1,1,1],"ix":4},"o":{"a":0,"k":100,"ix":5},"r":1,"nm":"Riempimento 1","mn":"ADBE Vector Graphic - Fill","hd":false},{"ty":"tr","p":{"a":0,"k":[87.207,133.073],"ix":2},"a":{"a":0,"k":[0,0],"ix":1},"s":{"a":0,"k":[100,100],"ix":3},"r":{"a":0,"k":0,"ix":6},"o":{"a":0,"k":100,"ix":7},"sk":{"a":0,"k":0,"ix":4},"sa":{"a":0,"k":0,"ix":5},"nm":"Trasformazione"}],"nm":"Gruppo 28","np":2,"cix":2,"ix":28,"mn":"ADBE Vector Group","hd":false},{"ty":"gr","it":[{"ind":0,"ty":"sh","ix":1,"ks":{"a":0,"k":{"i":[[0,0],[0,0],[0,0],[0,0],[0,0],[0,0],[0,0],[0,0],[0,0],[0,0],[0,0],[0,0],[0,0],[-2.37,0.417],[0,0],[0,0],[0,0],[0,0],[0.105,-0.288],[0,0],[0,0],[0,0],[0,0]],"o":[[0,0],[0,0],[0,0],[0,0],[0,0],[0,0],[0,0],[0,0],[0,0],[0,0],[0,0],[0,0],[0.873,-2.08],[0,0],[0,0],[0,0],[0,0],[-3.842,1.221],[0,0],[0,0],[0,0],[0,0],[0,0]],"v":[[6.663,10.523],[5.919,0.764],[7.032,-2.35],[4.756,-6.764],[3.214,-5.921],[5.121,-2.216],[4.147,0.512],[4.771,8.706],[-2.615,8.635],[-0.744,-1.841],[-3.364,-0.694],[-4.123,-0.076],[-4.916,-0.671],[0.404,-7.04],[0.943,-7.137],[1.762,-10.016],[0.085,-10.522],[-0.44,-8.677],[-6.798,-0.676],[-7.032,-0.035],[-4.078,2.182],[-3.1,1.383],[-4.712,10.413]],"c":true},"ix":2},"nm":"Tracciato 1","mn":"ADBE Vector Shape - Group","hd":false},{"ty":"fl","c":{"a":0,"k":[1,1,1,1],"ix":4},"o":{"a":0,"k":100,"ix":5},"r":1,"nm":"Riempimento 1","mn":"ADBE Vector Graphic - Fill","hd":false},{"ty":"tr","p":{"a":0,"k":[225.214,210.756],"ix":2},"a":{"a":0,"k":[0,0],"ix":1},"s":{"a":0,"k":[100,100],"ix":3},"r":{"a":0,"k":0,"ix":6},"o":{"a":0,"k":100,"ix":7},"sk":{"a":0,"k":0,"ix":4},"sa":{"a":0,"k":0,"ix":5},"nm":"Trasformazione"}],"nm":"Gruppo 29","np":2,"cix":2,"ix":29,"mn":"ADBE Vector Group","hd":false},{"ty":"gr","it":[{"ind":0,"ty":"sh","ix":1,"ks":{"a":0,"k":{"i":[[-0.04,-0.075],[0,0],[0,0],[0,0],[0.07,1.374],[0,0]],"o":[[0,0],[0,0],[0,0],[-0.005,-0.015],[0,0],[0.095,1.787]],"v":[[-0.234,1.865],[1.298,1.003],[0.529,1.434],[1.298,1.005],[0.449,-1.865],[-1.298,-1.769]],"c":true},"ix":2},"nm":"Tracciato 1","mn":"ADBE Vector Shape - Group","hd":false},{"ty":"fl","c":{"a":0,"k":[1,1,1,1],"ix":4},"o":{"a":0,"k":100,"ix":5},"r":1,"nm":"Riempimento 1","mn":"ADBE Vector Graphic - Fill","hd":false},{"ty":"tr","p":{"a":0,"k":[228.668,202.979],"ix":2},"a":{"a":0,"k":[0,0],"ix":1},"s":{"a":0,"k":[100,100],"ix":3},"r":{"a":0,"k":0,"ix":6},"o":{"a":0,"k":100,"ix":7},"sk":{"a":0,"k":0,"ix":4},"sa":{"a":0,"k":0,"ix":5},"nm":"Trasformazione"}],"nm":"Gruppo 30","np":2,"cix":2,"ix":30,"mn":"ADBE Vector Group","hd":false},{"ty":"gr","it":[{"ind":0,"ty":"sh","ix":1,"ks":{"a":0,"k":{"i":[[0,0],[0,0],[0,0],[0,0],[0,0],[0,0],[-0.094,3.493],[0,0],[0,0],[0.199,0.747],[-0.18,0.851],[0,0],[0,0],[0,0],[-0.295,-1.119],[-0.653,-0.802],[0,0],[0,0],[-0.33,-1.125]],"o":[[0,0],[0,0],[0,0],[0,0],[0,0],[-0.03,-0.088],[0,0],[0,0],[-0.479,-0.595],[-0.22,-0.839],[0,0],[0,0],[0,0],[-0.245,1.146],[0.269,1.009],[0,0],[0,0],[0.06,3.743],[0,0]],"v":[[1.772,14.198],[7.452,14.198],[7.452,12.4],[3.519,12.4],[3.519,11.367],[3.484,11.239],[0.963,-1.146],[0.973,-1.519],[-4.422,-7.376],[-5.445,-9.4],[-5.505,-11.982],[-5.086,-13.781],[-6.788,-14.198],[-7.207,-12.385],[-7.132,-8.928],[-5.745,-6.2],[-5.71,-6.159],[-0.784,-0.813],[1.772,11.634]],"c":true},"ix":2},"nm":"Tracciato 1","mn":"ADBE Vector Shape - Group","hd":false},{"ty":"fl","c":{"a":0,"k":[1,1,1,1],"ix":4},"o":{"a":0,"k":100,"ix":5},"r":1,"nm":"Riempimento 1","mn":"ADBE Vector Graphic - Fill","hd":false},{"ty":"tr","p":{"a":0,"k":[227.964,233.778],"ix":2},"a":{"a":0,"k":[0,0],"ix":1},"s":{"a":0,"k":[100,100],"ix":3},"r":{"a":0,"k":0,"ix":6},"o":{"a":0,"k":100,"ix":7},"sk":{"a":0,"k":0,"ix":4},"sa":{"a":0,"k":0,"ix":5},"nm":"Trasformazione"}],"nm":"Gruppo 31","np":2,"cix":2,"ix":31,"mn":"ADBE Vector Group","hd":false},{"ty":"gr","it":[{"ind":0,"ty":"sh","ix":1,"ks":{"a":0,"k":{"i":[[0,0],[0,0],[0,0],[0,0],[0,0],[0,0]],"o":[[0,0],[0,0],[0,0],[0,0],[0,0],[0,0]],"v":[[0.759,13.195],[2.501,13.109],[1.827,-1.019],[-0.793,-13.196],[-2.5,-12.806],[0.11,-0.704]],"c":true},"ix":2},"nm":"Tracciato 1","mn":"ADBE Vector Shape - Group","hd":false},{"ty":"fl","c":{"a":0,"k":[1,1,1,1],"ix":4},"o":{"a":0,"k":100,"ix":5},"r":1,"nm":"Riempimento 1","mn":"ADBE Vector Graphic - Fill","hd":false},{"ty":"tr","p":{"a":0,"k":[231.248,233.357],"ix":2},"a":{"a":0,"k":[0,0],"ix":1},"s":{"a":0,"k":[100,100],"ix":3},"r":{"a":0,"k":0,"ix":6},"o":{"a":0,"k":100,"ix":7},"sk":{"a":0,"k":0,"ix":4},"sa":{"a":0,"k":0,"ix":5},"nm":"Trasformazione"}],"nm":"Gruppo 32","np":2,"cix":2,"ix":32,"mn":"ADBE Vector Group","hd":false},{"ty":"gr","it":[{"ind":0,"ty":"sh","ix":1,"ks":{"a":0,"k":{"i":[[0,0],[0,0],[0,0],[0,0],[0,0],[0,0],[0,0],[0,0]],"o":[[0,0],[0,0],[0,0],[0,0],[0,0],[0,0],[0,0],[0,0]],"v":[[4.779,-1.954],[2.796,-1.671],[1.786,-0.661],[-5.079,0.194],[-4.81,1.954],[2.645,1.024],[3.665,0.003],[5.079,-0.199]],"c":true},"ix":2},"nm":"Tracciato 1","mn":"ADBE Vector Shape - Group","hd":false},{"ty":"fl","c":{"a":0,"k":[1,1,1,1],"ix":4},"o":{"a":0,"k":100,"ix":5},"r":1,"nm":"Riempimento 1","mn":"ADBE Vector Graphic - Fill","hd":false},{"ty":"tr","p":{"a":0,"k":[235.425,208.014],"ix":2},"a":{"a":0,"k":[0,0],"ix":1},"s":{"a":0,"k":[100,100],"ix":3},"r":{"a":0,"k":0,"ix":6},"o":{"a":0,"k":100,"ix":7},"sk":{"a":0,"k":0,"ix":4},"sa":{"a":0,"k":0,"ix":5},"nm":"Trasformazione"}],"nm":"Gruppo 33","np":2,"cix":2,"ix":33,"mn":"ADBE Vector Group","hd":false},{"ty":"gr","it":[{"ind":0,"ty":"sh","ix":1,"ks":{"a":0,"k":{"i":[[0,0],[0,0],[0,0],[0,0],[0,0],[0,0],[0,0],[0,0]],"o":[[0,0],[0,0],[0,0],[0,0],[0,0],[0,0],[0,0],[0,0]],"v":[[0.486,6.073],[1.355,4.344],[0.382,-3.177],[1.42,-5.247],[-0.133,-6.072],[-1.42,-3.5],[-0.452,4.021],[-1.066,5.25]],"c":true},"ix":2},"nm":"Tracciato 1","mn":"ADBE Vector Shape - Group","hd":false},{"ty":"fl","c":{"a":0,"k":[1,1,1,1],"ix":4},"o":{"a":0,"k":100,"ix":5},"r":1,"nm":"Riempimento 1","mn":"ADBE Vector Graphic - Fill","hd":false},{"ty":"tr","p":{"a":0,"k":[218.589,216.056],"ix":2},"a":{"a":0,"k":[0,0],"ix":1},"s":{"a":0,"k":[100,100],"ix":3},"r":{"a":0,"k":0,"ix":6},"o":{"a":0,"k":100,"ix":7},"sk":{"a":0,"k":0,"ix":4},"sa":{"a":0,"k":0,"ix":5},"nm":"Trasformazione"}],"nm":"Gruppo 34","np":2,"cix":2,"ix":34,"mn":"ADBE Vector Group","hd":false},{"ty":"gr","it":[{"ind":0,"ty":"sh","ix":1,"ks":{"a":0,"k":{"i":[[0,0],[0,0],[0,0],[0,0],[0,0],[0,0],[2.016,-0.636],[0.459,-1.093],[-0.339,-1.158],[-0.529,-0.657]],"o":[[0,0],[0,0],[0,0],[0,0],[0,0],[-0.733,-2.408],[-0.964,0.301],[-0.459,1.079],[0.219,0.74],[0,0]],"v":[[-1.357,4.938],[-0.993,3.16],[0.504,0.244],[3.345,0.244],[3.993,-0.562],[3.853,-1.029],[-1.222,-4.302],[-3.468,-2.107],[-3.653,1.363],[-2.51,3.497]],"c":true},"ix":2},"nm":"Tracciato 1","mn":"ADBE Vector Shape - Group","hd":false},{"ind":1,"ty":"sh","ix":2,"ks":{"a":0,"k":{"i":[[-0.654,-0.859],[0,0],[0,0],[0.025,0.079],[-0.285,0.679],[-0.475,0.15]],"o":[[0,0],[0,0],[-0.03,-0.079],[-0.215,-0.736],[0.259,-0.609],[0.723,-0.229]],"v":[[1.643,-1.553],[-0.548,-1.553],[-1.901,1.076],[-1.981,0.839],[-1.871,-1.389],[-0.713,-2.582]],"c":true},"ix":2},"nm":"Tracciato 2","mn":"ADBE Vector Shape - Group","hd":false},{"ty":"fl","c":{"a":0,"k":[1,1,1,1],"ix":4},"o":{"a":0,"k":100,"ix":5},"r":1,"nm":"Riempimento 1","mn":"ADBE Vector Graphic - Fill","hd":false},{"ty":"tr","p":{"a":0,"k":[227.016,196.939],"ix":2},"a":{"a":0,"k":[0,0],"ix":1},"s":{"a":0,"k":[100,100],"ix":3},"r":{"a":0,"k":0,"ix":6},"o":{"a":0,"k":100,"ix":7},"sk":{"a":0,"k":0,"ix":4},"sa":{"a":0,"k":0,"ix":5},"nm":"Trasformazione"}],"nm":"Gruppo 35","np":3,"cix":2,"ix":35,"mn":"ADBE Vector Group","hd":false},{"ty":"gr","it":[{"ind":0,"ty":"sh","ix":1,"ks":{"a":0,"k":{"i":[[-1.133,0],[-0.23,0.072],[0.654,2.333],[0.42,0],[0.01,-0.001],[0,0],[0.1,0.358],[0.849,-0.266],[0.739,0.923],[0,0],[0,0],[0,0],[0,0]],"o":[[0.25,0],[2.041,-0.637],[-0.12,-0.42],[-0.01,0],[0,0],[-0.354,0.012],[0.475,1.708],[-0.573,0.178],[0,0],[0,0],[0,0],[0,0],[1.013,1.266]],"v":[[0.035,3.558],[0.759,3.451],[3.005,-2.85],[2.091,-3.558],[2.061,-3.557],[2.111,-1.76],[1.327,-2.351],[0.254,1.73],[-2.042,0.422],[-2.645,0.932],[-3.559,0.735],[-3.658,1.231],[-3.389,1.566]],"c":true},"ix":2},"nm":"Tracciato 1","mn":"ADBE Vector Shape - Group","hd":false},{"ty":"fl","c":{"a":0,"k":[1,1,1,1],"ix":4},"o":{"a":0,"k":100,"ix":5},"r":1,"nm":"Riempimento 1","mn":"ADBE Vector Graphic - Fill","hd":false},{"ty":"tr","p":{"a":0,"k":[227.895,198.87],"ix":2},"a":{"a":0,"k":[0,0],"ix":1},"s":{"a":0,"k":[100,100],"ix":3},"r":{"a":0,"k":0,"ix":6},"o":{"a":0,"k":100,"ix":7},"sk":{"a":0,"k":0,"ix":4},"sa":{"a":0,"k":0,"ix":5},"nm":"Trasformazione"}],"nm":"Gruppo 36","np":2,"cix":2,"ix":36,"mn":"ADBE Vector Group","hd":false},{"ty":"gr","it":[{"ind":0,"ty":"sh","ix":1,"ks":{"a":0,"k":{"i":[[0,0],[0,0],[0,0],[0,0],[0,0],[-0.953,0.742],[-0.134,-0.115],[0,0],[2.226,-1.728],[0.02,-0.118],[0,0]],"o":[[0,0],[0,0],[0,0],[0,0],[0.194,-0.711],[1.608,-1.244],[0,0],[-0.808,-0.728],[-1.912,1.484],[0,0],[0,0]],"v":[[1.171,5.434],[3.058,-1.087],[1.381,-1.599],[0.248,2.324],[-1.903,0.503],[-0.287,-2.271],[2.678,-2.429],[3.821,-3.789],[-1.334,-3.707],[-3.74,0.696],[-3.82,1.208]],"c":true},"ix":2},"nm":"Tracciato 1","mn":"ADBE Vector Shape - Group","hd":false},{"ty":"fl","c":{"a":0,"k":[1,1,1,1],"ix":4},"o":{"a":0,"k":100,"ix":5},"r":1,"nm":"Riempimento 1","mn":"ADBE Vector Graphic - Fill","hd":false},{"ty":"tr","p":{"a":0,"k":[221.932,197.117],"ix":2},"a":{"a":0,"k":[0,0],"ix":1},"s":{"a":0,"k":[100,100],"ix":3},"r":{"a":0,"k":0,"ix":6},"o":{"a":0,"k":100,"ix":7},"sk":{"a":0,"k":0,"ix":4},"sa":{"a":0,"k":0,"ix":5},"nm":"Trasformazione"}],"nm":"Gruppo 37","np":2,"cix":2,"ix":37,"mn":"ADBE Vector Group","hd":false},{"ty":"gr","it":[{"ind":0,"ty":"sh","ix":1,"ks":{"a":0,"k":{"i":[[0,0],[0,0],[0,0],[0,0],[-1.947,1.366],[0,0],[0,0],[0,0.045],[0,0],[-0.42,-2.406],[0.329,-0.883],[0,0]],"o":[[0,0],[0,0],[0,0],[0.903,-2.434],[0,0],[0,0],[-0.5,-2.066],[0,0],[0,0.179],[-2.621,2.459],[0,0],[0,0]],"v":[[-0.739,11.562],[0.489,10.283],[-2.246,7.504],[-1.767,6.349],[3.818,-3.977],[4.322,-4.329],[4.178,-4.936],[3.773,-11.52],[2.026,-11.561],[2.361,-5.076],[-3.384,5.674],[-4.322,7.921]],"c":true},"ix":2},"nm":"Tracciato 1","mn":"ADBE Vector Shape - Group","hd":false},{"ty":"fl","c":{"a":0,"k":[1,1,1,1],"ix":4},"o":{"a":0,"k":100,"ix":5},"r":1,"nm":"Riempimento 1","mn":"ADBE Vector Graphic - Fill","hd":false},{"ty":"tr","p":{"a":0,"k":[218.776,236.154],"ix":2},"a":{"a":0,"k":[0,0],"ix":1},"s":{"a":0,"k":[100,100],"ix":3},"r":{"a":0,"k":0,"ix":6},"o":{"a":0,"k":100,"ix":7},"sk":{"a":0,"k":0,"ix":4},"sa":{"a":0,"k":0,"ix":5},"nm":"Trasformazione"}],"nm":"Gruppo 38","np":2,"cix":2,"ix":38,"mn":"ADBE Vector Group","hd":false},{"ty":"gr","it":[{"ind":0,"ty":"sh","ix":1,"ks":{"a":0,"k":{"i":[[0,0],[0,0],[0,0],[0,0],[0,0],[0,0]],"o":[[0,0],[0,0],[0,0],[0,0],[0,0],[0,0]],"v":[[-3.94,7.568],[4.52,-4.329],[5.348,-7.027],[3.682,-7.568],[2.943,-5.152],[-5.348,6.505]],"c":true},"ix":2},"nm":"Tracciato 1","mn":"ADBE Vector Shape - Group","hd":false},{"ty":"fl","c":{"a":0,"k":[1,1,1,1],"ix":4},"o":{"a":0,"k":100,"ix":5},"r":1,"nm":"Riempimento 1","mn":"ADBE Vector Graphic - Fill","hd":false},{"ty":"tr","p":{"a":0,"k":[221.837,238.08],"ix":2},"a":{"a":0,"k":[0,0],"ix":1},"s":{"a":0,"k":[100,100],"ix":3},"r":{"a":0,"k":0,"ix":6},"o":{"a":0,"k":100,"ix":7},"sk":{"a":0,"k":0,"ix":4},"sa":{"a":0,"k":0,"ix":5},"nm":"Trasformazione"}],"nm":"Gruppo 39","np":2,"cix":2,"ix":39,"mn":"ADBE Vector Group","hd":false},{"ty":"gr","it":[{"ind":0,"ty":"sh","ix":1,"ks":{"a":0,"k":{"i":[[0,0],[0,0],[0,0],[0,0]],"o":[[0,0],[0,0],[0,0],[0,0]],"v":[[-254.796,0.833],[235.204,0.833],[235.204,-0.834],[-254.796,-0.834]],"c":true},"ix":2},"nm":"Tracciato 1","mn":"ADBE Vector Shape - Group","hd":false},{"ty":"fl","c":{"a":0,"k":[1,1,1,1],"ix":4},"o":{"a":0,"k":100,"ix":5},"r":1,"nm":"Riempimento 1","mn":"ADBE Vector Graphic - Fill","hd":false},{"ty":"tr","p":{"a":0,"k":[235.204,247.004],"ix":2},"a":{"a":0,"k":[0,0],"ix":1},"s":{"a":0,"k":[100,100],"ix":3},"r":{"a":0,"k":0,"ix":6},"o":{"a":0,"k":100,"ix":7},"sk":{"a":0,"k":0,"ix":4},"sa":{"a":0,"k":0,"ix":5},"nm":"Trasformazione"}],"nm":"Gruppo 40","np":2,"cix":2,"ix":40,"mn":"ADBE Vector Group","hd":false},{"ty":"gr","it":[{"ind":0,"ty":"sh","ix":1,"ks":{"a":0,"k":{"i":[[0,0],[0,0],[0,0],[0,0]],"o":[[0,0],[0,0],[0,0],[0,0]],"v":[[-8.698,15.543],[8.698,15.543],[8.698,-15.543],[-8.698,-15.543]],"c":true},"ix":2},"nm":"Tracciato 1","mn":"ADBE Vector Shape - Group","hd":false},{"ind":1,"ty":"sh","ix":2,"ks":{"a":0,"k":{"i":[[0,0],[0,0],[0,0],[0,0]],"o":[[0,0],[0,0],[0,0],[0,0]],"v":[[-7.062,13.909],[-7.062,-13.907],[7.063,-13.907],[7.063,13.909]],"c":true},"ix":2},"nm":"Tracciato 2","mn":"ADBE Vector Shape - Group","hd":false},{"ty":"fl","c":{"a":0,"k":[1,1,1,1],"ix":4},"o":{"a":0,"k":100,"ix":5},"r":1,"nm":"Riempimento 1","mn":"ADBE Vector Graphic - Fill","hd":false},{"ty":"tr","p":{"a":0,"k":[404.112,223.022],"ix":2},"a":{"a":0,"k":[0,0],"ix":1},"s":{"a":0,"k":[100,100],"ix":3},"r":{"a":0,"k":0,"ix":6},"o":{"a":0,"k":100,"ix":7},"sk":{"a":0,"k":0,"ix":4},"sa":{"a":0,"k":0,"ix":5},"nm":"Trasformazione"}],"nm":"Gruppo 41","np":3,"cix":2,"ix":41,"mn":"ADBE Vector Group","hd":false},{"ty":"gr","it":[{"ind":0,"ty":"sh","ix":1,"ks":{"a":0,"k":{"i":[[0,0],[0,0],[0,0],[0,0]],"o":[[0,0],[0,0],[0,0],[0,0]],"v":[[-22.189,2.628],[22.19,2.628],[22.19,-2.629],[-22.189,-2.629]],"c":true},"ix":2},"nm":"Tracciato 1","mn":"ADBE Vector Shape - Group","hd":false},{"ind":1,"ty":"sh","ix":2,"ks":{"a":0,"k":{"i":[[0,0],[0,0],[0,0],[0,0]],"o":[[0,0],[0,0],[0,0],[0,0]],"v":[[-20.554,0.994],[-20.554,-0.993],[20.555,-0.993],[20.555,0.994]],"c":true},"ix":2},"nm":"Tracciato 2","mn":"ADBE Vector Shape - Group","hd":false},{"ty":"fl","c":{"a":0,"k":[1,1,1,1],"ix":4},"o":{"a":0,"k":100,"ix":5},"r":1,"nm":"Riempimento 1","mn":"ADBE Vector Graphic - Fill","hd":false},{"ty":"tr","p":{"a":0,"k":[405.31,177.521],"ix":2},"a":{"a":0,"k":[0,0],"ix":1},"s":{"a":0,"k":[100,100],"ix":3},"r":{"a":0,"k":0,"ix":6},"o":{"a":0,"k":100,"ix":7},"sk":{"a":0,"k":0,"ix":4},"sa":{"a":0,"k":0,"ix":5},"nm":"Trasformazione"}],"nm":"Gruppo 42","np":3,"cix":2,"ix":42,"mn":"ADBE Vector Group","hd":false},{"ty":"gr","it":[{"ind":0,"ty":"sh","ix":1,"ks":{"a":0,"k":{"i":[[0,0],[0,0],[0,0],[0,0]],"o":[[0,0],[0,0],[0,0],[0,0]],"v":[[-0.818,1.59],[0.818,1.59],[0.818,-1.59],[-0.818,-1.59]],"c":true},"ix":2},"nm":"Tracciato 1","mn":"ADBE Vector Shape - Group","hd":false},{"ty":"fl","c":{"a":0,"k":[1,1,1,1],"ix":4},"o":{"a":0,"k":100,"ix":5},"r":1,"nm":"Riempimento 1","mn":"ADBE Vector Graphic - Fill","hd":false},{"ty":"tr","p":{"a":0,"k":[425.226,181.614],"ix":2},"a":{"a":0,"k":[0,0],"ix":1},"s":{"a":0,"k":[100,100],"ix":3},"r":{"a":0,"k":0,"ix":6},"o":{"a":0,"k":100,"ix":7},"sk":{"a":0,"k":0,"ix":4},"sa":{"a":0,"k":0,"ix":5},"nm":"Trasformazione"}],"nm":"Gruppo 43","np":2,"cix":2,"ix":43,"mn":"ADBE Vector Group","hd":false},{"ty":"gr","it":[{"ind":0,"ty":"sh","ix":1,"ks":{"a":0,"k":{"i":[[0,0],[0,0],[0,0],[0,0]],"o":[[0,0],[0,0],[0,0],[0,0]],"v":[[-0.818,1.59],[0.818,1.59],[0.818,-1.59],[-0.818,-1.59]],"c":true},"ix":2},"nm":"Tracciato 1","mn":"ADBE Vector Shape - Group","hd":false},{"ty":"fl","c":{"a":0,"k":[1,1,1,1],"ix":4},"o":{"a":0,"k":100,"ix":5},"r":1,"nm":"Riempimento 1","mn":"ADBE Vector Graphic - Fill","hd":false},{"ty":"tr","p":{"a":0,"k":[415.226,181.614],"ix":2},"a":{"a":0,"k":[0,0],"ix":1},"s":{"a":0,"k":[100,100],"ix":3},"r":{"a":0,"k":0,"ix":6},"o":{"a":0,"k":100,"ix":7},"sk":{"a":0,"k":0,"ix":4},"sa":{"a":0,"k":0,"ix":5},"nm":"Trasformazione"}],"nm":"Gruppo 44","np":2,"cix":2,"ix":44,"mn":"ADBE Vector Group","hd":false},{"ty":"gr","it":[{"ind":0,"ty":"sh","ix":1,"ks":{"a":0,"k":{"i":[[0,0],[0,0],[0,0],[0,0]],"o":[[0,0],[0,0],[0,0],[0,0]],"v":[[-0.818,1.59],[0.818,1.59],[0.818,-1.59],[-0.818,-1.59]],"c":true},"ix":2},"nm":"Tracciato 1","mn":"ADBE Vector Shape - Group","hd":false},{"ty":"fl","c":{"a":0,"k":[1,1,1,1],"ix":4},"o":{"a":0,"k":100,"ix":5},"r":1,"nm":"Riempimento 1","mn":"ADBE Vector Graphic - Fill","hd":false},{"ty":"tr","p":{"a":0,"k":[405.226,181.614],"ix":2},"a":{"a":0,"k":[0,0],"ix":1},"s":{"a":0,"k":[100,100],"ix":3},"r":{"a":0,"k":0,"ix":6},"o":{"a":0,"k":100,"ix":7},"sk":{"a":0,"k":0,"ix":4},"sa":{"a":0,"k":0,"ix":5},"nm":"Trasformazione"}],"nm":"Gruppo 45","np":2,"cix":2,"ix":45,"mn":"ADBE Vector Group","hd":false},{"ty":"gr","it":[{"ind":0,"ty":"sh","ix":1,"ks":{"a":0,"k":{"i":[[0,0],[0,0],[0,0],[0,0]],"o":[[0,0],[0,0],[0,0],[0,0]],"v":[[-0.818,1.59],[0.818,1.59],[0.818,-1.59],[-0.818,-1.59]],"c":true},"ix":2},"nm":"Tracciato 1","mn":"ADBE Vector Shape - Group","hd":false},{"ty":"fl","c":{"a":0,"k":[1,1,1,1],"ix":4},"o":{"a":0,"k":100,"ix":5},"r":1,"nm":"Riempimento 1","mn":"ADBE Vector Graphic - Fill","hd":false},{"ty":"tr","p":{"a":0,"k":[395.226,181.614],"ix":2},"a":{"a":0,"k":[0,0],"ix":1},"s":{"a":0,"k":[100,100],"ix":3},"r":{"a":0,"k":0,"ix":6},"o":{"a":0,"k":100,"ix":7},"sk":{"a":0,"k":0,"ix":4},"sa":{"a":0,"k":0,"ix":5},"nm":"Trasformazione"}],"nm":"Gruppo 46","np":2,"cix":2,"ix":46,"mn":"ADBE Vector Group","hd":false},{"ty":"gr","it":[{"ind":0,"ty":"sh","ix":1,"ks":{"a":0,"k":{"i":[[0,0],[0,0],[0,0],[0,0]],"o":[[0,0],[0,0],[0,0],[0,0]],"v":[[-0.818,1.59],[0.818,1.59],[0.818,-1.59],[-0.818,-1.59]],"c":true},"ix":2},"nm":"Tracciato 1","mn":"ADBE Vector Shape - Group","hd":false},{"ty":"fl","c":{"a":0,"k":[1,1,1,1],"ix":4},"o":{"a":0,"k":100,"ix":5},"r":1,"nm":"Riempimento 1","mn":"ADBE Vector Graphic - Fill","hd":false},{"ty":"tr","p":{"a":0,"k":[387.226,181.614],"ix":2},"a":{"a":0,"k":[0,0],"ix":1},"s":{"a":0,"k":[100,100],"ix":3},"r":{"a":0,"k":0,"ix":6},"o":{"a":0,"k":100,"ix":7},"sk":{"a":0,"k":0,"ix":4},"sa":{"a":0,"k":0,"ix":5},"nm":"Trasformazione"}],"nm":"Gruppo 47","np":2,"cix":2,"ix":47,"mn":"ADBE Vector Group","hd":false},{"ty":"gr","it":[{"ind":0,"ty":"sh","ix":1,"ks":{"a":0,"k":{"i":[[0,0],[0,0],[0,0],[0,0]],"o":[[0,0],[0,0],[0,0],[0,0]],"v":[[-0.818,1.59],[0.818,1.59],[0.818,-1.59],[-0.818,-1.59]],"c":true},"ix":2},"nm":"Tracciato 1","mn":"ADBE Vector Shape - Group","hd":false},{"ty":"fl","c":{"a":0,"k":[1,1,1,1],"ix":4},"o":{"a":0,"k":100,"ix":5},"r":1,"nm":"Riempimento 1","mn":"ADBE Vector Graphic - Fill","hd":false},{"ty":"tr","p":{"a":0,"k":[369.638,181.614],"ix":2},"a":{"a":0,"k":[0,0],"ix":1},"s":{"a":0,"k":[100,100],"ix":3},"r":{"a":0,"k":0,"ix":6},"o":{"a":0,"k":100,"ix":7},"sk":{"a":0,"k":0,"ix":4},"sa":{"a":0,"k":0,"ix":5},"nm":"Trasformazione"}],"nm":"Gruppo 48","np":2,"cix":2,"ix":48,"mn":"ADBE Vector Group","hd":false},{"ty":"gr","it":[{"ind":0,"ty":"sh","ix":1,"ks":{"a":0,"k":{"i":[[0,0],[0,0],[0,0],[0,0]],"o":[[0,0],[0,0],[0,0],[0,0]],"v":[[-0.818,1.59],[0.818,1.59],[0.818,-1.59],[-0.818,-1.59]],"c":true},"ix":2},"nm":"Tracciato 1","mn":"ADBE Vector Shape - Group","hd":false},{"ty":"fl","c":{"a":0,"k":[1,1,1,1],"ix":4},"o":{"a":0,"k":100,"ix":5},"r":1,"nm":"Riempimento 1","mn":"ADBE Vector Graphic - Fill","hd":false},{"ty":"tr","p":{"a":0,"k":[359.226,181.614],"ix":2},"a":{"a":0,"k":[0,0],"ix":1},"s":{"a":0,"k":[100,100],"ix":3},"r":{"a":0,"k":0,"ix":6},"o":{"a":0,"k":100,"ix":7},"sk":{"a":0,"k":0,"ix":4},"sa":{"a":0,"k":0,"ix":5},"nm":"Trasformazione"}],"nm":"Gruppo 49","np":2,"cix":2,"ix":49,"mn":"ADBE Vector Group","hd":false},{"ty":"gr","it":[{"ind":0,"ty":"sh","ix":1,"ks":{"a":0,"k":{"i":[[0,0],[0,0],[0,0],[0,0]],"o":[[0,0],[0,0],[0,0],[0,0]],"v":[[-0.818,1.59],[0.818,1.59],[0.818,-1.59],[-0.818,-1.59]],"c":true},"ix":2},"nm":"Tracciato 1","mn":"ADBE Vector Shape - Group","hd":false},{"ty":"fl","c":{"a":0,"k":[1,1,1,1],"ix":4},"o":{"a":0,"k":100,"ix":5},"r":1,"nm":"Riempimento 1","mn":"ADBE Vector Graphic - Fill","hd":false},{"ty":"tr","p":{"a":0,"k":[348.814,181.614],"ix":2},"a":{"a":0,"k":[0,0],"ix":1},"s":{"a":0,"k":[100,100],"ix":3},"r":{"a":0,"k":0,"ix":6},"o":{"a":0,"k":100,"ix":7},"sk":{"a":0,"k":0,"ix":4},"sa":{"a":0,"k":0,"ix":5},"nm":"Trasformazione"}],"nm":"Gruppo 50","np":2,"cix":2,"ix":50,"mn":"ADBE Vector Group","hd":false},{"ty":"gr","it":[{"ind":0,"ty":"sh","ix":1,"ks":{"a":0,"k":{"i":[[0,0],[0,0],[0,0],[0,0]],"o":[[0,0],[0,0],[0,0],[0,0]],"v":[[-0.818,1.59],[0.818,1.59],[0.818,-1.59],[-0.818,-1.59]],"c":true},"ix":2},"nm":"Tracciato 1","mn":"ADBE Vector Shape - Group","hd":false},{"ty":"fl","c":{"a":0,"k":[1,1,1,1],"ix":4},"o":{"a":0,"k":100,"ix":5},"r":1,"nm":"Riempimento 1","mn":"ADBE Vector Graphic - Fill","hd":false},{"ty":"tr","p":{"a":0,"k":[339.477,181.614],"ix":2},"a":{"a":0,"k":[0,0],"ix":1},"s":{"a":0,"k":[100,100],"ix":3},"r":{"a":0,"k":0,"ix":6},"o":{"a":0,"k":100,"ix":7},"sk":{"a":0,"k":0,"ix":4},"sa":{"a":0,"k":0,"ix":5},"nm":"Trasformazione"}],"nm":"Gruppo 51","np":2,"cix":2,"ix":51,"mn":"ADBE Vector Group","hd":false},{"ty":"gr","it":[{"ind":0,"ty":"sh","ix":1,"ks":{"a":0,"k":{"i":[[0,0],[0,0],[0,0],[0,0]],"o":[[0,0],[0,0],[0,0],[0,0]],"v":[[-0.818,1.59],[0.818,1.59],[0.818,-1.59],[-0.818,-1.59]],"c":true},"ix":2},"nm":"Tracciato 1","mn":"ADBE Vector Shape - Group","hd":false},{"ty":"fl","c":{"a":0,"k":[1,1,1,1],"ix":4},"o":{"a":0,"k":100,"ix":5},"r":1,"nm":"Riempimento 1","mn":"ADBE Vector Graphic - Fill","hd":false},{"ty":"tr","p":{"a":0,"k":[331.226,181.614],"ix":2},"a":{"a":0,"k":[0,0],"ix":1},"s":{"a":0,"k":[100,100],"ix":3},"r":{"a":0,"k":0,"ix":6},"o":{"a":0,"k":100,"ix":7},"sk":{"a":0,"k":0,"ix":4},"sa":{"a":0,"k":0,"ix":5},"nm":"Trasformazione"}],"nm":"Gruppo 52","np":2,"cix":2,"ix":52,"mn":"ADBE Vector Group","hd":false},{"ty":"gr","it":[{"ind":0,"ty":"sh","ix":1,"ks":{"a":0,"k":{"i":[[0,0],[0,0],[0,0],[0,0]],"o":[[0,0],[0,0],[0,0],[0,0]],"v":[[-22.189,2.628],[22.19,2.628],[22.19,-2.629],[-22.189,-2.629]],"c":true},"ix":2},"nm":"Tracciato 1","mn":"ADBE Vector Shape - Group","hd":false},{"ind":1,"ty":"sh","ix":2,"ks":{"a":0,"k":{"i":[[0,0],[0,0],[0,0],[0,0]],"o":[[0,0],[0,0],[0,0],[0,0]],"v":[[-20.555,0.994],[-20.555,-0.993],[20.553,-0.993],[20.553,0.994]],"c":true},"ix":2},"nm":"Tracciato 2","mn":"ADBE Vector Shape - Group","hd":false},{"ty":"fl","c":{"a":0,"k":[1,1,1,1],"ix":4},"o":{"a":0,"k":100,"ix":5},"r":1,"nm":"Riempimento 1","mn":"ADBE Vector Graphic - Fill","hd":false},{"ty":"tr","p":{"a":0,"k":[351.792,177.521],"ix":2},"a":{"a":0,"k":[0,0],"ix":1},"s":{"a":0,"k":[100,100],"ix":3},"r":{"a":0,"k":0,"ix":6},"o":{"a":0,"k":100,"ix":7},"sk":{"a":0,"k":0,"ix":4},"sa":{"a":0,"k":0,"ix":5},"nm":"Trasformazione"}],"nm":"Gruppo 53","np":3,"cix":2,"ix":53,"mn":"ADBE Vector Group","hd":false},{"ty":"gr","it":[{"ind":0,"ty":"sh","ix":1,"ks":{"a":0,"k":{"i":[[0,0],[0,0],[0,0],[0,0]],"o":[[0,0],[0,0],[0,0],[0,0]],"v":[[-0.818,7.908],[0.818,7.908],[0.818,-7.909],[-0.818,-7.909]],"c":true},"ix":2},"nm":"Tracciato 1","mn":"ADBE Vector Shape - Group","hd":false},{"ty":"fl","c":{"a":0,"k":[1,1,1,1],"ix":4},"o":{"a":0,"k":100,"ix":5},"r":1,"nm":"Riempimento 1","mn":"ADBE Vector Graphic - Fill","hd":false},{"ty":"tr","p":{"a":0,"k":[405.4,160.771],"ix":2},"a":{"a":0,"k":[0,0],"ix":1},"s":{"a":0,"k":[100,100],"ix":3},"r":{"a":0,"k":0,"ix":6},"o":{"a":0,"k":100,"ix":7},"sk":{"a":0,"k":0,"ix":4},"sa":{"a":0,"k":0,"ix":5},"nm":"Trasformazione"}],"nm":"Gruppo 54","np":2,"cix":2,"ix":54,"mn":"ADBE Vector Group","hd":false},{"ty":"gr","it":[{"ind":0,"ty":"sh","ix":1,"ks":{"a":0,"k":{"i":[[0,0],[0,0],[0,0],[0,0]],"o":[[0,0],[0,0],[0,0],[0,0]],"v":[[-17.659,0.817],[17.66,0.817],[17.66,-0.818],[-17.659,-0.818]],"c":true},"ix":2},"nm":"Tracciato 1","mn":"ADBE Vector Shape - Group","hd":false},{"ty":"fl","c":{"a":0,"k":[1,1,1,1],"ix":4},"o":{"a":0,"k":100,"ix":5},"r":1,"nm":"Riempimento 1","mn":"ADBE Vector Graphic - Fill","hd":false},{"ty":"tr","p":{"a":0,"k":[405.247,152.862],"ix":2},"a":{"a":0,"k":[0,0],"ix":1},"s":{"a":0,"k":[100,100],"ix":3},"r":{"a":0,"k":0,"ix":6},"o":{"a":0,"k":100,"ix":7},"sk":{"a":0,"k":0,"ix":4},"sa":{"a":0,"k":0,"ix":5},"nm":"Trasformazione"}],"nm":"Gruppo 55","np":2,"cix":2,"ix":55,"mn":"ADBE Vector Group","hd":false},{"ty":"gr","it":[{"ind":0,"ty":"sh","ix":1,"ks":{"a":0,"k":{"i":[[0,0],[0,0],[0,0],[0,0]],"o":[[0,0],[0,0],[0,0],[0,0]],"v":[[-0.818,7.908],[0.818,7.908],[0.818,-7.909],[-0.818,-7.909]],"c":true},"ix":2},"nm":"Tracciato 1","mn":"ADBE Vector Shape - Group","hd":false},{"ty":"fl","c":{"a":0,"k":[1,1,1,1],"ix":4},"o":{"a":0,"k":100,"ix":5},"r":1,"nm":"Riempimento 1","mn":"ADBE Vector Graphic - Fill","hd":false},{"ty":"tr","p":{"a":0,"k":[351.793,160.771],"ix":2},"a":{"a":0,"k":[0,0],"ix":1},"s":{"a":0,"k":[100,100],"ix":3},"r":{"a":0,"k":0,"ix":6},"o":{"a":0,"k":100,"ix":7},"sk":{"a":0,"k":0,"ix":4},"sa":{"a":0,"k":0,"ix":5},"nm":"Trasformazione"}],"nm":"Gruppo 56","np":2,"cix":2,"ix":56,"mn":"ADBE Vector Group","hd":false},{"ty":"gr","it":[{"ind":0,"ty":"sh","ix":1,"ks":{"a":0,"k":{"i":[[0,0],[0,0],[0,0],[0,0]],"o":[[0,0],[0,0],[0,0],[0,0]],"v":[[-17.657,0.817],[17.657,0.817],[17.657,-0.818],[-17.657,-0.818]],"c":true},"ix":2},"nm":"Tracciato 1","mn":"ADBE Vector Shape - Group","hd":false},{"ty":"fl","c":{"a":0,"k":[1,1,1,1],"ix":4},"o":{"a":0,"k":100,"ix":5},"r":1,"nm":"Riempimento 1","mn":"ADBE Vector Graphic - Fill","hd":false},{"ty":"tr","p":{"a":0,"k":[351.642,152.862],"ix":2},"a":{"a":0,"k":[0,0],"ix":1},"s":{"a":0,"k":[100,100],"ix":3},"r":{"a":0,"k":0,"ix":6},"o":{"a":0,"k":100,"ix":7},"sk":{"a":0,"k":0,"ix":4},"sa":{"a":0,"k":0,"ix":5},"nm":"Trasformazione"}],"nm":"Gruppo 57","np":2,"cix":2,"ix":57,"mn":"ADBE Vector Group","hd":false},{"ty":"gr","it":[{"ind":0,"ty":"sh","ix":1,"ks":{"a":0,"k":{"i":[[0,0],[0,0],[0,0],[0,0]],"o":[[0,0],[0,0],[0,0],[0,0]],"v":[[-6.366,0.818],[6.366,0.818],[6.366,-0.818],[-6.366,-0.818]],"c":true},"ix":2},"nm":"Tracciato 1","mn":"ADBE Vector Shape - Group","hd":false},{"ty":"fl","c":{"a":0,"k":[1,1,1,1],"ix":4},"o":{"a":0,"k":100,"ix":5},"r":1,"nm":"Riempimento 1","mn":"ADBE Vector Graphic - Fill","hd":false},{"ty":"tr","p":{"a":0,"k":[416.48,112.847],"ix":2},"a":{"a":0,"k":[0,0],"ix":1},"s":{"a":0,"k":[100,100],"ix":3},"r":{"a":0,"k":0,"ix":6},"o":{"a":0,"k":100,"ix":7},"sk":{"a":0,"k":0,"ix":4},"sa":{"a":0,"k":0,"ix":5},"nm":"Trasformazione"}],"nm":"Gruppo 58","np":2,"cix":2,"ix":58,"mn":"ADBE Vector Group","hd":false},{"ty":"gr","it":[{"ind":0,"ty":"sh","ix":1,"ks":{"a":0,"k":{"i":[[0,0],[0,0],[0,0],[0,0]],"o":[[0,0],[0,0],[0,0],[0,0]],"v":[[-6.368,0.818],[6.368,0.818],[6.368,-0.818],[-6.368,-0.818]],"c":true},"ix":2},"nm":"Tracciato 1","mn":"ADBE Vector Shape - Group","hd":false},{"ty":"fl","c":{"a":0,"k":[1,1,1,1],"ix":4},"o":{"a":0,"k":100,"ix":5},"r":1,"nm":"Riempimento 1","mn":"ADBE Vector Graphic - Fill","hd":false},{"ty":"tr","p":{"a":0,"k":[394.082,112.847],"ix":2},"a":{"a":0,"k":[0,0],"ix":1},"s":{"a":0,"k":[100,100],"ix":3},"r":{"a":0,"k":0,"ix":6},"o":{"a":0,"k":100,"ix":7},"sk":{"a":0,"k":0,"ix":4},"sa":{"a":0,"k":0,"ix":5},"nm":"Trasformazione"}],"nm":"Gruppo 59","np":2,"cix":2,"ix":59,"mn":"ADBE Vector Group","hd":false},{"ty":"gr","it":[{"ind":0,"ty":"sh","ix":1,"ks":{"a":0,"k":{"i":[[0,0],[0,0],[0,0],[0,0]],"o":[[0,0],[0,0],[0,0],[0,0]],"v":[[-6.366,0.818],[6.366,0.818],[6.366,-0.818],[-6.366,-0.818]],"c":true},"ix":2},"nm":"Tracciato 1","mn":"ADBE Vector Shape - Group","hd":false},{"ty":"fl","c":{"a":0,"k":[1,1,1,1],"ix":4},"o":{"a":0,"k":100,"ix":5},"r":1,"nm":"Riempimento 1","mn":"ADBE Vector Graphic - Fill","hd":false},{"ty":"tr","p":{"a":0,"k":[362.784,112.847],"ix":2},"a":{"a":0,"k":[0,0],"ix":1},"s":{"a":0,"k":[100,100],"ix":3},"r":{"a":0,"k":0,"ix":6},"o":{"a":0,"k":100,"ix":7},"sk":{"a":0,"k":0,"ix":4},"sa":{"a":0,"k":0,"ix":5},"nm":"Trasformazione"}],"nm":"Gruppo 60","np":2,"cix":2,"ix":60,"mn":"ADBE Vector Group","hd":false},{"ty":"gr","it":[{"ind":0,"ty":"sh","ix":1,"ks":{"a":0,"k":{"i":[[0,0],[0,0],[0,0],[0,0]],"o":[[0,0],[0,0],[0,0],[0,0]],"v":[[-6.366,0.818],[6.366,0.818],[6.366,-0.818],[-6.366,-0.818]],"c":true},"ix":2},"nm":"Tracciato 1","mn":"ADBE Vector Shape - Group","hd":false},{"ty":"fl","c":{"a":0,"k":[1,1,1,1],"ix":4},"o":{"a":0,"k":100,"ix":5},"r":1,"nm":"Riempimento 1","mn":"ADBE Vector Graphic - Fill","hd":false},{"ty":"tr","p":{"a":0,"k":[340.351,112.847],"ix":2},"a":{"a":0,"k":[0,0],"ix":1},"s":{"a":0,"k":[100,100],"ix":3},"r":{"a":0,"k":0,"ix":6},"o":{"a":0,"k":100,"ix":7},"sk":{"a":0,"k":0,"ix":4},"sa":{"a":0,"k":0,"ix":5},"nm":"Trasformazione"}],"nm":"Gruppo 61","np":2,"cix":2,"ix":61,"mn":"ADBE Vector Group","hd":false},{"ty":"gr","it":[{"ind":0,"ty":"sh","ix":1,"ks":{"a":0,"k":{"i":[[0,0],[0,0],[0,0],[0,0]],"o":[[0,0],[0,0],[0,0],[0,0]],"v":[[-12.833,17.736],[12.833,17.736],[12.833,-17.736],[-12.833,-17.736]],"c":true},"ix":2},"nm":"Tracciato 1","mn":"ADBE Vector Shape - Group","hd":false},{"ind":1,"ty":"sh","ix":2,"ks":{"a":0,"k":{"i":[[0,0],[0,0],[0,0],[0,0]],"o":[[0,0],[0,0],[0,0],[0,0]],"v":[[-11.198,16.102],[-11.198,-16.1],[11.198,-16.1],[11.198,16.102]],"c":true},"ix":2},"nm":"Tracciato 2","mn":"ADBE Vector Shape - Group","hd":false},{"ty":"fl","c":{"a":0,"k":[1,1,1,1],"ix":4},"o":{"a":0,"k":100,"ix":5},"r":1,"nm":"Riempimento 1","mn":"ADBE Vector Graphic - Fill","hd":false},{"ty":"tr","p":{"a":0,"k":[404.112,220.829],"ix":2},"a":{"a":0,"k":[0,0],"ix":1},"s":{"a":0,"k":[100,100],"ix":3},"r":{"a":0,"k":0,"ix":6},"o":{"a":0,"k":100,"ix":7},"sk":{"a":0,"k":0,"ix":4},"sa":{"a":0,"k":0,"ix":5},"nm":"Trasformazione"}],"nm":"Gruppo 62","np":3,"cix":2,"ix":62,"mn":"ADBE Vector Group","hd":false},{"ty":"gr","it":[{"ind":0,"ty":"sh","ix":1,"ks":{"a":0,"k":{"i":[[0,0],[0,0],[0,0],[0,0]],"o":[[0,0],[0,0],[0,0],[0,0]],"v":[[-15.973,2.946],[15.973,2.946],[15.973,-2.945],[-15.973,-2.945]],"c":true},"ix":2},"nm":"Tracciato 1","mn":"ADBE Vector Shape - Group","hd":false},{"ind":1,"ty":"sh","ix":2,"ks":{"a":0,"k":{"i":[[0,0],[0,0],[0,0],[0,0]],"o":[[0,0],[0,0],[0,0],[0,0]],"v":[[-14.339,1.312],[-14.339,-1.309],[14.336,-1.309],[14.336,1.312]],"c":true},"ix":2},"nm":"Tracciato 2","mn":"ADBE Vector Shape - Group","hd":false},{"ty":"fl","c":{"a":0,"k":[1,1,1,1],"ix":4},"o":{"a":0,"k":100,"ix":5},"r":1,"nm":"Riempimento 1","mn":"ADBE Vector Graphic - Fill","hd":false},{"ty":"tr","p":{"a":0,"k":[404.113,239.875],"ix":2},"a":{"a":0,"k":[0,0],"ix":1},"s":{"a":0,"k":[100,100],"ix":3},"r":{"a":0,"k":0,"ix":6},"o":{"a":0,"k":100,"ix":7},"sk":{"a":0,"k":0,"ix":4},"sa":{"a":0,"k":0,"ix":5},"nm":"Trasformazione"}],"nm":"Gruppo 63","np":3,"cix":2,"ix":63,"mn":"ADBE Vector Group","hd":false},{"ty":"gr","it":[{"ind":0,"ty":"sh","ix":1,"ks":{"a":0,"k":{"i":[[0,0],[0,0],[0,0],[0,0]],"o":[[0,0],[0,0],[0,0],[0,0]],"v":[[-15.973,3.38],[15.973,3.38],[15.973,-3.38],[-15.973,-3.38]],"c":true},"ix":2},"nm":"Tracciato 1","mn":"ADBE Vector Shape - Group","hd":false},{"ind":1,"ty":"sh","ix":2,"ks":{"a":0,"k":{"i":[[0,0],[0,0],[0,0],[0,0]],"o":[[0,0],[0,0],[0,0],[0,0]],"v":[[-14.339,1.746],[-14.339,-1.744],[14.336,-1.744],[14.336,1.746]],"c":true},"ix":2},"nm":"Tracciato 2","mn":"ADBE Vector Shape - Group","hd":false},{"ty":"fl","c":{"a":0,"k":[1,1,1,1],"ix":4},"o":{"a":0,"k":100,"ix":5},"r":1,"nm":"Riempimento 1","mn":"ADBE Vector Graphic - Fill","hd":false},{"ty":"tr","p":{"a":0,"k":[404.113,244.566],"ix":2},"a":{"a":0,"k":[0,0],"ix":1},"s":{"a":0,"k":[100,100],"ix":3},"r":{"a":0,"k":0,"ix":6},"o":{"a":0,"k":100,"ix":7},"sk":{"a":0,"k":0,"ix":4},"sa":{"a":0,"k":0,"ix":5},"nm":"Trasformazione"}],"nm":"Gruppo 64","np":3,"cix":2,"ix":64,"mn":"ADBE Vector Group","hd":false},{"ty":"gr","it":[{"ind":0,"ty":"sh","ix":1,"ks":{"a":0,"k":{"i":[[0,0],[0,0],[0,0],[0,0]],"o":[[0,0],[0,0],[0,0],[0,0]],"v":[[-15.973,2.946],[15.973,2.946],[15.973,-2.945],[-15.973,-2.945]],"c":true},"ix":2},"nm":"Tracciato 1","mn":"ADBE Vector Shape - Group","hd":false},{"ind":1,"ty":"sh","ix":2,"ks":{"a":0,"k":{"i":[[0,0],[0,0],[0,0],[0,0]],"o":[[0,0],[0,0],[0,0],[0,0]],"v":[[-14.339,1.312],[-14.339,-1.309],[14.337,-1.309],[14.337,1.312]],"c":true},"ix":2},"nm":"Tracciato 2","mn":"ADBE Vector Shape - Group","hd":false},{"ty":"fl","c":{"a":0,"k":[1,1,1,1],"ix":4},"o":{"a":0,"k":100,"ix":5},"r":1,"nm":"Riempimento 1","mn":"ADBE Vector Graphic - Fill","hd":false},{"ty":"tr","p":{"a":0,"k":[351.323,239.875],"ix":2},"a":{"a":0,"k":[0,0],"ix":1},"s":{"a":0,"k":[100,100],"ix":3},"r":{"a":0,"k":0,"ix":6},"o":{"a":0,"k":100,"ix":7},"sk":{"a":0,"k":0,"ix":4},"sa":{"a":0,"k":0,"ix":5},"nm":"Trasformazione"}],"nm":"Gruppo 65","np":3,"cix":2,"ix":65,"mn":"ADBE Vector Group","hd":false},{"ty":"gr","it":[{"ind":0,"ty":"sh","ix":1,"ks":{"a":0,"k":{"i":[[0,0],[0,0],[0,0],[0,0]],"o":[[0,0],[0,0],[0,0],[0,0]],"v":[[-15.973,3.38],[15.973,3.38],[15.973,-3.38],[-15.973,-3.38]],"c":true},"ix":2},"nm":"Tracciato 1","mn":"ADBE Vector Shape - Group","hd":false},{"ind":1,"ty":"sh","ix":2,"ks":{"a":0,"k":{"i":[[0,0],[0,0],[0,0],[0,0]],"o":[[0,0],[0,0],[0,0],[0,0]],"v":[[-14.339,1.746],[-14.339,-1.744],[14.337,-1.744],[14.337,1.746]],"c":true},"ix":2},"nm":"Tracciato 2","mn":"ADBE Vector Shape - Group","hd":false},{"ty":"fl","c":{"a":0,"k":[1,1,1,1],"ix":4},"o":{"a":0,"k":100,"ix":5},"r":1,"nm":"Riempimento 1","mn":"ADBE Vector Graphic - Fill","hd":false},{"ty":"tr","p":{"a":0,"k":[351.323,244.566],"ix":2},"a":{"a":0,"k":[0,0],"ix":1},"s":{"a":0,"k":[100,100],"ix":3},"r":{"a":0,"k":0,"ix":6},"o":{"a":0,"k":100,"ix":7},"sk":{"a":0,"k":0,"ix":4},"sa":{"a":0,"k":0,"ix":5},"nm":"Trasformazione"}],"nm":"Gruppo 66","np":3,"cix":2,"ix":66,"mn":"ADBE Vector Group","hd":false},{"ty":"gr","it":[{"ind":0,"ty":"sh","ix":1,"ks":{"a":0,"k":{"i":[[0,0],[0,0],[0,0],[0,0]],"o":[[0,0],[0,0],[0,0],[0,0]],"v":[[-8.695,15.543],[8.695,15.543],[8.695,-15.543],[-8.695,-15.543]],"c":true},"ix":2},"nm":"Tracciato 1","mn":"ADBE Vector Shape - Group","hd":false},{"ind":1,"ty":"sh","ix":2,"ks":{"a":0,"k":{"i":[[0,0],[0,0],[0,0],[0,0]],"o":[[0,0],[0,0],[0,0],[0,0]],"v":[[-7.059,13.909],[-7.059,-13.907],[7.061,-13.907],[7.061,13.909]],"c":true},"ix":2},"nm":"Tracciato 2","mn":"ADBE Vector Shape - Group","hd":false},{"ty":"fl","c":{"a":0,"k":[1,1,1,1],"ix":4},"o":{"a":0,"k":100,"ix":5},"r":1,"nm":"Riempimento 1","mn":"ADBE Vector Graphic - Fill","hd":false},{"ty":"tr","p":{"a":0,"k":[351.413,223.022],"ix":2},"a":{"a":0,"k":[0,0],"ix":1},"s":{"a":0,"k":[100,100],"ix":3},"r":{"a":0,"k":0,"ix":6},"o":{"a":0,"k":100,"ix":7},"sk":{"a":0,"k":0,"ix":4},"sa":{"a":0,"k":0,"ix":5},"nm":"Trasformazione"}],"nm":"Gruppo 67","np":3,"cix":2,"ix":67,"mn":"ADBE Vector Group","hd":false},{"ty":"gr","it":[{"ind":0,"ty":"sh","ix":1,"ks":{"a":0,"k":{"i":[[0,0],[0,0],[0,0],[0,0]],"o":[[0,0],[0,0],[0,0],[0,0]],"v":[[-12.833,17.745],[12.833,17.745],[12.833,-17.744],[-12.833,-17.744]],"c":true},"ix":2},"nm":"Tracciato 1","mn":"ADBE Vector Shape - Group","hd":false},{"ind":1,"ty":"sh","ix":2,"ks":{"a":0,"k":{"i":[[0,0],[0,0],[0,0],[0,0]],"o":[[0,0],[0,0],[0,0],[0,0]],"v":[[-11.197,16.111],[-11.197,-16.109],[11.198,-16.109],[11.198,16.111]],"c":true},"ix":2},"nm":"Tracciato 2","mn":"ADBE Vector Shape - Group","hd":false},{"ty":"fl","c":{"a":0,"k":[1,1,1,1],"ix":4},"o":{"a":0,"k":100,"ix":5},"r":1,"nm":"Riempimento 1","mn":"ADBE Vector Graphic - Fill","hd":false},{"ty":"tr","p":{"a":0,"k":[351.411,220.82],"ix":2},"a":{"a":0,"k":[0,0],"ix":1},"s":{"a":0,"k":[100,100],"ix":3},"r":{"a":0,"k":0,"ix":6},"o":{"a":0,"k":100,"ix":7},"sk":{"a":0,"k":0,"ix":4},"sa":{"a":0,"k":0,"ix":5},"nm":"Trasformazione"}],"nm":"Gruppo 68","np":3,"cix":2,"ix":68,"mn":"ADBE Vector Group","hd":false},{"ty":"gr","it":[{"ind":0,"ty":"sh","ix":1,"ks":{"a":0,"k":{"i":[[0,0],[0,0],[0,0],[0,0]],"o":[[0,0],[0,0],[0,0],[0,0]],"v":[[-18.327,16.355],[18.328,16.355],[18.328,-16.355],[-18.327,-16.355]],"c":true},"ix":2},"nm":"Tracciato 1","mn":"ADBE Vector Shape - Group","hd":false},{"ind":1,"ty":"sh","ix":2,"ks":{"a":0,"k":{"i":[[0,0],[0,0],[0,0],[0,0]],"o":[[0,0],[0,0],[0,0],[0,0]],"v":[[-16.693,14.718],[-16.693,-14.719],[16.693,-14.719],[16.693,14.718]],"c":true},"ix":2},"nm":"Tracciato 2","mn":"ADBE Vector Shape - Group","hd":false},{"ty":"fl","c":{"a":0,"k":[1,1,1,1],"ix":4},"o":{"a":0,"k":100,"ix":5},"r":1,"nm":"Riempimento 1","mn":"ADBE Vector Graphic - Fill","hd":false},{"ty":"tr","p":{"a":0,"k":[405.247,153.143],"ix":2},"a":{"a":0,"k":[0,0],"ix":1},"s":{"a":0,"k":[100,100],"ix":3},"r":{"a":0,"k":0,"ix":6},"o":{"a":0,"k":100,"ix":7},"sk":{"a":0,"k":0,"ix":4},"sa":{"a":0,"k":0,"ix":5},"nm":"Trasformazione"}],"nm":"Gruppo 69","np":3,"cix":2,"ix":69,"mn":"ADBE Vector Group","hd":false},{"ty":"gr","it":[{"ind":0,"ty":"sh","ix":1,"ks":{"a":0,"k":{"i":[[0,0],[0,0],[0,0],[-3.785,0],[0,-3.782]],"o":[[0,0],[0,0],[0,-3.782],[3.78,0],[0,0]],"v":[[6.862,13.742],[-6.862,13.742],[-6.862,-6.883],[0.003,-13.742],[6.862,-6.883]],"c":true},"ix":2},"nm":"Tracciato 1","mn":"ADBE Vector Shape - Group","hd":false},{"ind":1,"ty":"sh","ix":2,"ks":{"a":0,"k":{"i":[[0,0],[0,0],[0,0],[2.879,0],[0,-2.88]],"o":[[0,0],[0,0],[0,-2.88],[-2.883,0],[0,0]],"v":[[-5.227,12.107],[5.225,12.107],[5.225,-6.883],[0.003,-12.107],[-5.227,-6.883]],"c":true},"ix":2},"nm":"Tracciato 2","mn":"ADBE Vector Shape - Group","hd":false},{"ty":"fl","c":{"a":0,"k":[1,1,1,1],"ix":4},"o":{"a":0,"k":100,"ix":5},"r":1,"nm":"Riempimento 1","mn":"ADBE Vector Graphic - Fill","hd":false},{"ty":"tr","p":{"a":0,"k":[416.237,113.165],"ix":2},"a":{"a":0,"k":[0,0],"ix":1},"s":{"a":0,"k":[100,100],"ix":3},"r":{"a":0,"k":0,"ix":6},"o":{"a":0,"k":100,"ix":7},"sk":{"a":0,"k":0,"ix":4},"sa":{"a":0,"k":0,"ix":5},"nm":"Trasformazione"}],"nm":"Gruppo 70","np":3,"cix":2,"ix":70,"mn":"ADBE Vector Group","hd":false},{"ty":"gr","it":[{"ind":0,"ty":"sh","ix":1,"ks":{"a":0,"k":{"i":[[0,0],[0,0],[0,0],[-3.785,0],[0,-3.782]],"o":[[0,0],[0,0],[0,-3.782],[3.784,0],[0,0]],"v":[[6.862,13.742],[-6.862,13.742],[-6.862,-6.883],[-0.001,-13.742],[6.862,-6.883]],"c":true},"ix":2},"nm":"Tracciato 1","mn":"ADBE Vector Shape - Group","hd":false},{"ind":1,"ty":"sh","ix":2,"ks":{"a":0,"k":{"i":[[0,0],[0,0],[0,0],[2.883,0],[0,-2.88]],"o":[[0,0],[0,0],[0,-2.88],[-2.884,0],[0,0]],"v":[[-5.227,12.107],[5.227,12.107],[5.227,-6.883],[-0.001,-12.107],[-5.227,-6.883]],"c":true},"ix":2},"nm":"Tracciato 2","mn":"ADBE Vector Shape - Group","hd":false},{"ty":"fl","c":{"a":0,"k":[1,1,1,1],"ix":4},"o":{"a":0,"k":100,"ix":5},"r":1,"nm":"Riempimento 1","mn":"ADBE Vector Graphic - Fill","hd":false},{"ty":"tr","p":{"a":0,"k":[394.085,113.165],"ix":2},"a":{"a":0,"k":[0,0],"ix":1},"s":{"a":0,"k":[100,100],"ix":3},"r":{"a":0,"k":0,"ix":6},"o":{"a":0,"k":100,"ix":7},"sk":{"a":0,"k":0,"ix":4},"sa":{"a":0,"k":0,"ix":5},"nm":"Trasformazione"}],"nm":"Gruppo 71","np":3,"cix":2,"ix":71,"mn":"ADBE Vector Group","hd":false},{"ty":"gr","it":[{"ind":0,"ty":"sh","ix":1,"ks":{"a":0,"k":{"i":[[0,0],[0,0],[0,0],[0,0]],"o":[[0,0],[0,0],[0,0],[0,0]],"v":[[-18.325,16.355],[18.325,16.355],[18.325,-16.355],[-18.325,-16.355]],"c":true},"ix":2},"nm":"Tracciato 1","mn":"ADBE Vector Shape - Group","hd":false},{"ind":1,"ty":"sh","ix":2,"ks":{"a":0,"k":{"i":[[0,0],[0,0],[0,0],[0,0]],"o":[[0,0],[0,0],[0,0],[0,0]],"v":[[-16.69,14.718],[-16.69,-14.719],[16.691,-14.719],[16.691,14.718]],"c":true},"ix":2},"nm":"Tracciato 2","mn":"ADBE Vector Shape - Group","hd":false},{"ty":"fl","c":{"a":0,"k":[1,1,1,1],"ix":4},"o":{"a":0,"k":100,"ix":5},"r":1,"nm":"Riempimento 1","mn":"ADBE Vector Graphic - Fill","hd":false},{"ty":"tr","p":{"a":0,"k":[351.792,153.143],"ix":2},"a":{"a":0,"k":[0,0],"ix":1},"s":{"a":0,"k":[100,100],"ix":3},"r":{"a":0,"k":0,"ix":6},"o":{"a":0,"k":100,"ix":7},"sk":{"a":0,"k":0,"ix":4},"sa":{"a":0,"k":0,"ix":5},"nm":"Trasformazione"}],"nm":"Gruppo 72","np":3,"cix":2,"ix":72,"mn":"ADBE Vector Group","hd":false},{"ty":"gr","it":[{"ind":0,"ty":"sh","ix":1,"ks":{"a":0,"k":{"i":[[0,0],[0,0],[0,0],[0,0]],"o":[[0,0],[0,0],[0,0],[0,0]],"v":[[-56.423,2.703],[56.423,2.703],[56.423,-2.703],[-56.423,-2.703]],"c":true},"ix":2},"nm":"Tracciato 1","mn":"ADBE Vector Shape - Group","hd":false},{"ind":1,"ty":"sh","ix":2,"ks":{"a":0,"k":{"i":[[0,0],[0,0],[0,0],[0,0]],"o":[[0,0],[0,0],[0,0],[0,0]],"v":[[-54.788,1.068],[-54.788,-1.069],[54.786,-1.069],[54.786,1.068]],"c":true},"ix":2},"nm":"Tracciato 2","mn":"ADBE Vector Shape - Group","hd":false},{"ty":"fl","c":{"a":0,"k":[1,1,1,1],"ix":4},"o":{"a":0,"k":100,"ix":5},"r":1,"nm":"Riempimento 1","mn":"ADBE Vector Graphic - Fill","hd":false},{"ty":"tr","p":{"a":0,"k":[379.152,82.971],"ix":2},"a":{"a":0,"k":[0,0],"ix":1},"s":{"a":0,"k":[100,100],"ix":3},"r":{"a":0,"k":0,"ix":6},"o":{"a":0,"k":100,"ix":7},"sk":{"a":0,"k":0,"ix":4},"sa":{"a":0,"k":0,"ix":5},"nm":"Trasformazione"}],"nm":"Gruppo 73","np":3,"cix":2,"ix":73,"mn":"ADBE Vector Group","hd":false},{"ty":"gr","it":[{"ind":0,"ty":"sh","ix":1,"ks":{"a":0,"k":{"i":[[0,0],[0,0],[0,0],[-2.856,0],[0,-2.859],[0,0],[0,0],[0,0],[0,0],[0,0],[0,0],[0,0],[0,0],[0,0],[0,0],[0,0],[1.957,0],[0,-1.957],[0,0]],"o":[[0,0],[0,0],[0,-2.859],[2.859,0],[0,0],[0,0],[0,0],[0,0],[0,0],[0,0],[0,0],[0,0],[0,0],[0,0],[0,0],[0,-1.957],[-1.953,0],[0,0],[0,0]],"v":[[-4.966,95.124],[-6.603,95.124],[-6.603,-90.538],[-1.419,-95.722],[3.766,-90.538],[3.766,-71.557],[6.603,-71.557],[6.603,-66.147],[3.854,-66.147],[3.812,95.722],[2.178,95.722],[2.224,-67.782],[4.967,-67.782],[4.967,-69.922],[2.132,-69.922],[2.132,-90.538],[-1.419,-94.087],[-4.966,-90.538],[-4.966,30.756]],"c":true},"ix":2},"nm":"Tracciato 1","mn":"ADBE Vector Shape - Group","hd":false},{"ty":"fl","c":{"a":0,"k":[1,1,1,1],"ix":4},"o":{"a":0,"k":100,"ix":5},"r":1,"nm":"Riempimento 1","mn":"ADBE Vector Graphic - Fill","hd":false},{"ty":"tr","p":{"a":0,"k":[440.541,151.844],"ix":2},"a":{"a":0,"k":[0,0],"ix":1},"s":{"a":0,"k":[100,100],"ix":3},"r":{"a":0,"k":0,"ix":6},"o":{"a":0,"k":100,"ix":7},"sk":{"a":0,"k":0,"ix":4},"sa":{"a":0,"k":0,"ix":5},"nm":"Trasformazione"}],"nm":"Gruppo 74","np":2,"cix":2,"ix":74,"mn":"ADBE Vector Group","hd":false},{"ty":"gr","it":[{"ind":0,"ty":"sh","ix":1,"ks":{"a":0,"k":{"i":[[0,0],[0,0],[0,0],[0,0],[0,0],[0,0],[0,0],[-2.859,0],[0,-2.871]],"o":[[0,0],[0,0],[0,0],[0,0],[0,0],[0,0],[0,-2.871],[2.855,0],[0,0]],"v":[[6.602,95.912],[-3.766,95.912],[-3.766,-66.197],[-6.602,-66.197],[-6.602,-71.626],[-3.766,-71.626],[-3.766,-90.706],[1.42,-95.913],[6.602,-90.706]],"c":true},"ix":2},"nm":"Tracciato 1","mn":"ADBE Vector Shape - Group","hd":false},{"ind":1,"ty":"sh","ix":2,"ks":{"a":0,"k":{"i":[[0,0],[0,0],[0,0],[1.953,0],[0,-1.969],[0,0],[0,0],[0,0],[0,0]],"o":[[0,0],[0,0],[0,-1.969],[-1.958,0],[0,0],[0,0],[0,0],[0,0],[0,0]],"v":[[-2.13,94.277],[4.966,94.277],[4.966,-90.706],[1.42,-94.278],[-2.13,-90.706],[-2.13,-69.991],[-4.967,-69.991],[-4.967,-67.832],[-2.13,-67.832]],"c":true},"ix":2},"nm":"Tracciato 2","mn":"ADBE Vector Shape - Group","hd":false},{"ty":"fl","c":{"a":0,"k":[1,1,1,1],"ix":4},"o":{"a":0,"k":100,"ix":5},"r":1,"nm":"Riempimento 1","mn":"ADBE Vector Graphic - Fill","hd":false},{"ty":"tr","p":{"a":0,"k":[317.762,152.034],"ix":2},"a":{"a":0,"k":[0,0],"ix":1},"s":{"a":0,"k":[100,100],"ix":3},"r":{"a":0,"k":0,"ix":6},"o":{"a":0,"k":100,"ix":7},"sk":{"a":0,"k":0,"ix":4},"sa":{"a":0,"k":0,"ix":5},"nm":"Trasformazione"}],"nm":"Gruppo 75","np":3,"cix":2,"ix":75,"mn":"ADBE Vector Group","hd":false},{"ty":"gr","it":[{"ind":0,"ty":"sh","ix":1,"ks":{"a":0,"k":{"i":[[0,0],[0,0],[0,0],[-3.78,0],[0,-3.782]],"o":[[0,0],[0,0],[0,-3.782],[3.785,0],[0,0]],"v":[[6.862,13.742],[-6.862,13.742],[-6.862,-6.883],[-0.002,-13.742],[6.862,-6.883]],"c":true},"ix":2},"nm":"Tracciato 1","mn":"ADBE Vector Shape - Group","hd":false},{"ind":1,"ty":"sh","ix":2,"ks":{"a":0,"k":{"i":[[0,0],[0,0],[0,0],[2.883,0],[0,-2.88]],"o":[[0,0],[0,0],[0,-2.88],[-2.878,0],[0,0]],"v":[[-5.226,12.107],[5.226,12.107],[5.226,-6.883],[-0.002,-12.107],[-5.226,-6.883]],"c":true},"ix":2},"nm":"Tracciato 2","mn":"ADBE Vector Shape - Group","hd":false},{"ty":"fl","c":{"a":0,"k":[1,1,1,1],"ix":4},"o":{"a":0,"k":100,"ix":5},"r":1,"nm":"Riempimento 1","mn":"ADBE Vector Graphic - Fill","hd":false},{"ty":"tr","p":{"a":0,"k":[362.784,113.165],"ix":2},"a":{"a":0,"k":[0,0],"ix":1},"s":{"a":0,"k":[100,100],"ix":3},"r":{"a":0,"k":0,"ix":6},"o":{"a":0,"k":100,"ix":7},"sk":{"a":0,"k":0,"ix":4},"sa":{"a":0,"k":0,"ix":5},"nm":"Trasformazione"}],"nm":"Gruppo 76","np":3,"cix":2,"ix":76,"mn":"ADBE Vector Group","hd":false},{"ty":"gr","it":[{"ind":0,"ty":"sh","ix":1,"ks":{"a":0,"k":{"i":[[0,0],[0,0],[0,0],[-3.784,0],[0,-3.782]],"o":[[0,0],[0,0],[0,-3.782],[3.785,0],[0,0]],"v":[[6.864,13.742],[-6.864,13.742],[-6.864,-6.883],[0,-13.742],[6.864,-6.883]],"c":true},"ix":2},"nm":"Tracciato 1","mn":"ADBE Vector Shape - Group","hd":false},{"ind":1,"ty":"sh","ix":2,"ks":{"a":0,"k":{"i":[[0,0],[0,0],[0,0],[2.883,0],[0,-2.88]],"o":[[0,0],[0,0],[0,-2.88],[-2.883,0],[0,0]],"v":[[-5.229,12.107],[5.228,12.107],[5.228,-6.883],[0,-12.107],[-5.229,-6.883]],"c":true},"ix":2},"nm":"Tracciato 2","mn":"ADBE Vector Shape - Group","hd":false},{"ty":"fl","c":{"a":0,"k":[1,1,1,1],"ix":4},"o":{"a":0,"k":100,"ix":5},"r":1,"nm":"Riempimento 1","mn":"ADBE Vector Graphic - Fill","hd":false},{"ty":"tr","p":{"a":0,"k":[340.629,113.165],"ix":2},"a":{"a":0,"k":[0,0],"ix":1},"s":{"a":0,"k":[100,100],"ix":3},"r":{"a":0,"k":0,"ix":6},"o":{"a":0,"k":100,"ix":7},"sk":{"a":0,"k":0,"ix":4},"sa":{"a":0,"k":0,"ix":5},"nm":"Trasformazione"}],"nm":"Gruppo 77","np":3,"cix":2,"ix":77,"mn":"ADBE Vector Group","hd":false},{"ty":"gr","it":[{"ind":0,"ty":"sh","ix":1,"ks":{"a":0,"k":{"i":[[0,0],[0,0],[0,0],[0,0],[0,0],[0,0],[0,0],[0,0],[0,0],[0,0]],"o":[[0,0],[0,0],[0,0],[0,0],[0,0],[0,0],[0,0],[0,0],[0,0],[0,0]],"v":[[-56.423,-87.251],[-56.423,87.251],[55.605,87.251],[55.605,85.616],[-54.787,85.616],[-54.787,-85.616],[54.787,-85.616],[54.787,22.82],[56.423,22.82],[56.423,-87.251]],"c":true},"ix":2},"nm":"Tracciato 1","mn":"ADBE Vector Shape - Group","hd":false},{"ty":"fl","c":{"a":0,"k":[1,1,1,1],"ix":4},"o":{"a":0,"k":100,"ix":5},"r":1,"nm":"Riempimento 1","mn":"ADBE Vector Graphic - Fill","hd":false},{"ty":"tr","p":{"a":0,"k":[379.151,160.695],"ix":2},"a":{"a":0,"k":[0,0],"ix":1},"s":{"a":0,"k":[100,100],"ix":3},"r":{"a":0,"k":0,"ix":6},"o":{"a":0,"k":100,"ix":7},"sk":{"a":0,"k":0,"ix":4},"sa":{"a":0,"k":0,"ix":5},"nm":"Trasformazione"}],"nm":"Gruppo 78","np":2,"cix":2,"ix":78,"mn":"ADBE Vector Group","hd":false},{"ty":"gr","it":[{"ind":0,"ty":"sh","ix":1,"ks":{"a":0,"k":{"i":[[0,0],[0,0],[0,0],[0,0],[0,0]],"o":[[0,0],[0,0],[0,0],[0,0],[0,0]],"v":[[-56.423,18.527],[-56.423,6.178],[0.852,-18.527],[56.423,6.092],[56.423,18.527]],"c":true},"ix":2},"nm":"Tracciato 1","mn":"ADBE Vector Shape - Group","hd":false},{"ind":1,"ty":"sh","ix":2,"ks":{"a":0,"k":{"i":[[0,0],[0,0],[0,0],[0,0],[0,0]],"o":[[0,0],[0,0],[0,0],[0,0],[0,0]],"v":[[-54.787,16.893],[54.787,16.893],[54.787,7.157],[0.844,-16.742],[-54.787,7.254]],"c":true},"ix":2},"nm":"Tracciato 2","mn":"ADBE Vector Shape - Group","hd":false},{"ty":"fl","c":{"a":0,"k":[1,1,1,1],"ix":4},"o":{"a":0,"k":100,"ix":5},"r":1,"nm":"Riempimento 1","mn":"ADBE Vector Graphic - Fill","hd":false},{"ty":"tr","p":{"a":0,"k":[379.151,56.552],"ix":2},"a":{"a":0,"k":[0,0],"ix":1},"s":{"a":0,"k":[100,100],"ix":3},"r":{"a":0,"k":0,"ix":6},"o":{"a":0,"k":100,"ix":7},"sk":{"a":0,"k":0,"ix":4},"sa":{"a":0,"k":0,"ix":5},"nm":"Trasformazione"}],"nm":"Gruppo 79","np":3,"cix":2,"ix":79,"mn":"ADBE Vector Group","hd":false}],"ip":0,"op":239.999979227274,"st":0,"bm":0}]}],"layers":[{"ddd":0,"ind":1,"ty":4,"nm":"sfondo contorni","td":1,"sr":1,"ks":{"o":{"a":0,"k":100,"ix":11},"r":{"a":0,"k":0,"ix":10},"p":{"a":0,"k":[260,259.75,0],"ix":2},"a":{"a":0,"k":[260,260,0],"ix":1},"s":{"a":0,"k":[100,100,100],"ix":6}},"ao":0,"shapes":[{"ty":"gr","it":[{"ind":0,"ty":"sh","ix":1,"ks":{"a":0,"k":{"i":[[8.969,0],[6.844,-6.843],[0,0],[0.031,-8.928],[0,0],[-6.811,-6.812],[0,0],[-8.928,-0.031],[0,0],[-6.813,6.814],[0,0],[-0.031,8.928],[0,0],[6.812,6.813],[0,0]],"o":[[-8.969,0],[0,0],[-6.811,6.813],[0,0],[0.031,8.928],[0,0],[6.813,6.814],[0,0],[8.929,-0.031],[0,0],[6.812,-6.812],[0,0],[-0.031,-8.929],[0,0],[-6.844,-6.843]],"v":[[0,-260],[-24.781,-249.735],[-249.738,-24.781],[-260,-0.12],[-260,0.121],[-249.738,24.781],[-24.781,249.733],[-0.12,260],[0.12,260],[24.782,249.733],[249.736,24.781],[260,0.121],[260,-0.119],[249.736,-24.781],[24.782,-249.735]],"c":true},"ix":2},"nm":"Tracciato 2","mn":"ADBE Vector Shape - Group","hd":false},{"ty":"fl","c":{"a":0,"k":[0.5,0.5,0.5,1],"ix":4},"o":{"a":0,"k":100,"ix":5},"r":1,"nm":"Riempimento 1","mn":"ADBE Vector Graphic - Fill","hd":false},{"ty":"tr","p":{"a":0,"k":[260,260],"ix":2},"a":{"a":0,"k":[0,0],"ix":1},"s":{"a":0,"k":[100,100],"ix":3},"r":{"a":0,"k":0,"ix":6},"o":{"a":0,"k":100,"ix":7},"sk":{"a":0,"k":0,"ix":4},"sa":{"a":0,"k":0,"ix":5},"nm":"Trasformazione"}],"nm":"Gruppo 1","np":2,"cix":2,"ix":1,"mn":"ADBE Vector Group","hd":false}],"ip":0,"op":239.999979227274,"st":0,"bm":0},{"ddd":0,"ind":2,"ty":0,"nm":"sfondo_abilita","tt":1,"refId":"comp_0","sr":1,"ks":{"o":{"a":0,"k":100,"ix":11},"r":{"a":0,"k":0,"ix":10},"p":{"a":0,"k":[260,360.5,0],"ix":2},"a":{"a":0,"k":[375,667,0],"ix":1},"s":{"a":0,"k":[100,100,100],"ix":6}},"ao":0,"w":750,"h":1334,"ip":0,"op":239.999979227274,"st":0,"bm":0},{"ddd":0,"ind":3,"ty":4,"nm":"sfondo contorni 2","sr":1,"ks":{"o":{"a":0,"k":100,"ix":11},"r":{"a":0,"k":0,"ix":10},"p":{"a":0,"k":[260,259.75,0],"ix":2},"a":{"a":0,"k":[260,260,0],"ix":1},"s":{"a":0,"k":[100,100,100],"ix":6}},"ao":0,"shapes":[{"ty":"gr","it":[{"ind":0,"ty":"sh","ix":1,"ks":{"a":0,"k":{"i":[[8.969,0],[6.844,-6.843],[0,0],[0.031,-8.928],[0,0],[-6.811,-6.812],[0,0],[-8.928,-0.031],[0,0],[-6.813,6.814],[0,0],[-0.031,8.928],[0,0],[6.812,6.813],[0,0]],"o":[[-8.969,0],[0,0],[-6.811,6.813],[0,0],[0.031,8.928],[0,0],[6.813,6.814],[0,0],[8.929,-0.031],[0,0],[6.812,-6.812],[0,0],[-0.031,-8.929],[0,0],[-6.844,-6.843]],"v":[[0,-260],[-24.781,-249.735],[-249.738,-24.781],[-260,-0.12],[-260,0.121],[-249.738,24.781],[-24.781,249.733],[-0.12,260],[0.12,260],[24.782,249.733],[249.736,24.781],[260,0.121],[260,-0.119],[249.736,-24.781],[24.782,-249.735]],"c":true},"ix":2},"nm":"Tracciato 2","mn":"ADBE Vector Shape - Group","hd":false},{"ty":"gf","o":{"a":0,"k":8,"ix":10},"r":1,"g":{"p":3,"k":{"a":0,"k":[0,1,1,1,0.515,0.5,0.5,0.5,1,0,0,0],"ix":9}},"s":{"a":0,"k":[0.941,261.406],"ix":5},"e":{"a":0,"k":[-1.297,-259.602],"ix":6},"t":1,"nm":"Riempimento sfumatura 1","mn":"ADBE Vector Graphic - G-Fill","hd":false},{"ty":"tr","p":{"a":0,"k":[260,260],"ix":2},"a":{"a":0,"k":[0,0],"ix":1},"s":{"a":0,"k":[100,100],"ix":3},"r":{"a":0,"k":0,"ix":6},"o":{"a":0,"k":100,"ix":7},"sk":{"a":0,"k":0,"ix":4},"sa":{"a":0,"k":0,"ix":5},"nm":"Trasformazione"}],"nm":"Gruppo 1","np":2,"cix":2,"ix":1,"mn":"ADBE Vector Group","hd":false}],"ip":0,"op":239.999979227274,"st":0,"bm":0}],"markers":[]}