{"v":"5.7.4","fr":23.9759979248047,"ip":0,"op":192.999983295266,"w":520,"h":520,"nm":"animazione_ecommerce","ddd":0,"assets":[{"id":"image_0","w":601,"h":224,"u":"images/","p":"img_0.png","e":0},{"id":"comp_0","layers":[{"ddd":0,"ind":1,"ty":2,"nm":"Logo_bplay.eps","cl":"eps","refId":"image_0","sr":1,"ks":{"o":{"a":0,"k":100,"ix":11},"r":{"a":0,"k":0,"ix":10},"p":{"a":0,"k":[376,632,0],"ix":2,"l":2},"a":{"a":0,"k":[300.5,112,0],"ix":1,"l":2},"s":{"a":0,"k":[23.627,21.429,100],"ix":6,"l":2}},"ao":0,"ip":0,"op":203.999982343183,"st":0,"bm":0},{"ddd":0,"ind":2,"ty":4,"nm":"forme ecommerc2 contorni","sr":1,"ks":{"o":{"a":0,"k":100,"ix":11},"r":{"a":0,"k":0,"ix":10},"p":{"a":0,"k":[555,517,0],"ix":2,"l":2},"a":{"a":0,"k":[46.5,15,0],"ix":1,"l":2},"s":{"a":0,"k":[100,100,100],"ix":6,"l":2}},"ao":0,"shapes":[{"ty":"gr","it":[{"ind":0,"ty":"sh","ix":1,"ks":{"a":0,"k":{"i":[[-0.527,0],[0,0],[0,0.527],[0.527,0],[0,0],[0,-0.527]],"o":[[0,0],[0.527,0],[0,-0.527],[0,0],[-0.527,0],[0,0.527]],"v":[[-4.046,0.954],[4.046,0.954],[5,0],[4.046,-0.954],[-4.046,-0.954],[-5,0]],"c":true},"ix":2},"nm":"Tracciato 1","mn":"ADBE Vector Shape - Group","hd":false},{"ty":"fl","c":{"a":0,"k":[1,1,1,1],"ix":4},"o":{"a":0,"k":100,"ix":5},"r":1,"bm":0,"nm":"Riempimento 1","mn":"ADBE Vector Graphic - Fill","hd":false},{"ty":"tr","p":{"a":1,"k":[{"i":{"x":0.667,"y":1},"o":{"x":0.333,"y":0},"t":0,"s":[71,16.954],"e":[76,16.954],"to":[0.833,0],"ti":[0,0]},{"i":{"x":0.667,"y":1},"o":{"x":0.333,"y":0},"t":48,"s":[76,16.954],"e":[71,16.954],"to":[0,0],"ti":[0.833,0]},{"t":94.9999917774627}],"ix":2},"a":{"a":0,"k":[0,0],"ix":1},"s":{"a":0,"k":[100,100],"ix":3},"r":{"a":0,"k":0,"ix":6},"o":{"a":0,"k":100,"ix":7},"sk":{"a":0,"k":0,"ix":4},"sa":{"a":0,"k":0,"ix":5},"nm":"Trasformazione"}],"nm":"Gruppo 1","np":2,"cix":2,"bm":0,"ix":1,"mn":"ADBE Vector Group","hd":false},{"ty":"gr","it":[{"ind":0,"ty":"sh","ix":1,"ks":{"a":0,"k":{"i":[[-0.527,0],[0,0],[0,0.527],[0.527,0],[0,0],[0,-0.527]],"o":[[0,0],[0.527,0],[0,-0.527],[0,0],[-0.527,0],[0,0.527]],"v":[[-4.046,0.954],[4.046,0.954],[5,0],[4.046,-0.954],[-4.046,-0.954],[-5,0]],"c":true},"ix":2},"nm":"Tracciato 1","mn":"ADBE Vector Shape - Group","hd":false},{"ty":"fl","c":{"a":0,"k":[1,1,1,1],"ix":4},"o":{"a":0,"k":100,"ix":5},"r":1,"bm":0,"nm":"Riempimento 1","mn":"ADBE Vector Graphic - Fill","hd":false},{"ty":"tr","p":{"a":1,"k":[{"i":{"x":0.667,"y":1},"o":{"x":0.333,"y":0},"t":0,"s":[88,28.954],"e":[83,28.954],"to":[-0.833,0],"ti":[0,0]},{"i":{"x":0.667,"y":1},"o":{"x":0.333,"y":0},"t":48,"s":[83,28.954],"e":[88,28.954],"to":[0,0],"ti":[-0.833,0]},{"t":94.9999917774627}],"ix":2},"a":{"a":0,"k":[0,0],"ix":1},"s":{"a":0,"k":[100,100],"ix":3},"r":{"a":0,"k":0,"ix":6},"o":{"a":0,"k":100,"ix":7},"sk":{"a":0,"k":0,"ix":4},"sa":{"a":0,"k":0,"ix":5},"nm":"Trasformazione"}],"nm":"Gruppo 2","np":2,"cix":2,"bm":0,"ix":2,"mn":"ADBE Vector Group","hd":false},{"ty":"gr","it":[{"ind":0,"ty":"sh","ix":1,"ks":{"a":0,"k":{"i":[[0,0],[0,0],[-0.259,0.26],[-0.259,-0.259],[0,0],[0,0],[-0.26,-0.259],[0.259,-0.259],[0,0],[0,0],[0.259,-0.26],[0.17,0],[0.129,0.13],[0,0],[0,0],[0.169,0],[0.13,0.13],[-0.259,0.259]],"o":[[0,0],[-0.259,-0.259],[0.26,-0.259],[0,0],[0,0],[0.259,-0.259],[0.259,0.26],[0,0],[0,0],[0.259,0.259],[-0.13,0.13],[-0.169,0],[0,0],[0,0],[-0.129,0.13],[-0.17,0],[-0.259,-0.26],[0,0]],"v":[[-0.971,0],[-1.839,-0.867],[-1.839,-1.806],[-0.9,-1.806],[-0.033,-0.937],[0.835,-1.806],[1.773,-1.806],[1.773,-0.867],[0.906,0],[1.773,0.868],[1.773,1.806],[1.303,2],[0.835,1.806],[-0.033,0.938],[-0.9,1.806],[-1.368,2],[-1.839,1.806],[-1.839,0.868]],"c":true},"ix":2},"nm":"Tracciato 1","mn":"ADBE Vector Shape - Group","hd":false},{"ty":"fl","c":{"a":0,"k":[1,1,1,1],"ix":4},"o":{"a":0,"k":100,"ix":5},"r":1,"bm":0,"nm":"Riempimento 1","mn":"ADBE Vector Graphic - Fill","hd":false},{"ty":"tr","p":{"a":0,"k":[2.033,2],"ix":2},"a":{"a":0,"k":[0,0],"ix":1},"s":{"a":0,"k":[100,100],"ix":3},"r":{"a":0,"k":0,"ix":6},"o":{"a":0,"k":100,"ix":7},"sk":{"a":0,"k":0,"ix":4},"sa":{"a":0,"k":0,"ix":5},"nm":"Trasformazione"}],"nm":"Gruppo 3","np":2,"cix":2,"bm":0,"ix":3,"mn":"ADBE Vector Group","hd":false}],"ip":0,"op":203.999982343183,"st":0,"bm":0},{"ddd":0,"ind":3,"ty":4,"nm":"forme ecommerce contorni","sr":1,"ks":{"o":{"a":0,"k":100,"ix":11},"r":{"a":0,"k":0,"ix":10},"p":{"a":0,"k":[166.5,573,0],"ix":2,"l":2},"a":{"a":0,"k":[31.5,14,0],"ix":1,"l":2},"s":{"a":0,"k":[100,100,100],"ix":6,"l":2}},"ao":0,"shapes":[{"ty":"gr","it":[{"ind":0,"ty":"sh","ix":1,"ks":{"a":0,"k":{"i":[[-0.527,0],[0,0],[0,0.527],[0.527,0],[0,0],[0,-0.527]],"o":[[0,0],[0.527,0],[0,-0.527],[0,0],[-0.527,0],[0,0.527]],"v":[[-4.046,0.954],[4.046,0.954],[5,0],[4.046,-0.954],[-4.046,-0.954],[-5,0]],"c":true},"ix":2},"nm":"Tracciato 1","mn":"ADBE Vector Shape - Group","hd":false},{"ty":"fl","c":{"a":0,"k":[1,1,1,1],"ix":4},"o":{"a":0,"k":100,"ix":5},"r":1,"bm":0,"nm":"Riempimento 1","mn":"ADBE Vector Graphic - Fill","hd":false},{"ty":"tr","p":{"a":1,"k":[{"i":{"x":0.667,"y":1},"o":{"x":0.333,"y":0},"t":0,"s":[14,26.954],"e":[19,26.954],"to":[0.833,0],"ti":[0,0]},{"i":{"x":0.667,"y":1},"o":{"x":0.333,"y":0},"t":48,"s":[19,26.954],"e":[14,26.954],"to":[0,0],"ti":[0.833,0]},{"t":94.9999917774627}],"ix":2},"a":{"a":0,"k":[0,0],"ix":1},"s":{"a":0,"k":[100,100],"ix":3},"r":{"a":0,"k":0,"ix":6},"o":{"a":0,"k":100,"ix":7},"sk":{"a":0,"k":0,"ix":4},"sa":{"a":0,"k":0,"ix":5},"nm":"Trasformazione"}],"nm":"Gruppo 1","np":2,"cix":2,"bm":0,"ix":1,"mn":"ADBE Vector Group","hd":false},{"ty":"gr","it":[{"ind":0,"ty":"sh","ix":1,"ks":{"a":0,"k":{"i":[[-0.527,0],[0,0],[0,0.527],[0.526,0],[0,0],[0,-0.527]],"o":[[0,0],[0.526,0],[0,-0.527],[0,0],[-0.527,0],[0,0.527]],"v":[[-6.405,0.954],[6.405,0.954],[7.359,0],[6.405,-0.954],[-6.405,-0.954],[-7.359,0]],"c":true},"ix":2},"nm":"Tracciato 1","mn":"ADBE Vector Shape - Group","hd":false},{"ty":"fl","c":{"a":0,"k":[1,1,1,1],"ix":4},"o":{"a":0,"k":100,"ix":5},"r":1,"bm":0,"nm":"Riempimento 1","mn":"ADBE Vector Graphic - Fill","hd":false},{"ty":"tr","p":{"a":1,"k":[{"i":{"x":0.667,"y":1},"o":{"x":0.333,"y":0},"t":0,"s":[7.359,11.954],"e":[2.359,11.954],"to":[-0.833,0],"ti":[0,0]},{"i":{"x":0.667,"y":1},"o":{"x":0.333,"y":0},"t":48,"s":[2.359,11.954],"e":[7.359,11.954],"to":[0,0],"ti":[-0.833,0]},{"t":94.9999917774627}],"ix":2},"a":{"a":0,"k":[0,0],"ix":1},"s":{"a":0,"k":[100,100],"ix":3},"r":{"a":0,"k":0,"ix":6},"o":{"a":0,"k":100,"ix":7},"sk":{"a":0,"k":0,"ix":4},"sa":{"a":0,"k":0,"ix":5},"nm":"Trasformazione"}],"nm":"Gruppo 2","np":2,"cix":2,"bm":0,"ix":2,"mn":"ADBE Vector Group","hd":false},{"ty":"gr","it":[{"ind":0,"ty":"sh","ix":1,"ks":{"a":0,"k":{"i":[[0,0],[0,0],[-0.259,0.26],[-0.258,-0.259],[0,0],[0,0],[-0.259,-0.259],[0.259,-0.259],[0,0],[0,0],[0.259,-0.26],[0.17,0],[0.129,0.13],[0,0],[0,0],[0.17,0],[0.129,0.13],[-0.259,0.259]],"o":[[0,0],[-0.259,-0.259],[0.259,-0.259],[0,0],[0,0],[0.258,-0.259],[0.259,0.26],[0,0],[0,0],[0.259,0.259],[-0.129,0.13],[-0.17,0],[0,0],[0,0],[-0.129,0.13],[-0.17,0],[-0.259,-0.26],[0,0]],"v":[[-0.905,0],[-1.773,-0.867],[-1.773,-1.806],[-0.836,-1.806],[0.032,-0.937],[0.901,-1.806],[1.838,-1.806],[1.838,-0.867],[0.97,0],[1.838,0.868],[1.838,1.806],[1.369,2],[0.901,1.806],[0.032,0.938],[-0.836,1.806],[-1.304,2],[-1.773,1.806],[-1.773,0.868]],"c":true},"ix":2},"nm":"Tracciato 1","mn":"ADBE Vector Shape - Group","hd":false},{"ty":"fl","c":{"a":0,"k":[1,1,1,1],"ix":4},"o":{"a":0,"k":100,"ix":5},"r":1,"bm":0,"nm":"Riempimento 1","mn":"ADBE Vector Graphic - Fill","hd":false},{"ty":"tr","p":{"a":0,"k":[60.968,2],"ix":2},"a":{"a":0,"k":[0,0],"ix":1},"s":{"a":0,"k":[100,100],"ix":3},"r":{"a":0,"k":0,"ix":6},"o":{"a":0,"k":100,"ix":7},"sk":{"a":0,"k":0,"ix":4},"sa":{"a":0,"k":0,"ix":5},"nm":"Trasformazione"}],"nm":"Gruppo 3","np":2,"cix":2,"bm":0,"ix":3,"mn":"ADBE Vector Group","hd":false}],"ip":0,"op":203.999982343183,"st":0,"bm":0},{"ddd":0,"ind":4,"ty":4,"nm":"percentage contorni","parent":5,"sr":1,"ks":{"o":{"a":0,"k":100,"ix":11},"r":{"a":0,"k":0,"ix":10},"p":{"a":0,"k":[34.2,20.224,0],"ix":2,"l":2},"a":{"a":0,"k":[32.5,33.5,0],"ix":1,"l":2},"s":{"a":0,"k":[78.846,78.358,100],"ix":6,"l":2}},"ao":0,"shapes":[{"ty":"gr","it":[{"ind":0,"ty":"sh","ix":1,"ks":{"a":0,"k":{"i":[[0.363,-0.62],[0,0],[-0.938,-0.533],[-0.333,0],[-0.363,0.62],[0,0],[0.938,0.533],[0.333,0]],"o":[[0,0],[-0.542,0.924],[0.31,0.177],[0.679,0],[0,0],[0.542,-0.925],[-0.309,-0.177],[-0.679,-0.001]],"v":[[3.566,-9.954],[-6.964,8.021],[-6.246,10.661],[-5.267,10.922],[-3.566,9.954],[6.964,-8.02],[6.246,-10.661],[5.267,-10.921]],"c":true},"ix":2},"nm":"Tracciato 1","mn":"ADBE Vector Shape - Group","hd":false},{"ty":"fl","c":{"a":0,"k":[1,0.999998863071,1,1],"ix":4},"o":{"a":0,"k":100,"ix":5},"r":1,"bm":0,"nm":"Riempimento 1","mn":"ADBE Vector Graphic - Fill","hd":false},{"ty":"tr","p":{"a":0,"k":[33.31,37.831],"ix":2},"a":{"a":0,"k":[0,0],"ix":1},"s":{"a":0,"k":[100,100],"ix":3},"r":{"a":0,"k":0,"ix":6},"o":{"a":0,"k":100,"ix":7},"sk":{"a":0,"k":0,"ix":4},"sa":{"a":0,"k":0,"ix":5},"nm":"Trasformazione"}],"nm":"Gruppo 1","np":2,"cix":2,"bm":0,"ix":1,"mn":"ADBE Vector Group","hd":false},{"ty":"gr","it":[{"ind":0,"ty":"sh","ix":1,"ks":{"a":0,"k":{"i":[[1.089,-1.86],[-2.811,-1.599],[-0.998,0],[-1.089,1.86],[2.811,1.599],[0.997,0]],"o":[[-1.623,2.77],[0.924,0.526],[2.036,0],[1.622,-2.769],[-0.924,-0.526],[-2.036,0]],"v":[[-5.097,-2.9],[-2.943,5.023],[-0.01,5.799],[5.098,2.9],[2.943,-5.023],[0.01,-5.799]],"c":true},"ix":2},"nm":"Tracciato 1","mn":"ADBE Vector Shape - Group","hd":false},{"ind":1,"ty":"sh","ix":2,"ks":{"a":0,"k":{"i":[[0.309,0.175],[-0.541,0.923],[-0.679,0],[-0.308,-0.176],[0.541,-0.923],[0.679,0]],"o":[[-0.937,-0.533],[0.363,-0.62],[0.332,0],[0.937,0.532],[-0.362,0.619],[-0.333,0]],"v":[[-0.981,1.674],[-1.699,-0.967],[0.004,-1.934],[0.981,-1.674],[1.699,0.967],[-0.003,1.934]],"c":true},"ix":2},"nm":"Tracciato 2","mn":"ADBE Vector Shape - Group","hd":false},{"ty":"mm","mm":1,"nm":"Unisci tracciati 1","mn":"ADBE Vector Filter - Merge","hd":false},{"ty":"fl","c":{"a":0,"k":[1,0.999998863071,1,1],"ix":4},"o":{"a":0,"k":100,"ix":5},"r":1,"bm":0,"nm":"Riempimento 1","mn":"ADBE Vector Graphic - Fill","hd":false},{"ty":"tr","p":{"a":0,"k":[43.505,43.632],"ix":2},"a":{"a":0,"k":[0,0],"ix":1},"s":{"a":0,"k":[100,100],"ix":3},"r":{"a":0,"k":0,"ix":6},"o":{"a":0,"k":100,"ix":7},"sk":{"a":0,"k":0,"ix":4},"sa":{"a":0,"k":0,"ix":5},"nm":"Trasformazione"}],"nm":"Gruppo 2","np":4,"cix":2,"bm":0,"ix":2,"mn":"ADBE Vector Group","hd":false},{"ty":"gr","it":[{"ind":0,"ty":"sh","ix":1,"ks":{"a":0,"k":{"i":[[0.507,-0.134],[0.786,-1.342],[-0.406,-1.496],[-1.361,-0.775],[-0.998,0],[-1.089,1.859],[0.407,1.497],[1.361,0.774],[1.019,0]],"o":[[-1.519,0.401],[-0.787,1.342],[0.407,1.496],[0.925,0.527],[2.036,0],[0.787,-1.342],[-0.407,-1.496],[-0.907,-0.516],[-0.512,0]],"v":[[-1.523,-5.6],[-5.098,-2.898],[-5.687,1.504],[-2.943,5.025],[-0.01,5.801],[5.096,2.902],[5.686,-1.499],[2.943,-5.021],[0.01,-5.801]],"c":true},"ix":2},"nm":"Tracciato 1","mn":"ADBE Vector Shape - Group","hd":false},{"ind":1,"ty":"sh","ix":2,"ks":{"a":0,"k":{"i":[[0.307,0.176],[0.135,0.5],[-0.262,0.447],[-0.506,0.134],[-0.17,0],[-0.303,-0.172],[-0.135,-0.498],[0.263,-0.446],[0.678,0]],"o":[[-0.455,-0.258],[-0.136,-0.499],[0.262,-0.447],[0.169,-0.044],[0.34,0],[0.453,0.258],[0.136,0.5],[-0.363,0.62],[-0.333,0]],"v":[[-0.98,1.676],[-1.896,0.503],[-1.7,-0.965],[-0.508,-1.865],[0.003,-1.932],[0.982,-1.672],[1.895,-0.499],[1.699,0.969],[-0.004,1.936]],"c":true},"ix":2},"nm":"Tracciato 2","mn":"ADBE Vector Shape - Group","hd":false},{"ty":"mm","mm":1,"nm":"Unisci tracciati 1","mn":"ADBE Vector Filter - Merge","hd":false},{"ty":"fl","c":{"a":0,"k":[1,0.999998863071,1,1],"ix":4},"o":{"a":0,"k":100,"ix":5},"r":1,"bm":0,"nm":"Riempimento 1","mn":"ADBE Vector Graphic - Fill","hd":false},{"ty":"tr","p":{"a":0,"k":[23.116,32.028],"ix":2},"a":{"a":0,"k":[0,0],"ix":1},"s":{"a":0,"k":[100,100],"ix":3},"r":{"a":0,"k":0,"ix":6},"o":{"a":0,"k":100,"ix":7},"sk":{"a":0,"k":0,"ix":4},"sa":{"a":0,"k":0,"ix":5},"nm":"Trasformazione"}],"nm":"Gruppo 3","np":4,"cix":2,"bm":0,"ix":3,"mn":"ADBE Vector Group","hd":false},{"ty":"gr","it":[{"ind":0,"ty":"sh","ix":1,"ks":{"a":0,"k":{"i":[[0.359,-0.633],[-0.947,-0.52],[0,0],[5.098,-5.023],[0,-8.16],[-5.855,-5.771],[-8.28,0],[-5.855,5.77],[0,8.161],[1.11,3.194],[1.025,-0.346],[-0.352,-1.011],[0,-2.948],[14.93,0],[0,14.714],[-13.453,1.541],[0,0],[-0.529,-0.933],[-0.688,0],[-0.302,0.166],[0,0],[0,0.701],[0.621,0.342],[0,0],[0.324,0]],"o":[[-0.529,0.933],[0,0],[-7.076,0.708],[-5.855,5.77],[0,8.161],[5.856,5.77],[8.281,0],[5.856,-5.771],[0,-3.375],[-0.351,-1.01],[-1.025,0.347],[0.969,2.789],[0,14.714],[-14.929,0],[0,-13.664],[0,0],[-0.946,0.521],[0.359,0.633],[0.324,0],[0,0],[0.621,-0.342],[0,-0.7],[0,0],[-0.302,-0.167],[-0.687,0]],"v":[[-6.552,-32.009],[-5.796,-29.378],[-3.188,-27.942],[-21.921,-19.153],[-31,2.449],[-21.921,24.052],[0,33],[21.92,24.052],[31,2.449],[29.327,-7.45],[26.836,-8.653],[25.616,-6.197],[27.076,2.449],[0,29.133],[-27.076,2.449],[-3.146,-24.053],[-5.796,-22.594],[-6.552,-19.962],[-4.838,-18.971],[-3.883,-19.217],[5.345,-24.298],[6.35,-25.986],[5.345,-27.674],[-3.883,-32.754],[-4.838,-33]],"c":true},"ix":2},"nm":"Tracciato 1","mn":"ADBE Vector Shape - Group","hd":false},{"ty":"fl","c":{"a":0,"k":[1,0.999998863071,1,1],"ix":4},"o":{"a":0,"k":100,"ix":5},"r":1,"bm":0,"nm":"Riempimento 1","mn":"ADBE Vector Graphic - Fill","hd":false},{"ty":"tr","p":{"a":0,"k":[33.31,33.964],"ix":2},"a":{"a":0,"k":[0,0],"ix":1},"s":{"a":0,"k":[100,100],"ix":3},"r":{"a":0,"k":0,"ix":6},"o":{"a":0,"k":100,"ix":7},"sk":{"a":0,"k":0,"ix":4},"sa":{"a":0,"k":0,"ix":5},"nm":"Trasformazione"}],"nm":"Gruppo 4","np":2,"cix":2,"bm":0,"ix":4,"mn":"ADBE Vector Group","hd":false}],"ip":0,"op":203.999982343183,"st":0,"bm":0},{"ddd":0,"ind":5,"ty":3,"nm":"shopping-cart-3 contorni","sr":1,"ks":{"o":{"a":0,"k":100,"ix":11},"r":{"a":0,"k":0,"ix":10},"p":{"a":0,"k":[373.44,449.421,0],"ix":2,"l":2},"a":{"a":0,"k":[31,24.5,0],"ix":1,"l":2},"s":{"a":1,"k":[{"i":{"x":[0.667,0.667,0.667],"y":[1,1,1]},"o":{"x":[0.333,0.333,0.333],"y":[0,0,0]},"t":19,"s":[0,0,100],"e":[80,80,100]},{"i":{"x":[0.833,0.833,0.833],"y":[0.833,0.833,0.833]},"o":{"x":[0.167,0.167,0.167],"y":[0.167,0.167,0.167]},"t":23,"s":[80,80,100],"e":[80,80,100]},{"i":{"x":[0.667,0.667,0.667],"y":[1,1,1]},"o":{"x":[0.333,0.333,0.333],"y":[0,0,0]},"t":79,"s":[80,80,100],"e":[0,0,100]},{"t":82.999992816099}],"ix":6,"l":2}},"ao":0,"ip":0,"op":203.999982343183,"st":0,"bm":0},{"ddd":0,"ind":6,"ty":4,"nm":"phone contorni","sr":1,"ks":{"o":{"a":0,"k":100,"ix":11},"r":{"a":0,"k":0,"ix":10},"p":{"a":0,"k":[374.377,535.668,0],"ix":2,"l":2},"a":{"a":0,"k":[49.877,158.168,0],"ix":1,"l":2},"s":{"a":1,"k":[{"i":{"x":[0.667,0.667,0.667],"y":[1,1,1]},"o":{"x":[0.333,0.333,0.333],"y":[0,0,0]},"t":12,"s":[0,0,100],"e":[110,110,100]},{"i":{"x":[0.667,0.667,0.667],"y":[1,1,1]},"o":{"x":[0.333,0.333,0.333],"y":[0,0,0]},"t":19,"s":[110,110,100],"e":[100,100,100]},{"i":{"x":[0.833,0.833,0.833],"y":[0.833,0.833,0.833]},"o":{"x":[0.167,0.167,0.167],"y":[0.167,0.167,0.167]},"t":23,"s":[100,100,100],"e":[100,100,100]},{"i":{"x":[0.667,0.667,0.667],"y":[1,1,1]},"o":{"x":[0.333,0.333,0.333],"y":[0,0,0]},"t":81,"s":[100,100,100],"e":[0,0,100]},{"t":88.9999922967808}],"ix":6,"l":2}},"ao":0,"shapes":[{"ty":"gr","it":[{"ind":0,"ty":"sh","ix":1,"ks":{"a":0,"k":{"i":[[3.483,0],[0,3.473],[-3.483,0],[0,-3.47]],"o":[[-3.483,0],[0,-3.47],[3.483,0],[0,3.473]],"v":[[0.001,6.294],[-6.318,0],[0.001,-6.294],[6.318,0]],"c":true},"ix":2},"nm":"Tracciato 1","mn":"ADBE Vector Shape - Group","hd":false},{"ind":1,"ty":"sh","ix":2,"ks":{"a":0,"k":{"i":[[1.688,0],[0,-1.682],[-1.688,0],[0,1.683]],"o":[[-1.688,0],[0,1.683],[1.688,0],[0,-1.682]],"v":[[0.001,-3.051],[-3.062,0],[0.001,3.051],[3.062,0]],"c":true},"ix":2},"nm":"Tracciato 2","mn":"ADBE Vector Shape - Group","hd":false},{"ty":"fl","c":{"a":0,"k":[1,1,1,1],"ix":4},"o":{"a":0,"k":100,"ix":5},"r":1,"bm":0,"nm":"Riempimento 1","mn":"ADBE Vector Graphic - Fill","hd":false},{"ty":"tr","p":{"a":0,"k":[50.482,143.874],"ix":2},"a":{"a":0,"k":[0,0],"ix":1},"s":{"a":0,"k":[100,100],"ix":3},"r":{"a":0,"k":0,"ix":6},"o":{"a":0,"k":100,"ix":7},"sk":{"a":0,"k":0,"ix":4},"sa":{"a":0,"k":0,"ix":5},"nm":"Trasformazione"}],"nm":"Gruppo 2","np":3,"cix":2,"bm":0,"ix":1,"mn":"ADBE Vector Group","hd":false},{"ty":"gr","it":[{"ind":0,"ty":"sh","ix":1,"ks":{"a":0,"k":{"i":[[0,0],[0,0],[0,0],[0,0]],"o":[[0,0],[0,0],[0,0],[0,0]],"v":[[-14.461,1.622],[14.461,1.622],[14.461,-1.622],[-14.461,-1.622]],"c":true},"ix":2},"nm":"Tracciato 1","mn":"ADBE Vector Shape - Group","hd":false},{"ty":"fl","c":{"a":0,"k":[1,1,1,1],"ix":4},"o":{"a":0,"k":100,"ix":5},"r":1,"bm":0,"nm":"Riempimento 1","mn":"ADBE Vector Graphic - Fill","hd":false},{"ty":"tr","p":{"a":0,"k":[50.482,13.293],"ix":2},"a":{"a":0,"k":[0,0],"ix":1},"s":{"a":0,"k":[100,100],"ix":3},"r":{"a":0,"k":0,"ix":6},"o":{"a":0,"k":100,"ix":7},"sk":{"a":0,"k":0,"ix":4},"sa":{"a":0,"k":0,"ix":5},"nm":"Trasformazione"}],"nm":"Gruppo 3","np":2,"cix":2,"bm":0,"ix":2,"mn":"ADBE Vector Group","hd":false},{"ty":"gr","it":[{"ind":0,"ty":"sh","ix":1,"ks":{"a":0,"k":{"i":[[0,0],[0,0],[0,0],[3.922,0],[0,0],[0,0],[0,0],[0,5.693]],"o":[[0,0],[0,0],[0,3.907],[0,0],[0,0],[0,0],[5.717,0],[0,0]],"v":[[45.424,-49.053],[42.169,-49.053],[42.169,38.724],[35.057,45.81],[-45.424,45.81],[-45.424,49.053],[35.057,49.053],[45.424,38.724]],"c":true},"ix":2},"nm":"Tracciato 1","mn":"ADBE Vector Shape - Group","hd":false},{"ty":"fl","c":{"a":0,"k":[1,1,1,1],"ix":4},"o":{"a":0,"k":100,"ix":5},"r":1,"bm":0,"nm":"Riempimento 1","mn":"ADBE Vector Graphic - Fill","hd":false},{"ty":"tr","p":{"a":0,"k":[55.519,109.115],"ix":2},"a":{"a":0,"k":[0,0],"ix":1},"s":{"a":0,"k":[100,100],"ix":3},"r":{"a":0,"k":0,"ix":6},"o":{"a":0,"k":100,"ix":7},"sk":{"a":0,"k":0,"ix":4},"sa":{"a":0,"k":0,"ix":5},"nm":"Trasformazione"}],"nm":"Gruppo 4","np":2,"cix":2,"bm":0,"ix":3,"mn":"ADBE Vector Group","hd":false},{"ty":"gr","it":[{"ind":0,"ty":"sh","ix":1,"ks":{"a":0,"k":{"i":[[0,0],[0,0],[0,0],[3.922,0],[0,0],[0,0],[0,0],[0,-5.693]],"o":[[0,0],[0,0],[0,-3.907],[0,0],[0,0],[0,0],[5.717,0],[0,0]],"v":[[30.639,49.053],[27.384,49.053],[27.384,-38.725],[20.272,-45.81],[-30.639,-45.81],[-30.639,-49.053],[20.272,-49.053],[30.639,-38.725]],"c":true},"ix":2},"nm":"Tracciato 1","mn":"ADBE Vector Shape - Group","hd":false},{"ty":"fl","c":{"a":0,"k":[1,1,1,1],"ix":4},"o":{"a":0,"k":100,"ix":5},"r":1,"bm":0,"nm":"Riempimento 1","mn":"ADBE Vector Graphic - Fill","hd":false},{"ty":"tr","p":{"a":0,"k":[70.326,49.053],"ix":2},"a":{"a":0,"k":[0,0],"ix":1},"s":{"a":0,"k":[100,100],"ix":3},"r":{"a":0,"k":0,"ix":6},"o":{"a":0,"k":100,"ix":7},"sk":{"a":0,"k":0,"ix":4},"sa":{"a":0,"k":0,"ix":5},"nm":"Trasformazione"}],"nm":"Gruppo 5","np":2,"cix":2,"bm":0,"ix":4,"mn":"ADBE Vector Group","hd":false},{"ty":"gr","it":[{"ind":0,"ty":"sh","ix":1,"ks":{"a":0,"k":{"i":[[0,0],[0,5.693],[0,0],[-5.716,0],[0,0],[0,0],[0,0],[0,-3.909],[0,0],[-3.924,0]],"o":[[-5.716,0],[0,0],[0,-5.695],[0,0],[0,0],[0,0],[-3.924,0],[0,0],[0,3.907],[0,0]],"v":[[-11.487,79.082],[-21.856,68.753],[-21.856,-68.753],[-11.487,-79.082],[21.856,-79.082],[21.856,-75.839],[-11.487,-75.839],[-18.601,-68.753],[-18.601,68.753],[-11.487,75.839]],"c":true},"ix":2},"nm":"Tracciato 1","mn":"ADBE Vector Shape - Group","hd":false},{"ty":"fl","c":{"a":0,"k":[1,1,1,1],"ix":4},"o":{"a":0,"k":100,"ix":5},"r":1,"bm":0,"nm":"Riempimento 1","mn":"ADBE Vector Graphic - Fill","hd":false},{"ty":"tr","p":{"a":0,"k":[21.856,79.083],"ix":2},"a":{"a":0,"k":[0,0],"ix":1},"s":{"a":0,"k":[100,100],"ix":3},"r":{"a":0,"k":0,"ix":6},"o":{"a":0,"k":100,"ix":7},"sk":{"a":0,"k":0,"ix":4},"sa":{"a":0,"k":0,"ix":5},"nm":"Trasformazione"}],"nm":"Gruppo 6","np":2,"cix":2,"bm":0,"ix":5,"mn":"ADBE Vector Group","hd":false}],"ip":0,"op":203.999982343183,"st":0,"bm":0},{"ddd":0,"ind":7,"ty":4,"nm":"Livello forma 1","sr":1,"ks":{"o":{"a":0,"k":100,"ix":11},"r":{"a":0,"k":0,"ix":10},"p":{"a":0,"k":[375,662.75,0],"ix":2,"l":2},"a":{"a":0,"k":[0,0,0],"ix":1,"l":2},"s":{"a":0,"k":[100,100,100],"ix":6,"l":2}},"ao":0,"shapes":[{"ty":"gr","it":[{"ind":0,"ty":"sh","ix":1,"ks":{"a":0,"k":{"i":[[0,0],[0,0],[0,0],[0,0]],"o":[[0,0],[0,0],[0,0],[0,0]],"v":[[-60.012,-66.5],[-60.012,-89.062],[1.651,-89.688],[0.375,-122.25]],"c":false},"ix":2},"nm":"Tracciato 1","mn":"ADBE Vector Shape - Group","hd":false},{"ty":"st","c":{"a":0,"k":[1,1,1,1],"ix":3},"o":{"a":0,"k":100,"ix":4},"w":{"a":0,"k":3,"ix":5},"lc":2,"lj":2,"bm":0,"d":[{"n":"d","nm":"trattino","v":{"a":0,"k":10,"ix":1}},{"n":"g","nm":"spazio","v":{"a":0,"k":10,"ix":2}},{"n":"o","nm":"scostamento","v":{"a":0,"k":2,"ix":7}}],"nm":"Traccia 1","mn":"ADBE Vector Graphic - Stroke","hd":false},{"ty":"tr","p":{"a":0,"k":[0,0],"ix":2},"a":{"a":0,"k":[0,0],"ix":1},"s":{"a":0,"k":[71.235,100],"ix":3},"r":{"a":0,"k":0,"ix":6},"o":{"a":0,"k":100,"ix":7},"sk":{"a":0,"k":0,"ix":4},"sa":{"a":0,"k":0,"ix":5},"nm":"Trasformazione"}],"nm":"Forma 1","np":3,"cix":2,"bm":0,"ix":1,"mn":"ADBE Vector Group","hd":false},{"ty":"tm","s":{"a":0,"k":0,"ix":1},"e":{"a":1,"k":[{"i":{"x":[0.667],"y":[1]},"o":{"x":[0.333],"y":[0]},"t":2,"s":[0],"e":[100]},{"i":{"x":[0.833],"y":[0.833]},"o":{"x":[0.167],"y":[0.167]},"t":12,"s":[100],"e":[100]},{"i":{"x":[0.667],"y":[1]},"o":{"x":[0.333],"y":[0]},"t":88,"s":[100],"e":[0]},{"t":94.9999917774627}],"ix":2},"o":{"a":0,"k":0,"ix":3},"m":1,"ix":2,"nm":"Taglia tracciati 1","mn":"ADBE Vector Filter - Trim","hd":false}],"ip":0,"op":203.999982343183,"st":0,"bm":0},{"ddd":0,"ind":8,"ty":4,"nm":"big cloud contorni 2","sr":1,"ks":{"o":{"a":0,"k":100,"ix":11},"r":{"a":0,"k":0,"ix":10},"p":{"a":1,"k":[{"i":{"x":0.667,"y":1},"o":{"x":0.333,"y":0},"t":0,"s":[544,471.005,0],"e":[544,461.005,0],"to":[0,-1.667,0],"ti":[0,0,0]},{"i":{"x":0.667,"y":1},"o":{"x":0.333,"y":0},"t":48,"s":[544,461.005,0],"e":[544,471.005,0],"to":[0,0,0],"ti":[0,-1.667,0]},{"t":94.9999917774627}],"ix":2,"l":2},"a":{"a":0,"k":[54.5,13.5,0],"ix":1,"l":2},"s":{"a":0,"k":[100,100,100],"ix":6,"l":2}},"ao":0,"shapes":[{"ty":"gr","it":[{"ind":0,"ty":"sh","ix":1,"ks":{"a":0,"k":{"i":[[0,0],[0,0],[0,0],[-10.793,0],[-3.341,-2.443],[-7.326,0],[-3.838,-7.403],[-5.571,0],[0,-10.798],[0,0]],"o":[[0,0],[0,0],[0,-10.826],[4.154,0],[4.208,-5.952],[8.416,0],[3.711,-4.093],[10.793,0],[0,0],[0,0]],"v":[[50.744,13.132],[-51.703,13.132],[-51.703,12.178],[-32.129,-7.434],[-20.567,-3.656],[-2.268,-13.132],[17.64,-1.023],[32.123,-7.434],[51.703,12.15],[51.703,13.104]],"c":true},"ix":2},"nm":"Tracciato 1","mn":"ADBE Vector Shape - Group","hd":false},{"ind":1,"ty":"sh","ix":2,"ks":{"a":0,"k":{"i":[[0.486,-9.317],[0,0],[9.435,0],[3.374,-4.345],[0,0],[0,0],[8.16,0],[3.799,-5.924],[0,0],[0,0],[4.067,0]],"o":[[0,0],[-0.473,-9.311],[-5.489,0],[0,0],[0,0],[-3.266,-7.489],[-7.021,0],[0,0],[0,0],[-3.146,-2.571],[-9.43,0]],"v":[[-49.774,11.223],[49.767,11.223],[32.123,-5.525],[18.174,1.312],[17.187,2.579],[16.544,1.107],[-2.268,-11.223],[-19.542,-1.762],[-20.12,-0.861],[-20.948,-1.538],[-32.129,-5.525]],"c":true},"ix":2},"nm":"Tracciato 2","mn":"ADBE Vector Shape - Group","hd":false},{"ty":"fl","c":{"a":0,"k":[1,1,1,1],"ix":4},"o":{"a":0,"k":100,"ix":5},"r":1,"bm":0,"nm":"Riempimento 1","mn":"ADBE Vector Graphic - Fill","hd":false},{"ty":"tr","p":{"a":0,"k":[52.102,13.674],"ix":2},"a":{"a":0,"k":[0,0],"ix":1},"s":{"a":0,"k":[100,100],"ix":3},"r":{"a":0,"k":0,"ix":6},"o":{"a":0,"k":100,"ix":7},"sk":{"a":0,"k":0,"ix":4},"sa":{"a":0,"k":0,"ix":5},"nm":"Trasformazione"}],"nm":"Gruppo 1","np":3,"cix":2,"bm":0,"ix":1,"mn":"ADBE Vector Group","hd":false}],"ip":0,"op":203.999982343183,"st":0,"bm":0},{"ddd":0,"ind":9,"ty":4,"nm":"small cloud 2 contorni 2","sr":1,"ks":{"o":{"a":0,"k":100,"ix":11},"r":{"a":0,"k":0,"ix":10},"p":{"a":1,"k":[{"i":{"x":0.667,"y":1},"o":{"x":0.333,"y":0},"t":0,"s":[211.231,527,0],"e":[211.231,537,0],"to":[0,1.667,0],"ti":[0,0,0]},{"i":{"x":0.667,"y":1},"o":{"x":0.333,"y":0},"t":48,"s":[211.231,537,0],"e":[211.231,527,0],"to":[0,0,0],"ti":[0,1.667,0]},{"t":94.9999917774627}],"ix":2,"l":2},"a":{"a":0,"k":[30.5,10.5,0],"ix":1,"l":2},"s":{"a":0,"k":[100,100,100],"ix":6,"l":2}},"ao":0,"shapes":[{"ty":"gr","it":[{"ind":0,"ty":"sh","ix":1,"ks":{"a":0,"k":{"i":[[0,0],[0,0],[0,0],[-7.384,0],[-2.476,-3.614],[-7.487,0],[0,-10.317]],"o":[[0,0],[0,0],[0,-7.387],[4.478,0],[2.972,-6.718],[10.313,0],[0,0]],"v":[[30.103,9.833],[-30.103,9.833],[-30.103,8.878],[-16.712,-4.518],[-5.697,1.271],[11.398,-9.833],[30.103,8.878]],"c":true},"ix":2},"nm":"Tracciato 1","mn":"ADBE Vector Shape - Group","hd":false},{"ind":1,"ty":"sh","ix":2,"ks":{"a":0,"k":{"i":[[0.487,-5.89],[0,0],[8.941,0],[2.228,-6.996],[0,0],[0,0],[4.439,0]],"o":[[0,0],[-0.496,-8.823],[-7.346,0],[0,0],[0,0],[-1.937,-4.013],[-6.011,0]],"v":[[-28.156,7.924],[28.167,7.924],[11.398,-7.924],[-4.607,3.773],[-5.335,6.057],[-6.376,3.898],[-16.712,-2.609]],"c":true},"ix":2},"nm":"Tracciato 2","mn":"ADBE Vector Shape - Group","hd":false},{"ty":"fl","c":{"a":0,"k":[1,1,1,1],"ix":4},"o":{"a":0,"k":100,"ix":5},"r":1,"bm":0,"nm":"Riempimento 1","mn":"ADBE Vector Graphic - Fill","hd":false},{"ty":"tr","p":{"a":0,"k":[30.107,10.273],"ix":2},"a":{"a":0,"k":[0,0],"ix":1},"s":{"a":0,"k":[100,100],"ix":3},"r":{"a":0,"k":0,"ix":6},"o":{"a":0,"k":100,"ix":7},"sk":{"a":0,"k":0,"ix":4},"sa":{"a":0,"k":0,"ix":5},"nm":"Trasformazione"}],"nm":"Gruppo 1","np":3,"cix":2,"bm":0,"ix":1,"mn":"ADBE Vector Group","hd":false}],"ip":0,"op":203.999982343183,"st":0,"bm":0},{"ddd":0,"ind":10,"ty":4,"nm":"e-com contorni","sr":1,"ks":{"o":{"a":0,"k":100,"ix":11},"r":{"a":0,"k":0,"ix":10},"p":{"a":0,"k":[372,694,0],"ix":2,"l":2},"a":{"a":0,"k":[229.5,80,0],"ix":1,"l":2},"s":{"a":0,"k":[94.939,96.175,100],"ix":6,"l":2}},"ao":0,"shapes":[{"ty":"gr","it":[{"ind":0,"ty":"sh","ix":1,"ks":{"a":0,"k":{"i":[[4.731,0],[0,-5.233],[0,0],[-2.635,-1.693],[-1.512,0],[-1.307,0.838],[0,3.372],[0,0]],"o":[[-4.732,0],[0,0],[0,3.372],[1.307,0.838],[1.511,0],[2.635,-1.692],[0,0],[0,-5.233]],"v":[[0.001,-12.228],[-8.581,-2.738],[-8.581,2.736],[-4.307,10.945],[0.001,12.227],[4.309,10.945],[8.581,2.736],[8.581,-2.738]],"c":true},"ix":2},"nm":"Tracciato 1","mn":"ADBE Vector Shape - Group","hd":false},{"ind":1,"ty":"sh","ix":2,"ks":{"a":0,"k":{"i":[[6.129,0],[0,6.841],[0,0],[-3.438,2.208],[-1.941,0],[-1.684,-1.08],[0,-4.426],[0,0]],"o":[[-6.129,0],[0,0],[0,-4.427],[1.684,-1.08],[1.941,0],[3.438,2.208],[0,0],[0,6.841]],"v":[[0.001,15.143],[-11.115,2.736],[-11.115,-2.738],[-5.54,-13.493],[0.001,-15.143],[5.54,-13.493],[11.115,-2.738],[11.115,2.736]],"c":true},"ix":2},"nm":"Tracciato 2","mn":"ADBE Vector Shape - Group","hd":false},{"ty":"mm","mm":1,"nm":"Unisci tracciati 1","mn":"ADBE Vector Filter - Merge","hd":false},{"ty":"fl","c":{"a":0,"k":[1,0.999998863071,1,1],"ix":4},"o":{"a":0,"k":100,"ix":5},"r":1,"bm":0,"nm":"Riempimento 1","mn":"ADBE Vector Graphic - Fill","hd":false},{"ty":"tr","p":{"a":0,"k":[31.716,61.111],"ix":2},"a":{"a":0,"k":[0,0],"ix":1},"s":{"a":0,"k":[100,100],"ix":3},"r":{"a":0,"k":0,"ix":6},"o":{"a":0,"k":100,"ix":7},"sk":{"a":0,"k":0,"ix":4},"sa":{"a":0,"k":0,"ix":5},"nm":"Trasformazione"}],"nm":"Gruppo 1","np":4,"cix":2,"bm":0,"ix":1,"mn":"ADBE Vector Group","hd":false},{"ty":"gr","it":[{"ind":0,"ty":"sh","ix":1,"ks":{"a":0,"k":{"i":[[4.731,0],[0,-5.233],[0,0],[-4.732,0],[0,5.233],[0,0]],"o":[[-4.732,0],[0,0],[0,5.233],[4.731,0],[0,0],[0,-5.233]],"v":[[0,-12.228],[-8.581,-2.738],[-8.581,2.736],[0,12.227],[8.58,2.736],[8.58,-2.738]],"c":true},"ix":2},"nm":"Tracciato 1","mn":"ADBE Vector Shape - Group","hd":false},{"ind":1,"ty":"sh","ix":2,"ks":{"a":0,"k":{"i":[[6.129,0],[0,6.841],[0,0],[-6.129,0],[0,-6.841],[0,0]],"o":[[-6.129,0],[0,0],[0,-6.841],[6.129,0],[0,0],[0,6.841]],"v":[[0,15.143],[-11.115,2.736],[-11.115,-2.738],[0,-15.143],[11.115,-2.738],[11.115,2.736]],"c":true},"ix":2},"nm":"Tracciato 2","mn":"ADBE Vector Shape - Group","hd":false},{"ty":"mm","mm":1,"nm":"Unisci tracciati 1","mn":"ADBE Vector Filter - Merge","hd":false},{"ty":"fl","c":{"a":0,"k":[1,0.999998863071,1,1],"ix":4},"o":{"a":0,"k":100,"ix":5},"r":1,"bm":0,"nm":"Riempimento 1","mn":"ADBE Vector Graphic - Fill","hd":false},{"ty":"tr","p":{"a":0,"k":[97.576,61.111],"ix":2},"a":{"a":0,"k":[0,0],"ix":1},"s":{"a":0,"k":[100,100],"ix":3},"r":{"a":0,"k":0,"ix":6},"o":{"a":0,"k":100,"ix":7},"sk":{"a":0,"k":0,"ix":4},"sa":{"a":0,"k":0,"ix":5},"nm":"Trasformazione"}],"nm":"Gruppo 2","np":4,"cix":2,"bm":0,"ix":2,"mn":"ADBE Vector Group","hd":false},{"ty":"gr","it":[{"ind":0,"ty":"sh","ix":1,"ks":{"a":0,"k":{"i":[[0.019,-0.003],[0.031,-5.498],[0,0],[-0.244,0],[0,0],[0,0.243],[0,0],[-0.998,2.176],[0.183,0.119],[1.241,0.206],[0.024,0],[0.084,-0.106],[3.072,0],[2.044,2.578],[0.133,0]],"o":[[-4.932,0.653],[0,0],[0,0.243],[0,0],[0.243,0],[0,0],[-0.003,-2.445],[0.091,-0.198],[-1.081,-0.704],[-0.024,-0.005],[-0.132,0],[-2.048,2.557],[-3.111,-0.01],[-0.083,-0.105],[-0.02,0]],"v":[[-41.24,-12.166],[-49.945,-1.376],[-49.945,9.047],[-49.505,9.487],[-22.572,9.487],[-22.132,9.047],[-22.132,-3.128],[-20.611,-10.191],[-20.77,-10.743],[-24.27,-12.115],[-24.342,-12.121],[-24.686,-11.956],[-32.742,-7.932],[-40.839,-12.003],[-41.182,-12.169]],"c":true},"ix":2},"nm":"Tracciato 1","mn":"ADBE Vector Shape - Group","hd":false},{"ind":1,"ty":"sh","ix":2,"ks":{"a":0,"k":{"i":[[0.018,-0.002],[1.179,-0.766],[-0.092,-0.199],[0.001,-2.454],[0,0],[-0.243,0],[0,0],[0,0.243],[0,0],[4.835,0.81],[0.024,0],[0.084,-0.106],[3.072,0],[2.043,2.579],[0.134,0]],"o":[[-1.359,0.165],[-0.184,0.119],[1.007,2.18],[0,0],[0,0.243],[0,0],[0.243,0],[0,0],[-0.004,-5.413],[-0.025,-0.005],[-0.133,0],[-2.049,2.557],[-3.112,-0.01],[-0.084,-0.105],[-0.018,0]],"v":[[24.624,-12.167],[20.799,-10.764],[20.639,-10.21],[22.176,-3.128],[22.176,9.047],[22.616,9.487],[49.505,9.487],[49.945,9.047],[49.945,-1.374],[41.592,-12.115],[41.52,-12.121],[41.176,-11.956],[33.118,-7.931],[25.021,-12.004],[24.676,-12.17]],"c":true},"ix":2},"nm":"Tracciato 2","mn":"ADBE Vector Shape - Group","hd":false},{"ind":2,"ty":"sh","ix":3,"ks":{"a":0,"k":{"i":[[0.018,-0.003],[0.036,-6.463],[0,0],[-0.243,0],[0,0],[0,0.243],[0,0],[5.602,0.862],[0.022,0],[0.085,-0.107],[3.507,0],[2.306,2.968],[0.135,0]],"o":[[-5.802,0.691],[0,0],[0,0.243],[0,0],[0.243,0],[0,0],[-0.005,-6.266],[-0.023,-0.003],[-0.134,0],[-2.31,2.947],[-3.55,-0.01],[-0.084,-0.108],[-0.017,0]],"v":[[-9.356,-15.679],[-19.598,-3.131],[-19.598,15.301],[-19.158,15.741],[19.202,15.741],[19.643,15.301],[19.643,-3.128],[9.807,-15.628],[9.74,-15.633],[9.393,-15.465],[0.24,-10.829],[-8.956,-15.513],[-9.305,-15.683]],"c":true},"ix":2},"nm":"Tracciato 3","mn":"ADBE Vector Shape - Group","hd":false},{"ind":3,"ty":"sh","ix":4,"ks":{"a":0,"k":{"i":[[0,0],[0,0.804],[0,0],[0.243,0],[0,0],[0,0.804],[0,0],[-6.75,0.19],[0,0],[-0.24,-0.359],[-2.578,-0.07],[0,0],[-1.578,2.144],[-0.591,0],[0,0],[-1.692,-1.144],[-0.085,0],[-0.086,0.111],[-0.209,0.238],[-3.642,0.093],[0,0],[-0.237,-0.358],[-3,-0.08],[0,0],[-1.837,2.495],[-0.568,0],[-2.437,-3.152],[-0.132,0],[-0.076,0.052],[-2.131,0.053],[0,0],[-0.239,-0.359],[-2.539,-0.068],[0,0],[-1.578,2.143],[-0.552,0],[0,0],[-0.005,-7.249],[0,0],[0.698,0],[0,0],[0,-0.243],[0,0],[0.698,0]],"o":[[-0.699,0],[0,0],[0,-0.243],[0,0],[-0.698,0],[0,0],[0,-7.532],[0,0],[0.419,0],[1.527,2.294],[0,0],[2.501,0],[0.33,-0.447],[0,0],[1.98,0.136],[0.075,0.051],[0.132,0],[0.194,-0.25],[2.546,-2.911],[0,0],[0.424,0],[1.78,2.674],[0,0],[2.908,0],[0.443,-0.598],[3.78,0.25],[0.087,0.112],[0.085,0],[1.823,-1.229],[0,0],[0.422,0],[1.506,2.263],[0,0],[2.499,0],[0.405,-0.551],[0,0],[6.489,0.461],[0,0],[0,0.804],[0,0],[-0.243,0],[0,0],[0,0.804],[0,0]],"v":[[-20.865,18.656],[-22.132,17.198],[-22.132,12.842],[-22.572,12.402],[-51.214,12.402],[-52.479,10.944],[-52.479,-1.374],[-40.443,-15.146],[-40.441,-15.146],[-39.406,-14.573],[-32.947,-10.851],[-32.743,-10.848],[-26.326,-14.221],[-25.066,-15.128],[-24.958,-15.124],[-19.348,-13.168],[-19.102,-13.092],[-18.755,-13.262],[-18.152,-13.998],[-8.557,-18.656],[-8.555,-18.656],[-7.52,-18.084],[0.001,-13.749],[0.239,-13.745],[7.706,-17.672],[9.027,-18.633],[18.778,-13.28],[19.127,-13.109],[19.372,-13.185],[25.417,-15.146],[25.417,-15.146],[26.454,-14.573],[32.915,-10.851],[33.12,-10.848],[39.536,-14.22],[40.798,-15.128],[40.904,-15.124],[52.48,-1.374],[52.48,10.944],[51.213,12.402],[22.616,12.402],[22.176,12.842],[22.176,17.198],[20.909,18.656]],"c":true},"ix":2},"nm":"Tracciato 4","mn":"ADBE Vector Shape - Group","hd":false},{"ty":"mm","mm":1,"nm":"Unisci tracciati 1","mn":"ADBE Vector Filter - Merge","hd":false},{"ty":"fl","c":{"a":0,"k":[1,0.999998863071,1,1],"ix":4},"o":{"a":0,"k":100,"ix":5},"r":1,"bm":0,"nm":"Riempimento 1","mn":"ADBE Vector Graphic - Fill","hd":false},{"ty":"tr","p":{"a":0,"k":[64.647,92.592],"ix":2},"a":{"a":0,"k":[0,0],"ix":1},"s":{"a":0,"k":[100,100],"ix":3},"r":{"a":0,"k":0,"ix":6},"o":{"a":0,"k":100,"ix":7},"sk":{"a":0,"k":0,"ix":4},"sa":{"a":0,"k":0,"ix":5},"nm":"Trasformazione"}],"nm":"Gruppo 3","np":6,"cix":2,"bm":0,"ix":3,"mn":"ADBE Vector Group","hd":false},{"ty":"gr","it":[{"ind":0,"ty":"sh","ix":1,"ks":{"a":0,"k":{"i":[[5.476,0],[0.03,-6.06],[0,0],[-5.475,0],[-0.03,6.061],[0,0]],"o":[[-5.475,0],[0,0],[0.03,6.062],[5.476,0],[0,0],[-0.03,-6.063]],"v":[[0,-14.119],[-9.984,-3.129],[-9.984,3.128],[0,14.12],[9.984,3.129],[9.984,-3.126]],"c":true},"ix":2},"nm":"Tracciato 1","mn":"ADBE Vector Shape - Group","hd":false},{"ind":1,"ty":"sh","ix":2,"ks":{"a":0,"k":{"i":[[6.87,0],[0.033,7.665],[0,0],[-6.87,0],[-0.032,-7.665],[0,0]],"o":[[-6.87,0],[0,0],[0.033,-7.664],[6.87,0],[0,0],[-0.032,7.663]],"v":[[0,17.026],[-12.518,3.126],[-12.518,-3.126],[0,-17.026],[12.518,-3.125],[12.518,3.128]],"c":true},"ix":2},"nm":"Tracciato 2","mn":"ADBE Vector Shape - Group","hd":false},{"ty":"mm","mm":1,"nm":"Unisci tracciati 1","mn":"ADBE Vector Filter - Merge","hd":false},{"ty":"fl","c":{"a":0,"k":[1,0.999998863071,1,1],"ix":4},"o":{"a":0,"k":100,"ix":5},"r":1,"bm":0,"nm":"Riempimento 1","mn":"ADBE Vector Graphic - Fill","hd":false},{"ty":"tr","p":{"a":0,"k":[64.669,55.067],"ix":2},"a":{"a":0,"k":[0,0],"ix":1},"s":{"a":0,"k":[100,100],"ix":3},"r":{"a":0,"k":0,"ix":6},"o":{"a":0,"k":100,"ix":7},"sk":{"a":0,"k":0,"ix":4},"sa":{"a":0,"k":0,"ix":5},"nm":"Trasformazione"}],"nm":"Gruppo 4","np":4,"cix":2,"bm":0,"ix":4,"mn":"ADBE Vector Group","hd":false},{"ty":"gr","it":[{"ind":0,"ty":"sh","ix":1,"ks":{"a":0,"k":{"i":[[4.732,0],[0,-5.233],[0,0],[-2.634,-1.692],[-1.511,0],[-1.307,0.838],[0,3.372],[0,0]],"o":[[-4.732,0],[0,0],[0,3.372],[1.308,0.838],[1.511,0],[2.636,-1.692],[0,0],[0,-5.233]],"v":[[0,-12.228],[-8.58,-2.738],[-8.58,2.736],[-4.309,10.945],[0,12.227],[4.308,10.945],[8.58,2.736],[8.58,-2.738]],"c":true},"ix":2},"nm":"Tracciato 1","mn":"ADBE Vector Shape - Group","hd":false},{"ind":1,"ty":"sh","ix":2,"ks":{"a":0,"k":{"i":[[6.129,0],[0,6.841],[0,0],[-3.439,2.208],[-1.941,0],[-1.683,-1.08],[0,-4.426],[0,0]],"o":[[-6.129,0],[0,0],[0,-4.426],[1.683,-1.08],[1.941,0],[3.439,2.208],[0,0],[0,6.841]],"v":[[0,15.143],[-11.115,2.736],[-11.115,-2.738],[-5.539,-13.493],[0,-15.143],[5.539,-13.493],[11.115,-2.738],[11.115,2.736]],"c":true},"ix":2},"nm":"Tracciato 2","mn":"ADBE Vector Shape - Group","hd":false},{"ty":"mm","mm":1,"nm":"Unisci tracciati 1","mn":"ADBE Vector Filter - Merge","hd":false},{"ty":"fl","c":{"a":0,"k":[1,0.999998863071,1,1],"ix":4},"o":{"a":0,"k":100,"ix":5},"r":1,"bm":0,"nm":"Riempimento 1","mn":"ADBE Vector Graphic - Fill","hd":false},{"ty":"tr","p":{"a":0,"k":[370.401,61.111],"ix":2},"a":{"a":0,"k":[0,0],"ix":1},"s":{"a":0,"k":[100,100],"ix":3},"r":{"a":0,"k":0,"ix":6},"o":{"a":0,"k":100,"ix":7},"sk":{"a":0,"k":0,"ix":4},"sa":{"a":0,"k":0,"ix":5},"nm":"Trasformazione"}],"nm":"Gruppo 5","np":4,"cix":2,"bm":0,"ix":5,"mn":"ADBE Vector Group","hd":false},{"ty":"gr","it":[{"ind":0,"ty":"sh","ix":1,"ks":{"a":0,"k":{"i":[[4.732,0],[0,-5.233],[0,0],[-4.732,0],[0,5.233],[0,0]],"o":[[-4.732,0],[0,0],[0,5.233],[4.732,0],[0,0],[0,-5.233]],"v":[[0,-12.228],[-8.581,-2.738],[-8.581,2.736],[0,12.227],[8.58,2.736],[8.58,-2.738]],"c":true},"ix":2},"nm":"Tracciato 1","mn":"ADBE Vector Shape - Group","hd":false},{"ind":1,"ty":"sh","ix":2,"ks":{"a":0,"k":{"i":[[6.129,0],[0,6.841],[0,0],[-6.129,0],[0,-6.841],[0,0]],"o":[[-6.129,0],[0,0],[0,-6.841],[6.129,0],[0,0],[0,6.841]],"v":[[0,15.143],[-11.115,2.736],[-11.115,-2.738],[0,-15.143],[11.115,-2.738],[11.115,2.736]],"c":true},"ix":2},"nm":"Tracciato 2","mn":"ADBE Vector Shape - Group","hd":false},{"ty":"mm","mm":1,"nm":"Unisci tracciati 1","mn":"ADBE Vector Filter - Merge","hd":false},{"ty":"fl","c":{"a":0,"k":[1,0.999998863071,1,1],"ix":4},"o":{"a":0,"k":100,"ix":5},"r":1,"bm":0,"nm":"Riempimento 1","mn":"ADBE Vector Graphic - Fill","hd":false},{"ty":"tr","p":{"a":0,"k":[436.261,61.111],"ix":2},"a":{"a":0,"k":[0,0],"ix":1},"s":{"a":0,"k":[100,100],"ix":3},"r":{"a":0,"k":0,"ix":6},"o":{"a":0,"k":100,"ix":7},"sk":{"a":0,"k":0,"ix":4},"sa":{"a":0,"k":0,"ix":5},"nm":"Trasformazione"}],"nm":"Gruppo 6","np":4,"cix":2,"bm":0,"ix":6,"mn":"ADBE Vector Group","hd":false},{"ty":"gr","it":[{"ind":0,"ty":"sh","ix":1,"ks":{"a":0,"k":{"i":[[0.019,-0.003],[0.031,-5.498],[0,0],[-0.243,0],[0,0],[0,0.243],[0,0],[-0.997,2.175],[0.184,0.118],[1.24,0.206],[0.024,0],[0.084,-0.106],[3.071,0],[2.044,2.578],[0.133,0]],"o":[[-4.932,0.653],[0,0],[0,0.243],[0,0],[0.244,0],[0,0],[-0.003,-2.445],[0.091,-0.198],[-1.081,-0.705],[-0.024,-0.005],[-0.132,0],[-2.048,2.557],[-3.112,-0.01],[-0.084,-0.105],[-0.019,0]],"v":[[-41.24,-12.166],[-49.946,-1.376],[-49.946,9.047],[-49.506,9.487],[-22.572,9.487],[-22.131,9.047],[-22.131,-3.128],[-20.611,-10.191],[-20.771,-10.743],[-24.269,-12.115],[-24.342,-12.121],[-24.685,-11.956],[-32.742,-7.932],[-40.838,-12.003],[-41.182,-12.169]],"c":true},"ix":2},"nm":"Tracciato 1","mn":"ADBE Vector Shape - Group","hd":false},{"ind":1,"ty":"sh","ix":2,"ks":{"a":0,"k":{"i":[[0.018,-0.002],[1.179,-0.765],[-0.092,-0.199],[0.001,-2.454],[0,0],[-0.243,0],[0,0],[0,0.243],[0,0],[4.835,0.81],[0.024,0],[0.084,-0.106],[3.072,0],[2.044,2.579],[0.134,0]],"o":[[-1.359,0.165],[-0.183,0.119],[1.007,2.18],[0,0],[0,0.243],[0,0],[0.244,0],[0,0],[-0.004,-5.413],[-0.025,-0.005],[-0.133,0],[-2.049,2.557],[-3.112,-0.01],[-0.084,-0.105],[-0.018,0]],"v":[[24.623,-12.167],[20.798,-10.764],[20.639,-10.21],[22.176,-3.128],[22.176,9.047],[22.616,9.487],[49.505,9.487],[49.945,9.047],[49.945,-1.374],[41.593,-12.115],[41.52,-12.121],[41.176,-11.956],[33.118,-7.931],[25.021,-12.004],[24.676,-12.17]],"c":true},"ix":2},"nm":"Tracciato 2","mn":"ADBE Vector Shape - Group","hd":false},{"ind":2,"ty":"sh","ix":3,"ks":{"a":0,"k":{"i":[[0.018,-0.003],[0.035,-6.463],[0,0],[-0.243,0],[0,0],[0,0.243],[0,0],[5.602,0.862],[0.022,0],[0.085,-0.107],[3.506,0],[2.306,2.968],[0.135,0]],"o":[[-5.802,0.691],[0,0],[0,0.243],[0,0],[0.243,0],[0,0],[-0.005,-6.266],[-0.023,-0.003],[-0.134,0],[-2.31,2.947],[-3.55,-0.01],[-0.083,-0.108],[-0.018,0]],"v":[[-9.357,-15.679],[-19.597,-3.131],[-19.597,15.301],[-19.157,15.741],[19.203,15.741],[19.643,15.301],[19.643,-3.128],[9.807,-15.628],[9.74,-15.633],[9.393,-15.465],[0.24,-10.829],[-8.957,-15.513],[-9.304,-15.683]],"c":true},"ix":2},"nm":"Tracciato 3","mn":"ADBE Vector Shape - Group","hd":false},{"ind":3,"ty":"sh","ix":4,"ks":{"a":0,"k":{"i":[[0,0],[0,0.804],[0,0],[0.244,0],[0,0],[0,0.804],[0,0],[-6.749,0.19],[0,0],[-0.24,-0.359],[-2.54,-0.069],[0,0],[-1.577,2.144],[-0.591,0],[0,0],[-1.691,-1.144],[-0.085,0],[-0.087,0.111],[-0.21,0.238],[-3.642,0.093],[0,0],[-0.237,-0.358],[-3,-0.08],[0,0],[-1.837,2.495],[-0.568,0],[-2.438,-3.152],[-0.131,0],[-0.074,0.052],[-2.131,0.053],[-0.239,-0.359],[-2.539,-0.068],[0,0],[-1.578,2.143],[-0.55,0],[0,0],[-0.004,-7.249],[0,0],[0.699,0],[0,0],[0,-0.243],[0,0],[0.698,0]],"o":[[-0.699,0],[0,0],[0,-0.243],[0,0],[-0.699,0],[0,0],[0,-7.532],[0,0],[0.419,0],[1.503,2.261],[0,0],[2.501,0],[0.33,-0.447],[0,0],[1.98,0.136],[0.076,0.051],[0.132,0],[0.194,-0.25],[2.545,-2.911],[0,0],[0.424,0],[1.781,2.674],[0,0],[2.908,0],[0.444,-0.598],[3.779,0.25],[0.086,0.112],[0.086,0],[1.825,-1.229],[0.423,0],[1.506,2.263],[0,0],[2.499,0],[0.407,-0.552],[0,0],[6.49,0.461],[0,0],[0,0.804],[0,0],[-0.243,0],[0,0],[0,0.804],[0,0]],"v":[[-20.864,18.656],[-22.131,17.198],[-22.131,12.842],[-22.572,12.402],[-51.213,12.402],[-52.48,10.944],[-52.48,-1.374],[-40.443,-15.146],[-40.441,-15.146],[-39.405,-14.573],[-32.946,-10.851],[-32.743,-10.848],[-26.326,-14.221],[-25.065,-15.128],[-24.958,-15.124],[-19.349,-13.168],[-19.102,-13.092],[-18.754,-13.262],[-18.152,-13.998],[-8.557,-18.656],[-8.556,-18.656],[-7.52,-18.084],[0.001,-13.749],[0.239,-13.745],[7.705,-17.672],[9.027,-18.633],[18.778,-13.28],[19.126,-13.109],[19.372,-13.185],[25.417,-15.146],[26.455,-14.573],[32.915,-10.851],[33.121,-10.848],[39.535,-14.22],[40.797,-15.128],[40.903,-15.124],[52.479,-1.374],[52.479,10.944],[51.212,12.402],[22.616,12.402],[22.176,12.842],[22.176,17.198],[20.909,18.656]],"c":true},"ix":2},"nm":"Tracciato 4","mn":"ADBE Vector Shape - Group","hd":false},{"ty":"mm","mm":1,"nm":"Unisci tracciati 1","mn":"ADBE Vector Filter - Merge","hd":false},{"ty":"fl","c":{"a":0,"k":[1,0.999998863071,1,1],"ix":4},"o":{"a":0,"k":100,"ix":5},"r":1,"bm":0,"nm":"Riempimento 1","mn":"ADBE Vector Graphic - Fill","hd":false},{"ty":"tr","p":{"a":0,"k":[403.331,92.592],"ix":2},"a":{"a":0,"k":[0,0],"ix":1},"s":{"a":0,"k":[100,100],"ix":3},"r":{"a":0,"k":0,"ix":6},"o":{"a":0,"k":100,"ix":7},"sk":{"a":0,"k":0,"ix":4},"sa":{"a":0,"k":0,"ix":5},"nm":"Trasformazione"}],"nm":"Gruppo 7","np":6,"cix":2,"bm":0,"ix":7,"mn":"ADBE Vector Group","hd":false},{"ty":"gr","it":[{"ind":0,"ty":"sh","ix":1,"ks":{"a":0,"k":{"i":[[5.475,0],[0.03,-6.06],[0,0],[-5.475,0],[-0.029,6.061],[0,0]],"o":[[-5.475,0],[0,0],[0.03,6.062],[5.475,0],[0,0],[-0.029,-6.063]],"v":[[0,-14.119],[-9.984,-3.129],[-9.984,3.128],[0,14.12],[9.983,3.129],[9.983,-3.126]],"c":true},"ix":2},"nm":"Tracciato 1","mn":"ADBE Vector Shape - Group","hd":false},{"ind":1,"ty":"sh","ix":2,"ks":{"a":0,"k":{"i":[[6.87,0],[0.033,7.665],[0,0],[-6.87,0],[-0.033,-7.665],[0,0]],"o":[[-6.87,0],[0,0],[0.033,-7.664],[6.87,0],[0,0],[-0.033,7.663]],"v":[[0,17.026],[-12.518,3.126],[-12.518,-3.126],[0,-17.026],[12.518,-3.125],[12.518,3.128]],"c":true},"ix":2},"nm":"Tracciato 2","mn":"ADBE Vector Shape - Group","hd":false},{"ty":"mm","mm":1,"nm":"Unisci tracciati 1","mn":"ADBE Vector Filter - Merge","hd":false},{"ty":"fl","c":{"a":0,"k":[1,0.999998863071,1,1],"ix":4},"o":{"a":0,"k":100,"ix":5},"r":1,"bm":0,"nm":"Riempimento 1","mn":"ADBE Vector Graphic - Fill","hd":false},{"ty":"tr","p":{"a":0,"k":[403.354,55.067],"ix":2},"a":{"a":0,"k":[0,0],"ix":1},"s":{"a":0,"k":[100,100],"ix":3},"r":{"a":0,"k":0,"ix":6},"o":{"a":0,"k":100,"ix":7},"sk":{"a":0,"k":0,"ix":4},"sa":{"a":0,"k":0,"ix":5},"nm":"Trasformazione"}],"nm":"Gruppo 8","np":4,"cix":2,"bm":0,"ix":8,"mn":"ADBE Vector Group","hd":false},{"ty":"gr","it":[{"ind":0,"ty":"sh","ix":1,"ks":{"a":0,"k":{"i":[[2.518,0],[2.101,-1.224],[0,0],[-0.051,-0.361],[-0.357,-0.078],[-2.085,-1.533],[-0.187,0],[-0.128,0.07],[0,0],[-0.009,0.314],[0.268,0.162]],"o":[[-2.425,0],[0,0],[-0.32,0.175],[0.052,0.362],[2.516,0.553],[0.149,0.111],[0.149,0],[0,0],[0.275,-0.149],[0.007,-0.317],[-2.153,-1.311]],"v":[[44.3,-39.41],[37.381,-37.539],[31.919,-34.547],[31.47,-33.651],[32.153,-32.915],[39.087,-29.77],[39.608,-29.598],[40.031,-29.706],[51.404,-35.88],[51.865,-36.631],[51.441,-37.406]],"c":true},"ix":2},"nm":"Tracciato 1","mn":"ADBE Vector Shape - Group","hd":false},{"ind":1,"ty":"sh","ix":2,"ks":{"a":0,"k":{"i":[[2.482,0],[1.027,-0.518],[0,0],[0.051,-0.255],[-0.162,-0.204],[-0.679,-1.941],[-0.239,-0.095],[-0.107,0],[-0.127,0.067],[0,0],[0,0],[-0.036,0.277],[0.202,0.194]],"o":[[-1.212,0],[0,0],[-0.23,0.124],[-0.053,0.252],[1.263,1.616],[0.084,0.242],[0.109,0.041],[0.143,0],[0,0],[0,0],[0.246,-0.135],[0.037,-0.275],[-1.984,-1.909]],"v":[[63.685,-37.676],[60.312,-36.895],[43.035,-27.51],[42.592,-26.913],[42.762,-26.193],[45.689,-20.832],[46.197,-20.303],[46.52,-20.242],[46.933,-20.345],[48.247,-21.043],[70.631,-33.218],[71.082,-33.876],[70.819,-34.627]],"c":true},"ix":2},"nm":"Tracciato 2","mn":"ADBE Vector Shape - Group","hd":false},{"ind":2,"ty":"sh","ix":3,"ks":{"a":0,"k":{"i":[[5.418,0],[6.19,-4.692],[0,0],[3.293,-1],[-0.141,-0.464],[0,0],[-0.258,-0.097],[-0.102,0],[-0.142,0.09],[0,0],[-2.442,0],[-1.12,-0.28],[0,0],[-2.349,0],[-5.411,2.654],[0,0],[-0.027,0.255],[0.175,0.188],[3.291,0],[1.749,-0.956],[0,0],[0,0],[-0.021,-0.343],[0,-0.398],[0.918,0],[0,0],[1.422,0],[4.253,-0.593],[0.071,0],[0.114,0.829],[-0.9,0.135],[-4.453,0],[-1.458,-0.064],[-0.014,0],[-0.167,0.193],[0.051,0.265],[7.287,0.011],[0,0],[3.865,1.879],[0,0]],"o":[[-7.749,0],[0,0],[-2.57,2.306],[-0.465,0.141],[0,0],[0.077,0.26],[0.102,0.037],[0.169,0],[0,0],[2.117,-1.197],[1.15,0],[0,0],[2.315,0.418],[6.017,0],[0,0],[0.211,-0.145],[0.028,-0.255],[-2.257,-2.41],[-1.986,0],[0,0],[0,0],[-0.304,0.16],[0.023,0.391],[0,0.929],[0,0],[-1.395,-0.064],[-4.3,0],[-0.064,0.009],[-0.824,0],[-0.125,-0.912],[4.404,-0.613],[1.448,0],[16.472,0.752],[0.255,0],[0.178,-0.205],[-1.37,-7.215],[0,0],[-4.292,-0.006],[0,0],[-4.873,-2.391]],"v":[[-25.039,-37.655],[-46.655,-30.378],[-52.283,-25.329],[-61.244,-20.276],[-61.831,-19.179],[-50.679,17.695],[-50.143,18.266],[-49.837,18.321],[-49.363,18.183],[-33.62,8.151],[-26.642,6.315],[-23.22,6.736],[10.865,13.065],[17.892,13.694],[35.361,9.636],[92.145,-29.663],[92.52,-30.293],[92.288,-30.989],[83.558,-34.782],[77.848,-33.321],[49.801,-18.071],[47.155,-16.662],[46.689,-15.832],[46.73,-14.65],[45.066,-12.965],[25.632,-13.849],[21.386,-13.946],[8.497,-13.052],[8.292,-13.039],[6.646,-14.493],[8.051,-16.392],[21.403,-17.316],[25.783,-17.218],[42.272,-16.466],[42.937,-16.769],[43.137,-17.509],[28.197,-29.979],[5.5,-29.979],[-6.969,-32.859],[-9.307,-34]],"c":true},"ix":2},"nm":"Tracciato 3","mn":"ADBE Vector Shape - Group","hd":false},{"ind":3,"ty":"sh","ix":4,"ks":{"a":0,"k":{"i":[[0,0],[0.166,-0.188],[-0.031,-0.249],[0,0],[-0.445,0],[0,0],[-0.165,0.224],[0.081,0.266],[0,0],[0.391,0]],"o":[[-0.251,0],[-0.169,0.191],[0,0],[0.053,0.442],[0,0],[0.277,0],[0.165,-0.22],[0,0],[-0.112,-0.374],[0,0]],"v":[[-92.569,-32.534],[-93.226,-32.238],[-93.442,-31.547],[-84.956,38.633],[-84.082,39.408],[-48.777,39.408],[-48.07,39.051],[-47.935,38.273],[-69.157,-31.908],[-69.999,-32.534]],"c":true},"ix":2},"nm":"Tracciato 4","mn":"ADBE Vector Shape - Group","hd":false},{"ind":4,"ty":"sh","ix":5,"ks":{"a":0,"k":{"i":[[0,0],[0.102,0.844],[0,0],[-0.317,0.361],[-0.474,0],[0,0],[-0.215,-0.713],[0,0],[-0.39,0],[-0.083,0.025],[-2.217,1.985],[0,0],[-0.033,0.024],[-8.5,0],[-5.322,-2.612],[0,0],[-3.791,-0.006],[0,0],[-0.13,0.072],[0,0],[-2.995,0],[-3.096,-2.64],[-0.211,0],[-0.128,0.07],[0,0],[-1.777,0],[-2.604,-3.184],[-0.264,0],[-0.129,0.069],[0,0],[-2.526,0],[-2.754,-4.624],[0.729,-0.504],[0,0],[0.072,-0.036],[6.589,0],[2.509,0.453],[0,0],[0,0],[0.908,0],[1.622,-0.905],[0,0],[-0.113,-0.375],[0,0],[0.314,-0.428],[0.523,0]],"o":[[-0.84,0],[0,0],[-0.058,-0.481],[0.316,-0.359],[0,0],[0.736,0],[0,0],[0.114,0.375],[0.087,0],[2.839,-0.857],[0,0],[0.04,-0.037],[6.779,-5.171],[5.914,0],[0,0],[3.42,1.661],[0,0],[0.147,0],[0,0],[2.615,-1.518],[4.053,0],[0.157,0.135],[0.149,0],[0,0],[1.521,-0.777],[3.937,0],[0.169,0.206],[0.146,0],[0,0],[2.235,-1.22],[5.354,0],[0.457,0.765],[0,0],[-0.062,0.042],[-5.912,2.936],[-2.548,0],[0,0],[0,0],[-0.883,-0.226],[-1.855,0],[0,0],[-0.331,0.211],[0,0],[0.154,0.511],[-0.313,0.426],[0,0]],"v":[[-86.333,42.779],[-87.985,41.298],[-97.094,-34.013],[-96.686,-35.338],[-95.443,-35.903],[-68.114,-35.903],[-66.523,-34.712],[-63.314,-24.09],[-62.471,-23.464],[-62.215,-23.502],[-54.487,-27.847],[-48.836,-32.919],[-48.731,-33.005],[-25.037,-41.023],[-7.864,-37.031],[-5.522,-35.89],[5.501,-33.342],[22.517,-33.342],[22.94,-33.451],[35.726,-40.462],[44.296,-42.779],[55.381,-38.684],[55.952,-38.473],[56.375,-38.581],[58.746,-39.868],[63.722,-41.043],[74.166,-35.958],[74.847,-35.634],[75.267,-35.74],[76.274,-36.288],[83.551,-38.153],[96.695,-30.656],[96.21,-28.393],[37.204,12.458],[37.002,12.576],[17.892,17.065],[10.271,16.382],[-23.841,10.05],[-23.938,10.028],[-26.636,9.688],[-31.951,11.072],[-48.766,21.786],[-49.136,22.783],[-43.752,40.599],[-44.007,42.098],[-45.342,42.779]],"c":true},"ix":2},"nm":"Tracciato 5","mn":"ADBE Vector Shape - Group","hd":false},{"ty":"mm","mm":1,"nm":"Unisci tracciati 1","mn":"ADBE Vector Filter - Merge","hd":false},{"ty":"fl","c":{"a":0,"k":[1,0.999998863071,1,1],"ix":4},"o":{"a":0,"k":100,"ix":5},"r":1,"bm":0,"nm":"Riempimento 1","mn":"ADBE Vector Graphic - Fill","hd":false},{"ty":"tr","p":{"a":0,"k":[234.074,115.657],"ix":2},"a":{"a":0,"k":[0,0],"ix":1},"s":{"a":0,"k":[100,100],"ix":3},"r":{"a":0,"k":0,"ix":6},"o":{"a":0,"k":100,"ix":7},"sk":{"a":0,"k":0,"ix":4},"sa":{"a":0,"k":0,"ix":5},"nm":"Trasformazione"}],"nm":"Gruppo 9","np":7,"cix":2,"bm":0,"ix":9,"mn":"ADBE Vector Group","hd":false},{"ty":"gr","it":[{"ind":0,"ty":"sh","ix":1,"ks":{"a":0,"k":{"i":[[-0.697,0],[0,0],[0,0.697],[0.697,0],[0,0],[0,-0.698]],"o":[[0,0],[0.697,0],[0,-0.698],[0,0],[-0.697,0],[0,0.697]],"v":[[-6.676,1.262],[6.676,1.262],[7.938,0.001],[6.676,-1.262],[-6.676,-1.262],[-7.938,0.001]],"c":true},"ix":2},"nm":"Tracciato 1","mn":"ADBE Vector Shape - Group","hd":false},{"ty":"fl","c":{"a":0,"k":[1,0.999998863071,1,1],"ix":4},"o":{"a":0,"k":100,"ix":5},"r":1,"bm":0,"nm":"Riempimento 1","mn":"ADBE Vector Graphic - Fill","hd":false},{"ty":"tr","p":{"a":0,"k":[97.858,12.404],"ix":2},"a":{"a":0,"k":[0,0],"ix":1},"s":{"a":0,"k":[100,100],"ix":3},"r":{"a":0,"k":0,"ix":6},"o":{"a":0,"k":100,"ix":7},"sk":{"a":0,"k":0,"ix":4},"sa":{"a":0,"k":0,"ix":5},"nm":"Trasformazione"}],"nm":"Gruppo 10","np":2,"cix":2,"bm":0,"ix":10,"mn":"ADBE Vector Group","hd":false},{"ty":"gr","it":[{"ind":0,"ty":"sh","ix":1,"ks":{"a":0,"k":{"i":[[-0.697,0],[0,0],[0,0.697],[0.697,0],[0,0],[0,-0.698]],"o":[[0,0],[0.697,0],[0,-0.698],[0,0],[-0.697,0],[0,0.697]],"v":[[-4.029,1.262],[4.03,1.262],[5.292,0.001],[4.03,-1.262],[-4.029,-1.262],[-5.292,0.001]],"c":true},"ix":2},"nm":"Tracciato 1","mn":"ADBE Vector Shape - Group","hd":false},{"ty":"fl","c":{"a":0,"k":[1,0.999998863071,1,1],"ix":4},"o":{"a":0,"k":100,"ix":5},"r":1,"bm":0,"nm":"Riempimento 1","mn":"ADBE Vector Graphic - Fill","hd":false},{"ty":"tr","p":{"a":0,"k":[354.517,1.82],"ix":2},"a":{"a":0,"k":[0,0],"ix":1},"s":{"a":0,"k":[100,100],"ix":3},"r":{"a":0,"k":0,"ix":6},"o":{"a":0,"k":100,"ix":7},"sk":{"a":0,"k":0,"ix":4},"sa":{"a":0,"k":0,"ix":5},"nm":"Trasformazione"}],"nm":"Gruppo 11","np":2,"cix":2,"bm":0,"ix":11,"mn":"ADBE Vector Group","hd":false},{"ty":"gr","it":[{"ind":0,"ty":"sh","ix":1,"ks":{"a":0,"k":{"i":[[-0.697,0],[0,0],[0,0.697],[0.697,0],[0,0],[0,-0.698]],"o":[[0,0],[0.697,0],[0,-0.698],[0,0],[-0.697,0],[0,0.697]],"v":[[-7.998,1.262],[7.999,1.262],[9.26,0.001],[7.999,-1.262],[-7.998,-1.262],[-9.26,0.001]],"c":true},"ix":2},"nm":"Tracciato 1","mn":"ADBE Vector Shape - Group","hd":false},{"ty":"fl","c":{"a":0,"k":[1,0.999998863071,1,1],"ix":4},"o":{"a":0,"k":100,"ix":5},"r":1,"bm":0,"nm":"Riempimento 1","mn":"ADBE Vector Graphic - Fill","hd":false},{"ty":"tr","p":{"a":0,"k":[369.07,9.758],"ix":2},"a":{"a":0,"k":[0,0],"ix":1},"s":{"a":0,"k":[100,100],"ix":3},"r":{"a":0,"k":0,"ix":6},"o":{"a":0,"k":100,"ix":7},"sk":{"a":0,"k":0,"ix":4},"sa":{"a":0,"k":0,"ix":5},"nm":"Trasformazione"}],"nm":"Gruppo 12","np":2,"cix":2,"bm":0,"ix":12,"mn":"ADBE Vector Group","hd":false},{"ty":"gr","it":[{"ind":0,"ty":"sh","ix":1,"ks":{"a":0,"k":{"i":[[-0.697,0],[0,0],[0,0.697],[0.697,0],[0,0],[0,-0.698]],"o":[[0,0],[0.697,0],[0,-0.698],[0,0],[-0.697,0],[0,0.697]],"v":[[-13.29,1.262],[13.29,1.262],[14.553,0.001],[13.29,-1.262],[-13.29,-1.262],[-14.553,0.001]],"c":true},"ix":2},"nm":"Tracciato 1","mn":"ADBE Vector Shape - Group","hd":false},{"ty":"fl","c":{"a":0,"k":[1,0.999998863071,1,1],"ix":4},"o":{"a":0,"k":100,"ix":5},"r":1,"bm":0,"nm":"Riempimento 1","mn":"ADBE Vector Graphic - Fill","hd":false},{"ty":"tr","p":{"a":0,"k":[94.68,3.464],"ix":2},"a":{"a":0,"k":[0,0],"ix":1},"s":{"a":0,"k":[100,100],"ix":3},"r":{"a":0,"k":0,"ix":6},"o":{"a":0,"k":100,"ix":7},"sk":{"a":0,"k":0,"ix":4},"sa":{"a":0,"k":0,"ix":5},"nm":"Trasformazione"}],"nm":"Gruppo 13","np":2,"cix":2,"bm":0,"ix":13,"mn":"ADBE Vector Group","hd":false},{"ty":"gr","it":[{"ind":0,"ty":"sh","ix":1,"ks":{"a":0,"k":{"i":[[-0.343,-0.343],[0,0],[0,0],[-0.343,-0.343],[0.343,-0.342],[0,0],[0,0],[0.343,-0.342],[0.224,0],[0.171,0.172],[0,0],[0,0],[0.225,0],[0.17,0.172],[-0.343,0.343],[0,0],[0,0],[-0.342,0.343]],"o":[[0,0],[0,0],[0.343,-0.343],[0.343,0.343],[0,0],[0,0],[0.343,0.343],[-0.171,0.172],[-0.225,0],[0,0],[0,0],[-0.171,0.172],[-0.225,0],[-0.343,-0.342],[0,0],[0,0],[-0.342,-0.342],[0.343,-0.343]],"v":[[-1.148,-2.346],[0,-1.198],[1.148,-2.346],[2.389,-2.346],[2.389,-1.105],[1.241,0.043],[2.389,1.191],[2.389,2.431],[1.769,2.689],[1.148,2.431],[0,1.284],[-1.148,2.431],[-1.768,2.689],[-2.388,2.431],[-2.388,1.191],[-1.241,0.043],[-2.389,-1.105],[-2.389,-2.346]],"c":true},"ix":2},"nm":"Tracciato 1","mn":"ADBE Vector Shape - Group","hd":false},{"ty":"fl","c":{"a":0,"k":[1,0.999998863071,1,1],"ix":4},"o":{"a":0,"k":100,"ix":5},"r":1,"bm":0,"nm":"Riempimento 1","mn":"ADBE Vector Graphic - Fill","hd":false},{"ty":"tr","p":{"a":0,"k":[455.065,16.391],"ix":2},"a":{"a":0,"k":[0,0],"ix":1},"s":{"a":0,"k":[100,100],"ix":3},"r":{"a":0,"k":0,"ix":6},"o":{"a":0,"k":100,"ix":7},"sk":{"a":0,"k":0,"ix":4},"sa":{"a":0,"k":0,"ix":5},"nm":"Trasformazione"}],"nm":"Gruppo 15","np":2,"cix":2,"bm":0,"ix":14,"mn":"ADBE Vector Group","hd":false}],"ip":0,"op":203.999982343183,"st":0,"bm":0}]}],"layers":[{"ddd":0,"ind":1,"ty":4,"nm":"sfondo contorni","td":1,"sr":1,"ks":{"o":{"a":0,"k":100,"ix":11},"r":{"a":0,"k":0,"ix":10},"p":{"a":0,"k":[260,260,0],"ix":2,"l":2},"a":{"a":0,"k":[260,260,0],"ix":1,"l":2},"s":{"a":0,"k":[100,100,100],"ix":6,"l":2}},"ao":0,"shapes":[{"ty":"gr","it":[{"ind":0,"ty":"sh","ix":1,"ks":{"a":0,"k":{"i":[[8.969,0],[6.844,-6.843],[0,0],[0.031,-8.928],[0,0],[-6.811,-6.812],[0,0],[-8.928,-0.031],[0,0],[-6.813,6.814],[0,0],[-0.031,8.928],[0,0],[6.812,6.813],[0,0]],"o":[[-8.969,0],[0,0],[-6.811,6.813],[0,0],[0.031,8.928],[0,0],[6.813,6.814],[0,0],[8.929,-0.031],[0,0],[6.812,-6.812],[0,0],[-0.031,-8.929],[0,0],[-6.844,-6.843]],"v":[[0,-260],[-24.781,-249.735],[-249.738,-24.781],[-260,-0.12],[-260,0.121],[-249.738,24.781],[-24.781,249.733],[-0.12,260],[0.12,260],[24.782,249.733],[249.736,24.781],[260,0.121],[260,-0.119],[249.736,-24.781],[24.782,-249.735]],"c":true},"ix":2},"nm":"Tracciato 2","mn":"ADBE Vector Shape - Group","hd":false},{"ty":"fl","c":{"a":0,"k":[0.5,0.5,0.5,1],"ix":4},"o":{"a":0,"k":100,"ix":5},"r":1,"bm":0,"nm":"Riempimento 1","mn":"ADBE Vector Graphic - Fill","hd":false},{"ty":"tr","p":{"a":0,"k":[260,260],"ix":2},"a":{"a":0,"k":[0,0],"ix":1},"s":{"a":0,"k":[100,100],"ix":3},"r":{"a":0,"k":0,"ix":6},"o":{"a":0,"k":100,"ix":7},"sk":{"a":0,"k":0,"ix":4},"sa":{"a":0,"k":0,"ix":5},"nm":"Trasformazione"}],"nm":"Gruppo 1","np":2,"cix":2,"bm":0,"ix":1,"mn":"ADBE Vector Group","hd":false}],"ip":0,"op":192.999983295266,"st":0,"bm":0},{"ddd":0,"ind":2,"ty":0,"nm":"sfondo ecommerce","tt":1,"refId":"comp_0","sr":1,"ks":{"o":{"a":0,"k":100,"ix":11},"r":{"a":0,"k":0,"ix":10},"p":{"a":0,"k":[260,360,0],"ix":2,"l":2},"a":{"a":0,"k":[375,667,0],"ix":1,"l":2},"s":{"a":0,"k":[100,100,100],"ix":6,"l":2}},"ao":0,"w":750,"h":1334,"ip":0,"op":192.999983295266,"st":-10.9999990479167,"bm":0},{"ddd":0,"ind":3,"ty":4,"nm":"sfondo contorni 2","sr":1,"ks":{"o":{"a":0,"k":100,"ix":11},"r":{"a":0,"k":0,"ix":10},"p":{"a":0,"k":[260,260,0],"ix":2,"l":2},"a":{"a":0,"k":[260,260,0],"ix":1,"l":2},"s":{"a":0,"k":[100,100,100],"ix":6,"l":2}},"ao":0,"shapes":[{"ty":"gr","it":[{"ind":0,"ty":"sh","ix":1,"ks":{"a":0,"k":{"i":[[8.969,0],[6.844,-6.843],[0,0],[0.031,-8.928],[0,0],[-6.811,-6.812],[0,0],[-8.928,-0.031],[0,0],[-6.813,6.814],[0,0],[-0.031,8.928],[0,0],[6.812,6.813],[0,0]],"o":[[-8.969,0],[0,0],[-6.811,6.813],[0,0],[0.031,8.928],[0,0],[6.813,6.814],[0,0],[8.929,-0.031],[0,0],[6.812,-6.812],[0,0],[-0.031,-8.929],[0,0],[-6.844,-6.843]],"v":[[0,-260],[-24.781,-249.735],[-249.738,-24.781],[-260,-0.12],[-260,0.121],[-249.738,24.781],[-24.781,249.733],[-0.12,260],[0.12,260],[24.782,249.733],[249.736,24.781],[260,0.121],[260,-0.119],[249.736,-24.781],[24.782,-249.735]],"c":true},"ix":2},"nm":"Tracciato 2","mn":"ADBE Vector Shape - Group","hd":false},{"ty":"gf","o":{"a":0,"k":8,"ix":10},"r":1,"bm":0,"g":{"p":3,"k":{"a":0,"k":[0,1,1,1,0.515,0.5,0.5,0.5,1,0,0,0],"ix":9}},"s":{"a":0,"k":[0.941,261.406],"ix":5},"e":{"a":0,"k":[-1.297,-259.602],"ix":6},"t":1,"nm":"Riempimento sfumatura 1","mn":"ADBE Vector Graphic - G-Fill","hd":false},{"ty":"tr","p":{"a":0,"k":[260,260],"ix":2},"a":{"a":0,"k":[0,0],"ix":1},"s":{"a":0,"k":[100,100],"ix":3},"r":{"a":0,"k":0,"ix":6},"o":{"a":0,"k":100,"ix":7},"sk":{"a":0,"k":0,"ix":4},"sa":{"a":0,"k":0,"ix":5},"nm":"Trasformazione"}],"nm":"Gruppo 1","np":2,"cix":2,"bm":0,"ix":1,"mn":"ADBE Vector Group","hd":false}],"ip":0,"op":192.999983295266,"st":0,"bm":0}],"markers":[]}