{"v":"5.1.16","fr":23.9759979248047,"ip":0,"op":95.9999916909097,"w":520,"h":520,"nm":"animazione_qrcode","ddd":0,"assets":[{"id":"comp_0","layers":[{"ddd":0,"ind":1,"ty":4,"nm":"qrcode contorni","sr":1,"ks":{"o":{"a":0,"k":100,"ix":11},"r":{"a":0,"k":0,"ix":10},"p":{"a":0,"k":[375.552,455.5,0],"ix":2},"a":{"a":0,"k":[24,24,0],"ix":1},"s":{"a":1,"k":[{"i":{"x":[0.667,0.667,0.667],"y":[1,1,1]},"o":{"x":[0.333,0.333,0.333],"y":[0,0,0]},"n":["0p667_1_0p333_0","0p667_1_0p333_0","0p667_1_0p333_0"],"t":19,"s":[0,0,100],"e":[100,100,100]},{"i":{"x":[0.833,0.833,0.833],"y":[0.833,0.833,0.833]},"o":{"x":[0.167,0.167,0.167],"y":[0.167,0.167,0.167]},"n":["0p833_0p833_0p167_0p167","0p833_0p833_0p167_0p167","0p833_0p833_0p167_0p167"],"t":24,"s":[100,100,100],"e":[100,100,100]},{"i":{"x":[0.667,0.667,0.667],"y":[1,1,1]},"o":{"x":[0.333,0.333,0.333],"y":[0,0,0]},"n":["0p667_1_0p333_0","0p667_1_0p333_0","0p667_1_0p333_0"],"t":76,"s":[100,100,100],"e":[0,0,100]},{"t":80.999992989205}],"ix":6}},"ao":0,"shapes":[{"ty":"gr","it":[{"ind":0,"ty":"sh","ix":1,"ks":{"a":0,"k":{"i":[[0,0],[0,0],[0,0],[0,0]],"o":[[0,0],[0,0],[0,0],[0,0]],"v":[[-7.818,-7.818],[7.818,-7.818],[7.818,7.818],[-7.818,7.818]],"c":true},"ix":2},"nm":"Tracciato 1","mn":"ADBE Vector Shape - Group","hd":false},{"ind":1,"ty":"sh","ix":2,"ks":{"a":0,"k":{"i":[[-0.73,0],[0,0],[0,0.73],[0,0],[0.73,0],[0,0],[0,-0.73],[0,0]],"o":[[0,0],[0.73,0],[0,0],[0,-0.73],[0,0],[-0.73,0],[0,0],[0,0.73]],"v":[[-9.139,10.462],[9.139,10.462],[10.462,9.139],[10.462,-9.139],[9.139,-10.462],[-9.139,-10.462],[-10.462,-9.139],[-10.462,9.139]],"c":true},"ix":2},"nm":"Tracciato 2","mn":"ADBE Vector Shape - Group","hd":false},{"ty":"mm","mm":1,"nm":"Unisci tracciati 1","mn":"ADBE Vector Filter - Merge","hd":false},{"ty":"st","c":{"a":0,"k":[1,1,1,1],"ix":3},"o":{"a":0,"k":100,"ix":4},"w":{"a":0,"k":1.529,"ix":5},"lc":1,"lj":1,"ml":4,"nm":"Traccia 1","mn":"ADBE Vector Graphic - Stroke","hd":false},{"ty":"fl","c":{"a":0,"k":[1,1,1,1],"ix":4},"o":{"a":0,"k":100,"ix":5},"r":1,"nm":"Riempimento 1","mn":"ADBE Vector Graphic - Fill","hd":false},{"ty":"tr","p":{"a":0,"k":[11.462,11.462],"ix":2},"a":{"a":0,"k":[0,0],"ix":1},"s":{"a":0,"k":[100,100],"ix":3},"r":{"a":0,"k":0,"ix":6},"o":{"a":0,"k":100,"ix":7},"sk":{"a":0,"k":0,"ix":4},"sa":{"a":0,"k":0,"ix":5},"nm":"Trasformazione"}],"nm":"Gruppo 1","np":5,"cix":2,"ix":1,"mn":"ADBE Vector Group","hd":false},{"ty":"gr","it":[{"ind":0,"ty":"sh","ix":1,"ks":{"a":0,"k":{"i":[[0,0],[0,0],[0,0],[0,0]],"o":[[0,0],[0,0],[0,0],[0,0]],"v":[[-7.818,-7.818],[7.819,-7.818],[7.819,7.818],[-7.818,7.818]],"c":true},"ix":2},"nm":"Tracciato 1","mn":"ADBE Vector Shape - Group","hd":false},{"ind":1,"ty":"sh","ix":2,"ks":{"a":0,"k":{"i":[[-0.73,0],[0,0],[0,0.73],[0,0],[0.73,0],[0,0],[0,-0.73],[0,0]],"o":[[0,0],[0.73,0],[0,0],[0,-0.73],[0,0],[-0.73,0],[0,0],[0,0.73]],"v":[[-9.139,10.462],[9.141,10.462],[10.462,9.139],[10.462,-9.139],[9.141,-10.462],[-9.139,-10.462],[-10.462,-9.139],[-10.462,9.139]],"c":true},"ix":2},"nm":"Tracciato 2","mn":"ADBE Vector Shape - Group","hd":false},{"ty":"mm","mm":1,"nm":"Unisci tracciati 1","mn":"ADBE Vector Filter - Merge","hd":false},{"ty":"st","c":{"a":0,"k":[1,1,1,1],"ix":3},"o":{"a":0,"k":100,"ix":4},"w":{"a":0,"k":1.529,"ix":5},"lc":1,"lj":1,"ml":4,"nm":"Traccia 1","mn":"ADBE Vector Graphic - Stroke","hd":false},{"ty":"fl","c":{"a":0,"k":[1,1,1,1],"ix":4},"o":{"a":0,"k":100,"ix":5},"r":1,"nm":"Riempimento 1","mn":"ADBE Vector Graphic - Fill","hd":false},{"ty":"tr","p":{"a":0,"k":[36.775,11.462],"ix":2},"a":{"a":0,"k":[0,0],"ix":1},"s":{"a":0,"k":[100,100],"ix":3},"r":{"a":0,"k":0,"ix":6},"o":{"a":0,"k":100,"ix":7},"sk":{"a":0,"k":0,"ix":4},"sa":{"a":0,"k":0,"ix":5},"nm":"Trasformazione"}],"nm":"Gruppo 2","np":5,"cix":2,"ix":2,"mn":"ADBE Vector Group","hd":false},{"ty":"gr","it":[{"ind":0,"ty":"sh","ix":1,"ks":{"a":0,"k":{"i":[[0,0],[0,0],[0,0],[0,0]],"o":[[0,0],[0,0],[0,0],[0,0]],"v":[[7.818,7.819],[-7.818,7.819],[-7.818,-7.818],[7.818,-7.818]],"c":true},"ix":2},"nm":"Tracciato 1","mn":"ADBE Vector Shape - Group","hd":false},{"ind":1,"ty":"sh","ix":2,"ks":{"a":0,"k":{"i":[[0.73,0],[0,0],[0,-0.73],[0,0],[-0.73,0],[0,0],[0,0.73],[0,0]],"o":[[0,0],[-0.73,0],[0,0],[0,0.73],[0,0],[0.73,0],[0,0],[0,-0.73]],"v":[[9.139,-10.462],[-9.139,-10.462],[-10.462,-9.139],[-10.462,9.141],[-9.139,10.462],[9.139,10.462],[10.462,9.141],[10.462,-9.139]],"c":true},"ix":2},"nm":"Tracciato 2","mn":"ADBE Vector Shape - Group","hd":false},{"ty":"mm","mm":1,"nm":"Unisci tracciati 1","mn":"ADBE Vector Filter - Merge","hd":false},{"ty":"st","c":{"a":0,"k":[1,1,1,1],"ix":3},"o":{"a":0,"k":100,"ix":4},"w":{"a":0,"k":1.529,"ix":5},"lc":1,"lj":1,"ml":4,"nm":"Traccia 1","mn":"ADBE Vector Graphic - Stroke","hd":false},{"ty":"fl","c":{"a":0,"k":[1,1,1,1],"ix":4},"o":{"a":0,"k":100,"ix":5},"r":1,"nm":"Riempimento 1","mn":"ADBE Vector Graphic - Fill","hd":false},{"ty":"tr","p":{"a":0,"k":[11.462,36.775],"ix":2},"a":{"a":0,"k":[0,0],"ix":1},"s":{"a":0,"k":[100,100],"ix":3},"r":{"a":0,"k":0,"ix":6},"o":{"a":0,"k":100,"ix":7},"sk":{"a":0,"k":0,"ix":4},"sa":{"a":0,"k":0,"ix":5},"nm":"Trasformazione"}],"nm":"Gruppo 3","np":5,"cix":2,"ix":3,"mn":"ADBE Vector Group","hd":false},{"ty":"gr","it":[{"ind":0,"ty":"sh","ix":1,"ks":{"a":0,"k":{"i":[[0,0],[0,0],[0,0],[0,0]],"o":[[0,0],[0,0],[0,0],[0,0]],"v":[[1.415,1.415],[-1.413,1.415],[-1.413,-1.413],[1.415,-1.413]],"c":true},"ix":2},"nm":"Tracciato 1","mn":"ADBE Vector Shape - Group","hd":false},{"ind":1,"ty":"sh","ix":2,"ks":{"a":0,"k":{"i":[[0.726,0],[0,0],[0,-0.727],[0,0],[-0.727,0],[0,0],[0,0.726],[0,0]],"o":[[0,0],[-0.727,0],[0,0],[0,0.726],[0,0],[0.726,0],[0,0],[0,-0.727]],"v":[[2.732,-4.047],[-2.73,-4.047],[-4.047,-2.73],[-4.047,2.732],[-2.73,4.047],[2.732,4.047],[4.047,2.732],[4.047,-2.73]],"c":true},"ix":2},"nm":"Tracciato 2","mn":"ADBE Vector Shape - Group","hd":false},{"ty":"mm","mm":1,"nm":"Unisci tracciati 1","mn":"ADBE Vector Filter - Merge","hd":false},{"ty":"fl","c":{"a":0,"k":[1,1,1,1],"ix":4},"o":{"a":0,"k":100,"ix":5},"r":1,"nm":"Riempimento 1","mn":"ADBE Vector Graphic - Fill","hd":false},{"ty":"tr","p":{"a":0,"k":[37.111,37.111],"ix":2},"a":{"a":0,"k":[0,0],"ix":1},"s":{"a":0,"k":[100,100],"ix":3},"r":{"a":0,"k":0,"ix":6},"o":{"a":0,"k":100,"ix":7},"sk":{"a":0,"k":0,"ix":4},"sa":{"a":0,"k":0,"ix":5},"nm":"Trasformazione"}],"nm":"Gruppo 4","np":4,"cix":2,"ix":4,"mn":"ADBE Vector Group","hd":false},{"ty":"gr","it":[{"ind":0,"ty":"sh","ix":1,"ks":{"a":0,"k":{"i":[[0,0],[0,0],[0,0],[0,0]],"o":[[0,0],[0,0],[0,0],[0,0]],"v":[[1.413,1.415],[-1.413,1.415],[-1.413,-1.415],[1.413,-1.415]],"c":true},"ix":2},"nm":"Tracciato 1","mn":"ADBE Vector Shape - Group","hd":false},{"ind":1,"ty":"sh","ix":2,"ks":{"a":0,"k":{"i":[[0.727,0],[0,0],[0,-0.727],[0,0],[-0.727,0],[0,0],[0,0.726],[0,0]],"o":[[0,0],[-0.727,0],[0,0],[0,0.726],[0,0],[0.727,0],[0,0],[0,-0.727]],"v":[[2.73,-4.047],[-2.73,-4.047],[-4.047,-2.73],[-4.047,2.73],[-2.73,4.047],[2.73,4.047],[4.047,2.73],[4.047,-2.73]],"c":true},"ix":2},"nm":"Tracciato 2","mn":"ADBE Vector Shape - Group","hd":false},{"ty":"mm","mm":1,"nm":"Unisci tracciati 1","mn":"ADBE Vector Filter - Merge","hd":false},{"ty":"fl","c":{"a":0,"k":[1,1,1,1],"ix":4},"o":{"a":0,"k":100,"ix":5},"r":1,"nm":"Riempimento 1","mn":"ADBE Vector Graphic - Fill","hd":false},{"ty":"tr","p":{"a":0,"k":[43.861,43.861],"ix":2},"a":{"a":0,"k":[0,0],"ix":1},"s":{"a":0,"k":[100,100],"ix":3},"r":{"a":0,"k":0,"ix":6},"o":{"a":0,"k":100,"ix":7},"sk":{"a":0,"k":0,"ix":4},"sa":{"a":0,"k":0,"ix":5},"nm":"Trasformazione"}],"nm":"Gruppo 5","np":4,"cix":2,"ix":5,"mn":"ADBE Vector Group","hd":false},{"ty":"gr","it":[{"ind":0,"ty":"sh","ix":1,"ks":{"a":0,"k":{"i":[[0,0],[0,0],[0,0],[0,0]],"o":[[0,0],[0,0],[0,0],[0,0]],"v":[[1.415,1.415],[-1.415,1.415],[-1.415,-1.415],[1.415,-1.415]],"c":true},"ix":2},"nm":"Tracciato 1","mn":"ADBE Vector Shape - Group","hd":false},{"ind":1,"ty":"sh","ix":2,"ks":{"a":0,"k":{"i":[[0,0],[0,-0.727],[0,0],[-0.727,0],[0,0],[0,0.726],[0,0],[0.726,0]],"o":[[-0.727,0],[0,0],[0,0.726],[0,0],[0.726,0],[0,0],[0,-0.727],[0,0]],"v":[[-2.73,-4.046],[-4.047,-2.73],[-4.047,2.73],[-2.73,4.046],[2.73,4.046],[4.047,2.73],[4.047,-2.73],[2.73,-4.046]],"c":true},"ix":2},"nm":"Tracciato 2","mn":"ADBE Vector Shape - Group","hd":false},{"ty":"mm","mm":1,"nm":"Unisci tracciati 1","mn":"ADBE Vector Filter - Merge","hd":false},{"ty":"fl","c":{"a":0,"k":[1,1,1,1],"ix":4},"o":{"a":0,"k":100,"ix":5},"r":1,"nm":"Riempimento 1","mn":"ADBE Vector Graphic - Fill","hd":false},{"ty":"tr","p":{"a":0,"k":[43.861,30.36],"ix":2},"a":{"a":0,"k":[0,0],"ix":1},"s":{"a":0,"k":[100,100],"ix":3},"r":{"a":0,"k":0,"ix":6},"o":{"a":0,"k":100,"ix":7},"sk":{"a":0,"k":0,"ix":4},"sa":{"a":0,"k":0,"ix":5},"nm":"Trasformazione"}],"nm":"Gruppo 6","np":4,"cix":2,"ix":6,"mn":"ADBE Vector Group","hd":false},{"ty":"gr","it":[{"ind":0,"ty":"sh","ix":1,"ks":{"a":0,"k":{"i":[[0,0],[0,0],[0,0],[0,0]],"o":[[0,0],[0,0],[0,0],[0,0]],"v":[[1.413,1.415],[-1.413,1.415],[-1.413,-1.415],[1.413,-1.415]],"c":true},"ix":2},"nm":"Tracciato 1","mn":"ADBE Vector Shape - Group","hd":false},{"ind":1,"ty":"sh","ix":2,"ks":{"a":0,"k":{"i":[[0.727,0],[0,0],[0,-0.727],[0,0],[-0.727,0],[0,0],[0,0.726],[0,0]],"o":[[0,0],[-0.727,0],[0,0],[0,0.726],[0,0],[0.727,0],[0,0],[0,-0.727]],"v":[[2.73,-4.047],[-2.73,-4.047],[-4.047,-2.73],[-4.047,2.73],[-2.73,4.047],[2.73,4.047],[4.047,2.73],[4.047,-2.73]],"c":true},"ix":2},"nm":"Tracciato 2","mn":"ADBE Vector Shape - Group","hd":false},{"ty":"mm","mm":1,"nm":"Unisci tracciati 1","mn":"ADBE Vector Filter - Merge","hd":false},{"ty":"fl","c":{"a":0,"k":[1,1,1,1],"ix":4},"o":{"a":0,"k":100,"ix":5},"r":1,"nm":"Riempimento 1","mn":"ADBE Vector Graphic - Fill","hd":false},{"ty":"tr","p":{"a":0,"k":[30.361,43.861],"ix":2},"a":{"a":0,"k":[0,0],"ix":1},"s":{"a":0,"k":[100,100],"ix":3},"r":{"a":0,"k":0,"ix":6},"o":{"a":0,"k":100,"ix":7},"sk":{"a":0,"k":0,"ix":4},"sa":{"a":0,"k":0,"ix":5},"nm":"Trasformazione"}],"nm":"Gruppo 7","np":4,"cix":2,"ix":7,"mn":"ADBE Vector Group","hd":false},{"ty":"gr","it":[{"ind":0,"ty":"sh","ix":1,"ks":{"a":0,"k":{"i":[[0,0],[0,0],[0,0],[0,0]],"o":[[0,0],[0,0],[0,0],[0,0]],"v":[[1.415,1.415],[-1.415,1.415],[-1.415,-1.415],[1.415,-1.415]],"c":true},"ix":2},"nm":"Tracciato 1","mn":"ADBE Vector Shape - Group","hd":false},{"ind":1,"ty":"sh","ix":2,"ks":{"a":0,"k":{"i":[[0,0],[0,-0.727],[0,0],[-0.727,0],[0,0],[0,0.726],[0,0],[0.726,0]],"o":[[-0.727,0],[0,0],[0,0.726],[0,0],[0.726,0],[0,0],[0,-0.727],[0,0]],"v":[[-2.73,-4.046],[-4.047,-2.73],[-4.047,2.73],[-2.73,4.046],[2.73,4.046],[4.047,2.73],[4.047,-2.73],[2.73,-4.046]],"c":true},"ix":2},"nm":"Tracciato 2","mn":"ADBE Vector Shape - Group","hd":false},{"ty":"mm","mm":1,"nm":"Unisci tracciati 1","mn":"ADBE Vector Filter - Merge","hd":false},{"ty":"fl","c":{"a":0,"k":[1,1,1,1],"ix":4},"o":{"a":0,"k":100,"ix":5},"r":1,"nm":"Riempimento 1","mn":"ADBE Vector Graphic - Fill","hd":false},{"ty":"tr","p":{"a":0,"k":[30.361,30.36],"ix":2},"a":{"a":0,"k":[0,0],"ix":1},"s":{"a":0,"k":[100,100],"ix":3},"r":{"a":0,"k":0,"ix":6},"o":{"a":0,"k":100,"ix":7},"sk":{"a":0,"k":0,"ix":4},"sa":{"a":0,"k":0,"ix":5},"nm":"Trasformazione"}],"nm":"Gruppo 8","np":4,"cix":2,"ix":8,"mn":"ADBE Vector Group","hd":false}],"ip":0,"op":239.999979227274,"st":0,"bm":0},{"ddd":0,"ind":2,"ty":4,"nm":"phone contorni","sr":1,"ks":{"o":{"a":0,"k":100,"ix":11},"r":{"a":0,"k":0,"ix":10},"p":{"a":0,"k":[374.377,535.668,0],"ix":2},"a":{"a":0,"k":[49.877,158.168,0],"ix":1},"s":{"a":1,"k":[{"i":{"x":[0.667,0.667,0.667],"y":[1,1,1]},"o":{"x":[0.333,0.333,0.333],"y":[0,0,0]},"n":["0p667_1_0p333_0","0p667_1_0p333_0","0p667_1_0p333_0"],"t":12,"s":[0,0,100],"e":[110,110,100]},{"i":{"x":[0.667,0.667,0.667],"y":[1,1,1]},"o":{"x":[0.333,0.333,0.333],"y":[0,0,0]},"n":["0p667_1_0p333_0","0p667_1_0p333_0","0p667_1_0p333_0"],"t":19,"s":[110,110,100],"e":[100,100,100]},{"i":{"x":[0.833,0.833,0.833],"y":[0.833,0.833,0.833]},"o":{"x":[0.167,0.167,0.167],"y":[0.167,0.167,0.167]},"n":["0p833_0p833_0p167_0p167","0p833_0p833_0p167_0p167","0p833_0p833_0p167_0p167"],"t":23,"s":[100,100,100],"e":[100,100,100]},{"i":{"x":[0.667,0.667,0.667],"y":[1,1,1]},"o":{"x":[0.333,0.333,0.333],"y":[0,0,0]},"n":["0p667_1_0p333_0","0p667_1_0p333_0","0p667_1_0p333_0"],"t":81,"s":[100,100,100],"e":[0,0,100]},{"t":88.9999922967808}],"ix":6}},"ao":0,"shapes":[{"ty":"gr","it":[{"ind":0,"ty":"sh","ix":1,"ks":{"a":0,"k":{"i":[[3.483,0],[0,3.473],[-3.483,0],[0,-3.47]],"o":[[-3.483,0],[0,-3.47],[3.483,0],[0,3.473]],"v":[[0.001,6.294],[-6.318,0],[0.001,-6.294],[6.318,0]],"c":true},"ix":2},"nm":"Tracciato 1","mn":"ADBE Vector Shape - Group","hd":false},{"ind":1,"ty":"sh","ix":2,"ks":{"a":0,"k":{"i":[[1.688,0],[0,-1.682],[-1.688,0],[0,1.683]],"o":[[-1.688,0],[0,1.683],[1.688,0],[0,-1.682]],"v":[[0.001,-3.051],[-3.062,0],[0.001,3.051],[3.062,0]],"c":true},"ix":2},"nm":"Tracciato 2","mn":"ADBE Vector Shape - Group","hd":false},{"ty":"mm","mm":1,"nm":"Unisci tracciati 1","mn":"ADBE Vector Filter - Merge","hd":false},{"ty":"fl","c":{"a":0,"k":[1,1,1,1],"ix":4},"o":{"a":0,"k":100,"ix":5},"r":1,"nm":"Riempimento 1","mn":"ADBE Vector Graphic - Fill","hd":false},{"ty":"tr","p":{"a":0,"k":[50.482,143.874],"ix":2},"a":{"a":0,"k":[0,0],"ix":1},"s":{"a":0,"k":[100,100],"ix":3},"r":{"a":0,"k":0,"ix":6},"o":{"a":0,"k":100,"ix":7},"sk":{"a":0,"k":0,"ix":4},"sa":{"a":0,"k":0,"ix":5},"nm":"Trasformazione"}],"nm":"Gruppo 2","np":4,"cix":2,"ix":1,"mn":"ADBE Vector Group","hd":false},{"ty":"gr","it":[{"ind":0,"ty":"sh","ix":1,"ks":{"a":0,"k":{"i":[[0,0],[0,0],[0,0],[0,0]],"o":[[0,0],[0,0],[0,0],[0,0]],"v":[[-14.461,1.622],[14.461,1.622],[14.461,-1.622],[-14.461,-1.622]],"c":true},"ix":2},"nm":"Tracciato 1","mn":"ADBE Vector Shape - Group","hd":false},{"ty":"fl","c":{"a":0,"k":[1,1,1,1],"ix":4},"o":{"a":0,"k":100,"ix":5},"r":1,"nm":"Riempimento 1","mn":"ADBE Vector Graphic - Fill","hd":false},{"ty":"tr","p":{"a":0,"k":[50.482,13.293],"ix":2},"a":{"a":0,"k":[0,0],"ix":1},"s":{"a":0,"k":[100,100],"ix":3},"r":{"a":0,"k":0,"ix":6},"o":{"a":0,"k":100,"ix":7},"sk":{"a":0,"k":0,"ix":4},"sa":{"a":0,"k":0,"ix":5},"nm":"Trasformazione"}],"nm":"Gruppo 3","np":2,"cix":2,"ix":2,"mn":"ADBE Vector Group","hd":false},{"ty":"gr","it":[{"ind":0,"ty":"sh","ix":1,"ks":{"a":0,"k":{"i":[[0,0],[0,0],[0,0],[3.922,0],[0,0],[0,0],[0,0],[0,5.693]],"o":[[0,0],[0,0],[0,3.907],[0,0],[0,0],[0,0],[5.717,0],[0,0]],"v":[[45.424,-49.053],[42.169,-49.053],[42.169,38.724],[35.057,45.81],[-45.424,45.81],[-45.424,49.053],[35.057,49.053],[45.424,38.724]],"c":true},"ix":2},"nm":"Tracciato 1","mn":"ADBE Vector Shape - Group","hd":false},{"ty":"fl","c":{"a":0,"k":[1,1,1,1],"ix":4},"o":{"a":0,"k":100,"ix":5},"r":1,"nm":"Riempimento 1","mn":"ADBE Vector Graphic - Fill","hd":false},{"ty":"tr","p":{"a":0,"k":[55.519,109.115],"ix":2},"a":{"a":0,"k":[0,0],"ix":1},"s":{"a":0,"k":[100,100],"ix":3},"r":{"a":0,"k":0,"ix":6},"o":{"a":0,"k":100,"ix":7},"sk":{"a":0,"k":0,"ix":4},"sa":{"a":0,"k":0,"ix":5},"nm":"Trasformazione"}],"nm":"Gruppo 4","np":2,"cix":2,"ix":3,"mn":"ADBE Vector Group","hd":false},{"ty":"gr","it":[{"ind":0,"ty":"sh","ix":1,"ks":{"a":0,"k":{"i":[[0,0],[0,0],[0,0],[3.922,0],[0,0],[0,0],[0,0],[0,-5.693]],"o":[[0,0],[0,0],[0,-3.907],[0,0],[0,0],[0,0],[5.717,0],[0,0]],"v":[[30.639,49.053],[27.384,49.053],[27.384,-38.725],[20.272,-45.81],[-30.639,-45.81],[-30.639,-49.053],[20.272,-49.053],[30.639,-38.725]],"c":true},"ix":2},"nm":"Tracciato 1","mn":"ADBE Vector Shape - Group","hd":false},{"ty":"fl","c":{"a":0,"k":[1,1,1,1],"ix":4},"o":{"a":0,"k":100,"ix":5},"r":1,"nm":"Riempimento 1","mn":"ADBE Vector Graphic - Fill","hd":false},{"ty":"tr","p":{"a":0,"k":[70.326,49.053],"ix":2},"a":{"a":0,"k":[0,0],"ix":1},"s":{"a":0,"k":[100,100],"ix":3},"r":{"a":0,"k":0,"ix":6},"o":{"a":0,"k":100,"ix":7},"sk":{"a":0,"k":0,"ix":4},"sa":{"a":0,"k":0,"ix":5},"nm":"Trasformazione"}],"nm":"Gruppo 5","np":2,"cix":2,"ix":4,"mn":"ADBE Vector Group","hd":false},{"ty":"gr","it":[{"ind":0,"ty":"sh","ix":1,"ks":{"a":0,"k":{"i":[[0,0],[0,5.693],[0,0],[-5.716,0],[0,0],[0,0],[0,0],[0,-3.909],[0,0],[-3.924,0]],"o":[[-5.716,0],[0,0],[0,-5.695],[0,0],[0,0],[0,0],[-3.924,0],[0,0],[0,3.907],[0,0]],"v":[[-11.487,79.082],[-21.856,68.753],[-21.856,-68.753],[-11.487,-79.082],[21.856,-79.082],[21.856,-75.839],[-11.487,-75.839],[-18.601,-68.753],[-18.601,68.753],[-11.487,75.839]],"c":true},"ix":2},"nm":"Tracciato 1","mn":"ADBE Vector Shape - Group","hd":false},{"ty":"fl","c":{"a":0,"k":[1,1,1,1],"ix":4},"o":{"a":0,"k":100,"ix":5},"r":1,"nm":"Riempimento 1","mn":"ADBE Vector Graphic - Fill","hd":false},{"ty":"tr","p":{"a":0,"k":[21.856,79.083],"ix":2},"a":{"a":0,"k":[0,0],"ix":1},"s":{"a":0,"k":[100,100],"ix":3},"r":{"a":0,"k":0,"ix":6},"o":{"a":0,"k":100,"ix":7},"sk":{"a":0,"k":0,"ix":4},"sa":{"a":0,"k":0,"ix":5},"nm":"Trasformazione"}],"nm":"Gruppo 6","np":2,"cix":2,"ix":5,"mn":"ADBE Vector Group","hd":false}],"ip":0,"op":239.999979227274,"st":0,"bm":0},{"ddd":0,"ind":3,"ty":4,"nm":"Livello forma 1","sr":1,"ks":{"o":{"a":0,"k":100,"ix":11},"r":{"a":0,"k":0,"ix":10},"p":{"a":0,"k":[375,665.5,0],"ix":2},"a":{"a":0,"k":[0,0,0],"ix":1},"s":{"a":0,"k":[100,100,100],"ix":6}},"ao":0,"shapes":[{"ty":"gr","it":[{"ind":0,"ty":"sh","ix":1,"ks":{"a":0,"k":{"i":[[0,0],[0,0],[0,0],[0,0]],"o":[[0,0],[0,0],[0,0],[0,0]],"v":[[-27,-48],[-27,-83],[0.875,-83],[0.375,-122.25]],"c":false},"ix":2},"nm":"Tracciato 1","mn":"ADBE Vector Shape - Group","hd":false},{"ty":"st","c":{"a":0,"k":[1,1,1,1],"ix":3},"o":{"a":0,"k":100,"ix":4},"w":{"a":0,"k":3,"ix":5},"lc":2,"lj":2,"d":[{"n":"d","nm":"trattino","v":{"a":0,"k":10,"ix":1}},{"n":"g","nm":"spazio","v":{"a":0,"k":10,"ix":2}},{"n":"o","nm":"scostamento","v":{"a":0,"k":2,"ix":7}}],"nm":"Traccia 1","mn":"ADBE Vector Graphic - Stroke","hd":false},{"ty":"tr","p":{"a":0,"k":[0,0],"ix":2},"a":{"a":0,"k":[0,0],"ix":1},"s":{"a":0,"k":[100,100],"ix":3},"r":{"a":0,"k":0,"ix":6},"o":{"a":0,"k":100,"ix":7},"sk":{"a":0,"k":0,"ix":4},"sa":{"a":0,"k":0,"ix":5},"nm":"Trasformazione"}],"nm":"Forma 1","np":3,"cix":2,"ix":1,"mn":"ADBE Vector Group","hd":false},{"ty":"tm","s":{"a":0,"k":0,"ix":1},"e":{"a":1,"k":[{"i":{"x":[0.667],"y":[1]},"o":{"x":[0.333],"y":[0]},"n":["0p667_1_0p333_0"],"t":2,"s":[0],"e":[100]},{"i":{"x":[0.833],"y":[0.833]},"o":{"x":[0.167],"y":[0.167]},"n":["0p833_0p833_0p167_0p167"],"t":12,"s":[100],"e":[100]},{"i":{"x":[0.667],"y":[1]},"o":{"x":[0.333],"y":[0]},"n":["0p667_1_0p333_0"],"t":88,"s":[100],"e":[0]},{"t":94.9999917774627}],"ix":2},"o":{"a":0,"k":0,"ix":3},"m":1,"ix":2,"nm":"Taglia tracciati 1","mn":"ADBE Vector Filter - Trim","hd":false}],"ip":0,"op":239.999979227274,"st":0,"bm":0},{"ddd":0,"ind":4,"ty":4,"nm":"big cloud contorni 2","sr":1,"ks":{"o":{"a":0,"k":100,"ix":11},"r":{"a":0,"k":0,"ix":10},"p":{"a":1,"k":[{"i":{"x":0.667,"y":1},"o":{"x":0.333,"y":0},"n":"0p667_1_0p333_0","t":0,"s":[544,581,0],"e":[544,571,0],"to":[0,-1.66666662693024,0],"ti":[0,0,0]},{"i":{"x":0.667,"y":1},"o":{"x":0.333,"y":0},"n":"0p667_1_0p333_0","t":48,"s":[544,571,0],"e":[544,581,0],"to":[0,0,0],"ti":[0,-1.66666662693024,0]},{"t":94.9999917774627}],"ix":2},"a":{"a":0,"k":[54.5,13.5,0],"ix":1},"s":{"a":0,"k":[100,100,100],"ix":6}},"ao":0,"shapes":[{"ty":"gr","it":[{"ind":0,"ty":"sh","ix":1,"ks":{"a":0,"k":{"i":[[0,0],[0,0],[0,0],[-10.793,0],[-3.341,-2.443],[-7.326,0],[-3.838,-7.403],[-5.571,0],[0,-10.798],[0,0]],"o":[[0,0],[0,0],[0,-10.826],[4.154,0],[4.208,-5.952],[8.416,0],[3.711,-4.093],[10.793,0],[0,0],[0,0]],"v":[[50.744,13.132],[-51.703,13.132],[-51.703,12.178],[-32.129,-7.434],[-20.567,-3.656],[-2.268,-13.132],[17.64,-1.023],[32.123,-7.434],[51.703,12.15],[51.703,13.104]],"c":true},"ix":2},"nm":"Tracciato 1","mn":"ADBE Vector Shape - Group","hd":false},{"ind":1,"ty":"sh","ix":2,"ks":{"a":0,"k":{"i":[[0.486,-9.317],[0,0],[9.435,0],[3.374,-4.345],[0,0],[0,0],[8.16,0],[3.799,-5.924],[0,0],[0,0],[4.067,0]],"o":[[0,0],[-0.473,-9.311],[-5.489,0],[0,0],[0,0],[-3.266,-7.489],[-7.021,0],[0,0],[0,0],[-3.146,-2.571],[-9.43,0]],"v":[[-49.774,11.223],[49.767,11.223],[32.123,-5.525],[18.174,1.312],[17.187,2.579],[16.544,1.107],[-2.268,-11.223],[-19.542,-1.762],[-20.12,-0.861],[-20.948,-1.538],[-32.129,-5.525]],"c":true},"ix":2},"nm":"Tracciato 2","mn":"ADBE Vector Shape - Group","hd":false},{"ty":"mm","mm":1,"nm":"Unisci tracciati 1","mn":"ADBE Vector Filter - Merge","hd":false},{"ty":"fl","c":{"a":0,"k":[1,1,1,1],"ix":4},"o":{"a":0,"k":100,"ix":5},"r":1,"nm":"Riempimento 1","mn":"ADBE Vector Graphic - Fill","hd":false},{"ty":"tr","p":{"a":0,"k":[52.102,13.674],"ix":2},"a":{"a":0,"k":[0,0],"ix":1},"s":{"a":0,"k":[100,100],"ix":3},"r":{"a":0,"k":0,"ix":6},"o":{"a":0,"k":100,"ix":7},"sk":{"a":0,"k":0,"ix":4},"sa":{"a":0,"k":0,"ix":5},"nm":"Trasformazione"}],"nm":"Gruppo 1","np":4,"cix":2,"ix":1,"mn":"ADBE Vector Group","hd":false}],"ip":0,"op":239.999979227274,"st":0,"bm":0},{"ddd":0,"ind":5,"ty":4,"nm":"small cloud 1 contorni 2","sr":1,"ks":{"o":{"a":0,"k":100,"ix":11},"r":{"a":0,"k":0,"ix":10},"p":{"a":1,"k":[{"i":{"x":0.667,"y":1},"o":{"x":0.333,"y":0},"n":"0p667_1_0p333_0","t":0,"s":[485,463,0],"e":[485,473,0],"to":[0,1.66666662693024,0],"ti":[0,0,0]},{"i":{"x":0.667,"y":1},"o":{"x":0.333,"y":0},"n":"0p667_1_0p333_0","t":29,"s":[485,473,0],"e":[485,463,0],"to":[0,0,0],"ti":[0,1.66666662693024,0]},{"t":94.9999917774627}],"ix":2},"a":{"a":0,"k":[28.5,10,0],"ix":1},"s":{"a":0,"k":[100,100,100],"ix":6}},"ao":0,"shapes":[{"ty":"gr","it":[{"ind":0,"ty":"sh","ix":1,"ks":{"a":0,"k":{"i":[[0,0],[0,0],[0,0],[-10.314,0],[-3.505,-5.024],[-2.992,0],[0,-7.47]],"o":[[0,0],[0,0],[0,-10.32],[6.159,0],[2.366,-1.827],[7.468,0],[0,0]],"v":[[27.909,9.835],[-27.909,9.835],[-27.909,8.881],[-9.201,-9.836],[6.11,-1.845],[14.363,-4.666],[27.909,8.881]],"c":true},"ix":2},"nm":"Tracciato 1","mn":"ADBE Vector Shape - Group","hd":false},{"ind":1,"ty":"sh","ix":2,"ks":{"a":0,"k":{"i":[[0.496,-8.826],[0,0],[6.095,0],[2.153,-1.959],[0,0],[0,0],[5.859,0]],"o":[[0,0],[-0.486,-5.974],[-2.889,0],[0,0],[0,0],[-3.091,-5.011],[-8.946,0]],"v":[[-25.974,7.927],[25.958,7.927],[14.363,-2.758],[6.547,0.28],[5.696,1.053],[5.091,0.075],[-9.201,-7.928]],"c":true},"ix":2},"nm":"Tracciato 2","mn":"ADBE Vector Shape - Group","hd":false},{"ty":"fl","c":{"a":0,"k":[1,1,1,1],"ix":4},"o":{"a":0,"k":100,"ix":5},"r":1,"nm":"Riempimento 1","mn":"ADBE Vector Graphic - Fill","hd":false},{"ty":"tr","p":{"a":0,"k":[28.143,9.835],"ix":2},"a":{"a":0,"k":[0,0],"ix":1},"s":{"a":0,"k":[100,100],"ix":3},"r":{"a":0,"k":0,"ix":6},"o":{"a":0,"k":100,"ix":7},"sk":{"a":0,"k":0,"ix":4},"sa":{"a":0,"k":0,"ix":5},"nm":"Trasformazione"}],"nm":"Gruppo 1","np":3,"cix":2,"ix":1,"mn":"ADBE Vector Group","hd":false}],"ip":0,"op":239.999979227274,"st":0,"bm":0},{"ddd":0,"ind":6,"ty":4,"nm":"small cloud 2 contorni 2","sr":1,"ks":{"o":{"a":0,"k":100,"ix":11},"r":{"a":0,"k":0,"ix":10},"p":{"a":1,"k":[{"i":{"x":0.667,"y":1},"o":{"x":0.333,"y":0},"n":"0p667_1_0p333_0","t":0,"s":[211.231,527,0],"e":[211.231,537,0],"to":[0,1.66666662693024,0],"ti":[0,0,0]},{"i":{"x":0.667,"y":1},"o":{"x":0.333,"y":0},"n":"0p667_1_0p333_0","t":48,"s":[211.231,537,0],"e":[211.231,527,0],"to":[0,0,0],"ti":[0,1.66666662693024,0]},{"t":94.9999917774627}],"ix":2},"a":{"a":0,"k":[30.5,10.5,0],"ix":1},"s":{"a":0,"k":[100,100,100],"ix":6}},"ao":0,"shapes":[{"ty":"gr","it":[{"ind":0,"ty":"sh","ix":1,"ks":{"a":0,"k":{"i":[[0,0],[0,0],[0,0],[-7.384,0],[-2.476,-3.614],[-7.487,0],[0,-10.317]],"o":[[0,0],[0,0],[0,-7.387],[4.478,0],[2.972,-6.718],[10.313,0],[0,0]],"v":[[30.103,9.833],[-30.103,9.833],[-30.103,8.878],[-16.712,-4.518],[-5.697,1.271],[11.398,-9.833],[30.103,8.878]],"c":true},"ix":2},"nm":"Tracciato 1","mn":"ADBE Vector Shape - Group","hd":false},{"ind":1,"ty":"sh","ix":2,"ks":{"a":0,"k":{"i":[[0.487,-5.89],[0,0],[8.941,0],[2.228,-6.996],[0,0],[0,0],[4.439,0]],"o":[[0,0],[-0.496,-8.823],[-7.346,0],[0,0],[0,0],[-1.937,-4.013],[-6.011,0]],"v":[[-28.156,7.924],[28.167,7.924],[11.398,-7.924],[-4.607,3.773],[-5.335,6.057],[-6.376,3.898],[-16.712,-2.609]],"c":true},"ix":2},"nm":"Tracciato 2","mn":"ADBE Vector Shape - Group","hd":false},{"ty":"mm","mm":1,"nm":"Unisci tracciati 1","mn":"ADBE Vector Filter - Merge","hd":false},{"ty":"fl","c":{"a":0,"k":[1,1,1,1],"ix":4},"o":{"a":0,"k":100,"ix":5},"r":1,"nm":"Riempimento 1","mn":"ADBE Vector Graphic - Fill","hd":false},{"ty":"tr","p":{"a":0,"k":[30.107,10.273],"ix":2},"a":{"a":0,"k":[0,0],"ix":1},"s":{"a":0,"k":[100,100],"ix":3},"r":{"a":0,"k":0,"ix":6},"o":{"a":0,"k":100,"ix":7},"sk":{"a":0,"k":0,"ix":4},"sa":{"a":0,"k":0,"ix":5},"nm":"Trasformazione"}],"nm":"Gruppo 1","np":4,"cix":2,"ix":1,"mn":"ADBE Vector Group","hd":false}],"ip":0,"op":239.999979227274,"st":0,"bm":0},{"ddd":0,"ind":7,"ty":4,"nm":"rombo_qrcode contorni","sr":1,"ks":{"o":{"a":0,"k":100,"ix":11},"r":{"a":0,"k":0,"ix":10},"p":{"a":0,"k":[375.552,567,0],"ix":2},"a":{"a":0,"k":[260,260,0],"ix":1},"s":{"a":0,"k":[100,100,100],"ix":6}},"ao":0,"shapes":[{"ty":"gr","it":[{"ind":0,"ty":"sh","ix":1,"ks":{"a":0,"k":{"i":[[0,0],[-0.467,0.299],[0,0.767],[0.597,0.355],[0.89,0],[0,0],[0,0]],"o":[[0.933,0],[0.597,-0.369],[0,-0.753],[-0.496,-0.313],[0,0],[0,0],[0,0]],"v":[[18.429,-0.458],[20.529,-0.906],[21.425,-2.611],[20.529,-4.273],[18.45,-4.742],[15.935,-4.742],[15.935,-0.458]],"c":true},"ix":2},"nm":"Tracciato 1","mn":"ADBE Vector Shape - Group","hd":false},{"ind":1,"ty":"sh","ix":2,"ks":{"a":0,"k":{"i":[[0,0],[0,0],[0.321,-0.099],[0.138,0],[0.16,0.113],[0,0.228],[0,0],[-0.102,0.114],[-0.219,0],[0,0],[-0.802,-0.881],[0,-0.782],[0.481,-0.54],[1.982,0]],"o":[[0,0],[0,0.328],[-0.088,0.028],[-0.138,0],[-0.16,-0.114],[0,0],[0,-0.185],[0.19,-0.171],[0,0],[1.91,0],[0.481,0.526],[0,0.782],[-0.774,0.881],[0,0]],"v":[[15.935,0.692],[15.935,5.147],[15.454,5.787],[15.115,5.829],[14.666,5.659],[14.426,5.147],[14.426,-5.19],[14.579,-5.638],[15.192,-5.894],[18.21,-5.894],[22.279,-4.572],[23,-2.611],[22.279,-0.629],[18.145,0.692]],"c":true},"ix":2},"nm":"Tracciato 2","mn":"ADBE Vector Shape - Group","hd":false},{"ind":2,"ty":"sh","ix":3,"ks":{"a":0,"k":{"i":[[0,0.838],[-0.248,0.754],[-0.482,0.54],[-1.779,0],[-1.007,-1.122],[-0.248,-0.753],[0,-0.839],[0.248,-0.752],[0.467,-0.54],[1.794,0],[1.006,1.108],[0.248,0.754]],"o":[[0,-0.839],[0.248,-0.753],[1.02,-1.122],[1.794,0],[0.467,0.54],[0.248,0.754],[0,0.838],[-0.248,0.754],[-1.007,1.108],[-1.794,0],[-0.482,-0.54],[-0.248,-0.752]],"v":[[0.383,0.011],[0.755,-2.377],[1.849,-4.316],[6.048,-6],[10.248,-4.316],[11.32,-2.377],[11.692,0.011],[11.32,2.397],[10.248,4.338],[6.048,6],[1.849,4.338],[0.755,2.397]],"c":true},"ix":2},"nm":"Tracciato 3","mn":"ADBE Vector Shape - Group","hd":false},{"ind":3,"ty":"sh","ix":4,"ks":{"a":0,"k":{"i":[[0.161,-0.597],[0,-0.569],[-0.154,-0.597],[-0.328,-0.448],[-0.511,-0.277],[-0.714,0],[-0.511,0.277],[-0.336,0.447],[-0.145,0.596],[0,0.568],[0.146,0.596],[0.335,0.455],[0.51,0.269],[0.715,0],[0.51,-0.271],[0.329,-0.456]],"o":[[-0.145,0.596],[0,0.568],[0.152,0.596],[0.329,0.447],[0.51,0.277],[0.715,0],[0.51,-0.277],[0.335,-0.448],[0.146,-0.597],[0,-0.569],[-0.145,-0.597],[-0.336,-0.456],[-0.511,-0.271],[-0.714,0],[-0.511,0.269],[-0.328,0.455]],"v":[[2.22,-1.737],[2.001,0.011],[2.232,1.759],[2.953,3.325],[4.211,4.412],[6.048,4.828],[7.886,4.412],[9.155,3.325],[9.876,1.759],[10.095,0.011],[9.876,-1.737],[9.155,-3.314],[7.886,-4.401],[6.048,-4.807],[4.211,-4.401],[2.953,-3.314]],"c":true},"ix":2},"nm":"Tracciato 4","mn":"ADBE Vector Shape - Group","hd":false},{"ind":4,"ty":"sh","ix":5,"ks":{"a":0,"k":{"i":[[0,0],[-0.32,0.1],[-0.145,0],[-0.153,-0.114],[0,-0.227],[0,0],[0.321,-0.099],[0.145,0],[0.153,0.113],[0,0.228],[0,0],[0,0],[0,0],[0.32,-0.099],[0.146,0],[0.154,0.113],[0,0.228],[0,0],[-0.321,0.1],[-0.139,0],[-0.153,-0.114],[0,-0.227],[0,0],[0,0]],"o":[[0,-0.327],[0.088,-0.028],[0.146,0],[0.153,0.114],[0,0],[0,0.328],[-0.087,0.028],[-0.146,0],[-0.153,-0.114],[0,0],[0,0],[0,0],[0,0.328],[-0.088,0.028],[-0.146,0],[-0.152,-0.114],[0,0],[0,-0.327],[0.102,-0.028],[0.138,0],[0.153,0.114],[0,0],[0,0],[0,0]],"v":[[-3.817,-5.211],[-3.336,-5.851],[-2.986,-5.894],[-2.537,-5.723],[-2.307,-5.211],[-2.307,5.147],[-2.789,5.787],[-3.138,5.829],[-3.587,5.659],[-3.817,5.147],[-3.817,0.352],[-10.16,0.352],[-10.16,5.147],[-10.641,5.787],[-10.991,5.829],[-11.44,5.659],[-11.669,5.147],[-11.669,-5.211],[-11.188,-5.851],[-10.827,-5.894],[-10.39,-5.723],[-10.16,-5.211],[-10.16,-0.863],[-3.817,-0.863]],"c":true},"ix":2},"nm":"Tracciato 5","mn":"ADBE Vector Shape - Group","hd":false},{"ind":5,"ty":"sh","ix":6,"ks":{"a":0,"k":{"i":[[0,-0.596],[-0.198,-0.256],[-0.321,-0.177],[-0.409,-0.128],[-0.459,-0.143],[-0.431,-0.171],[-0.335,-0.256],[0,-0.967],[0.226,-0.404],[0.408,-0.284],[1.328,0],[0.904,0.625],[0.03,0.142],[0,0.064],[-0.029,0.085],[-0.044,0.057],[-0.109,0],[-0.102,-0.071],[-0.138,-0.099],[-0.212,-0.128],[-0.262,-0.1],[-0.547,0],[-0.358,0.079],[-0.262,0.17],[0,0.569],[1.459,0.441],[0.445,0.135],[0.437,0.185],[0.335,0.256],[0.197,0.363],[0,0.454],[-0.233,0.398],[-0.379,0.256],[-1.152,0],[-1.021,-1.052],[0,-0.114],[0.022,-0.071],[0.044,-0.056],[0.176,0],[0.204,0.199],[0.306,0.128],[0.612,0],[0.511,-0.298]],"o":[[0,0.313],[0.196,0.256],[0.321,0.178],[0.408,0.128],[0.46,0.141],[0.43,0.17],[0.729,0.554],[0,0.455],[-0.226,0.406],[-0.817,0.569],[-1.356,0],[-0.554,-0.356],[-0.014,-0.056],[0,-0.064],[0.029,-0.085],[0.13,-0.156],[0.11,0],[0.102,0.072],[0.139,0.1],[0.211,0.128],[0.584,0.199],[0.547,0],[0.357,-0.078],[0.554,-0.37],[0,-0.98],[-0.408,-0.128],[-0.444,-0.135],[-0.438,-0.184],[-0.336,-0.256],[-0.196,-0.362],[0,-0.455],[0.234,-0.398],[0.787,-0.554],[1.648,0],[0.073,0.071],[0,0.114],[-0.022,0.07],[-0.102,0.143],[-0.175,0],[-0.452,-0.327],[-0.539,-0.213],[-0.729,0],[-0.598,0.327]],"v":[[-21.25,-2.931],[-20.954,-2.078],[-20.178,-1.428],[-19.084,-0.97],[-17.783,-0.564],[-16.448,-0.096],[-15.3,0.544],[-14.207,2.824],[-14.546,4.113],[-15.497,5.147],[-18.713,6],[-22.103,5.063],[-22.978,4.316],[-23,4.135],[-22.956,3.911],[-22.846,3.698],[-22.486,3.464],[-22.169,3.57],[-21.808,3.826],[-21.282,4.167],[-20.572,4.508],[-18.877,4.807],[-17.52,4.689],[-16.591,4.316],[-15.759,2.909],[-17.947,0.778],[-19.227,0.384],[-20.55,-0.096],[-21.709,-0.757],[-22.508,-1.684],[-22.803,-2.909],[-22.453,-4.188],[-21.534,-5.169],[-18.625,-6],[-14.622,-4.423],[-14.513,-4.146],[-14.546,-3.868],[-14.644,-3.677],[-15.06,-3.464],[-15.628,-3.762],[-16.766,-4.444],[-18.494,-4.764],[-20.353,-4.316]],"c":true},"ix":2},"nm":"Tracciato 6","mn":"ADBE Vector Shape - Group","hd":false},{"ty":"st","c":{"a":0,"k":[1,1,1,1],"ix":3},"o":{"a":0,"k":100,"ix":4},"w":{"a":0,"k":2,"ix":5},"lc":1,"lj":1,"ml":4,"nm":"Traccia 1","mn":"ADBE Vector Graphic - Stroke","hd":false},{"ty":"tr","p":{"a":0,"k":[261,332],"ix":2},"a":{"a":0,"k":[0,0],"ix":1},"s":{"a":0,"k":[100,100],"ix":3},"r":{"a":0,"k":0,"ix":6},"o":{"a":0,"k":100,"ix":7},"sk":{"a":0,"k":0,"ix":4},"sa":{"a":0,"k":0,"ix":5},"nm":"Trasformazione"}],"nm":"Gruppo 1","np":7,"cix":2,"ix":1,"mn":"ADBE Vector Group","hd":false},{"ty":"gr","it":[{"ind":0,"ty":"sh","ix":1,"ks":{"a":0,"k":{"i":[[0,0],[0,0]],"o":[[0,0],[0,0]],"v":[[300.689,346.913],[300.689,333.612]],"c":false},"ix":2},"nm":"Tracciato 1","mn":"ADBE Vector Shape - Group","hd":false},{"ty":"st","c":{"a":0,"k":[1,1,1,1],"ix":3},"o":{"a":0,"k":100,"ix":4},"w":{"a":0,"k":1.6,"ix":5},"lc":3,"lj":1,"ml":4,"nm":"Traccia 1","mn":"ADBE Vector Graphic - Stroke","hd":false},{"ty":"tr","p":{"a":0,"k":[0,0],"ix":2},"a":{"a":0,"k":[0,0],"ix":1},"s":{"a":0,"k":[100,100],"ix":3},"r":{"a":0,"k":0,"ix":6},"o":{"a":0,"k":100,"ix":7},"sk":{"a":0,"k":0,"ix":4},"sa":{"a":0,"k":0,"ix":5},"nm":"Trasformazione"}],"nm":"Gruppo 2","np":2,"cix":2,"ix":2,"mn":"ADBE Vector Group","hd":false},{"ty":"gr","it":[{"ind":0,"ty":"sh","ix":1,"ks":{"a":0,"k":{"i":[[0,0],[0,0]],"o":[[0,0],[0,0]],"v":[[219.642,346.949],[300.702,346.949]],"c":false},"ix":2},"nm":"Tracciato 1","mn":"ADBE Vector Shape - Group","hd":false},{"ty":"st","c":{"a":0,"k":[1,1,1,1],"ix":3},"o":{"a":0,"k":100,"ix":4},"w":{"a":0,"k":1.6,"ix":5},"lc":3,"lj":1,"ml":4,"nm":"Traccia 1","mn":"ADBE Vector Graphic - Stroke","hd":false},{"ty":"tr","p":{"a":0,"k":[0,0],"ix":2},"a":{"a":0,"k":[0,0],"ix":1},"s":{"a":0,"k":[100,100],"ix":3},"r":{"a":0,"k":0,"ix":6},"o":{"a":0,"k":100,"ix":7},"sk":{"a":0,"k":0,"ix":4},"sa":{"a":0,"k":0,"ix":5},"nm":"Trasformazione"}],"nm":"Gruppo 3","np":2,"cix":2,"ix":3,"mn":"ADBE Vector Group","hd":false},{"ty":"gr","it":[{"ind":0,"ty":"sh","ix":1,"ks":{"a":0,"k":{"i":[[0,0],[0,0]],"o":[[0,0],[0,0]],"v":[[219.661,334.642],[219.661,346.871]],"c":false},"ix":2},"nm":"Tracciato 1","mn":"ADBE Vector Shape - Group","hd":false},{"ty":"st","c":{"a":0,"k":[1,1,1,1],"ix":3},"o":{"a":0,"k":100,"ix":4},"w":{"a":0,"k":1.6,"ix":5},"lc":3,"lj":1,"ml":4,"nm":"Traccia 1","mn":"ADBE Vector Graphic - Stroke","hd":false},{"ty":"tr","p":{"a":0,"k":[0,0],"ix":2},"a":{"a":0,"k":[0,0],"ix":1},"s":{"a":0,"k":[100,100],"ix":3},"r":{"a":0,"k":0,"ix":6},"o":{"a":0,"k":100,"ix":7},"sk":{"a":0,"k":0,"ix":4},"sa":{"a":0,"k":0,"ix":5},"nm":"Trasformazione"}],"nm":"Gruppo 4","np":2,"cix":2,"ix":4,"mn":"ADBE Vector Group","hd":false},{"ty":"gr","it":[{"ind":0,"ty":"sh","ix":1,"ks":{"a":0,"k":{"i":[[0,0],[0,0],[0,1.506],[-0.125,0.318],[0,0],[-1.121,0],[0,0],[0,0],[0,0],[0,0],[0,0],[-0.437,-0.986],[0,0],[1.377,-0.61],[0.38,0],[0,0]],"o":[[0,0],[-1.506,0],[0,-0.341],[0,0],[0.41,-1.043],[0,0],[0,0],[0,0],[0,0],[0,0],[1.079,0],[0,0],[0.61,1.377],[-0.348,0.153],[0,0],[0,0]],"v":[[-86.858,20.522],[-92.286,20.522],[-95.012,17.796],[-94.823,16.798],[-87.538,-1.715],[-85.001,-3.444],[-39.5,-3.444],[-39.5,-20.522],[41.559,-20.522],[41.559,-3.444],[83.718,-3.444],[86.211,-1.822],[94.402,16.693],[93.013,20.29],[91.909,20.522],[85.493,20.522]],"c":true},"ix":2},"nm":"Tracciato 1","mn":"ADBE Vector Shape - Group","hd":false},{"ty":"st","c":{"a":0,"k":[1,1,1,1],"ix":3},"o":{"a":0,"k":100,"ix":4},"w":{"a":0,"k":1.636,"ix":5},"lc":1,"lj":1,"ml":4,"nm":"Traccia 1","mn":"ADBE Vector Graphic - Stroke","hd":false},{"ty":"tr","p":{"a":0,"k":[259.142,338.117],"ix":2},"a":{"a":0,"k":[0,0],"ix":1},"s":{"a":0,"k":[100,100],"ix":3},"r":{"a":0,"k":0,"ix":6},"o":{"a":0,"k":100,"ix":7},"sk":{"a":0,"k":0,"ix":4},"sa":{"a":0,"k":0,"ix":5},"nm":"Trasformazione"}],"nm":"Gruppo 5","np":2,"cix":2,"ix":5,"mn":"ADBE Vector Group","hd":false},{"ty":"gr","it":[{"ind":0,"ty":"sh","ix":1,"ks":{"a":0,"k":{"i":[[-8.584,0],[-2.69,2.005],[-3.362,0],[0,8.651],[2.369,2.824],[2.13,0.959],[7.976,0],[0.808,-7.919],[0,-6.301]],"o":[[3.36,0],[2.691,2.005],[8.583,0],[0,-3.704],[-1.511,-1.802],[-0.774,-7.959],[-7.938,0],[-5.723,2.487],[0,8.651]],"v":[[-9.235,22.083],[-0.001,19.021],[9.235,22.083],[24.802,6.396],[21.127,-3.727],[15.57,-7.938],[0.081,-22.083],[-15.4,-8.01],[-24.802,6.396]],"c":true},"ix":2},"nm":"Tracciato 1","mn":"ADBE Vector Shape - Group","hd":false},{"ind":1,"ty":"sh","ix":2,"ks":{"a":0,"k":{"i":[[0,0],[0,0],[3.257,0],[0,8.046],[-5.487,2.247],[0,0],[0,0],[-7.485,0],[-0.571,-7.552],[0,0],[0,0],[-1.473,-1.756],[0,-3.445],[7.98,0],[2.566,2.021]],"o":[[0,0],[-2.566,2.021],[-7.98,0],[0,-5.966],[0,0],[0,0],[0.601,-7.515],[7.52,0],[0,0],[0,0],[2.094,0.888],[2.202,2.626],[0,8.046],[-3.257,0],[0,0]],"v":[[-0.001,17.638],[-0.339,17.904],[-9.239,20.992],[-23.713,6.401],[-14.681,-7.12],[-14.368,-7.25],[-14.34,-7.589],[0.081,-20.992],[14.509,-7.524],[14.535,-7.188],[14.844,-7.057],[20.296,-3.014],[23.711,6.401],[9.238,20.992],[0.338,17.904]],"c":true},"ix":2},"nm":"Tracciato 2","mn":"ADBE Vector Shape - Group","hd":false},{"ty":"st","c":{"a":0,"k":[1,1,1,1],"ix":3},"o":{"a":0,"k":100,"ix":4},"w":{"a":0,"k":1.104,"ix":5},"lc":1,"lj":1,"ml":4,"nm":"Traccia 1","mn":"ADBE Vector Graphic - Stroke","hd":false},{"ty":"tr","p":{"a":0,"k":[376.371,378.587],"ix":2},"a":{"a":0,"k":[0,0],"ix":1},"s":{"a":0,"k":[100,100],"ix":3},"r":{"a":0,"k":0,"ix":6},"o":{"a":0,"k":100,"ix":7},"sk":{"a":0,"k":0,"ix":4},"sa":{"a":0,"k":0,"ix":5},"nm":"Trasformazione"}],"nm":"Gruppo 6","np":3,"cix":2,"ix":6,"mn":"ADBE Vector Group","hd":false},{"ty":"gr","it":[{"ind":0,"ty":"sh","ix":1,"ks":{"a":0,"k":{"i":[[0,0],[0,0],[0,0],[0,0]],"o":[[0,0],[0,0],[0,0],[0,0]],"v":[[4.429,5.113],[5.68,3.672],[-4.429,-5.113],[-5.68,-3.672]],"c":true},"ix":2},"nm":"Tracciato 1","mn":"ADBE Vector Shape - Group","hd":false},{"ty":"fl","c":{"a":0,"k":[1,1,1,1],"ix":4},"o":{"a":0,"k":100,"ix":5},"r":1,"nm":"Riempimento 1","mn":"ADBE Vector Graphic - Fill","hd":false},{"ty":"tr","p":{"a":0,"k":[370.856,387.702],"ix":2},"a":{"a":0,"k":[0,0],"ix":1},"s":{"a":0,"k":[100,100],"ix":3},"r":{"a":0,"k":0,"ix":6},"o":{"a":0,"k":100,"ix":7},"sk":{"a":0,"k":0,"ix":4},"sa":{"a":0,"k":0,"ix":5},"nm":"Trasformazione"}],"nm":"Gruppo 8","np":2,"cix":2,"ix":7,"mn":"ADBE Vector Group","hd":false},{"ty":"gr","it":[{"ind":0,"ty":"sh","ix":1,"ks":{"a":0,"k":{"i":[[0,0],[0,0],[0,0],[0,0]],"o":[[0,0],[0,0],[0,0],[0,0]],"v":[[-6.038,8.178],[7.086,-7.247],[6.037,-8.178],[-7.087,7.247]],"c":true},"ix":2},"nm":"Tracciato 1","mn":"ADBE Vector Shape - Group","hd":false},{"ty":"fl","c":{"a":0,"k":[1,1,1,1],"ix":4},"o":{"a":0,"k":100,"ix":5},"r":1,"nm":"Riempimento 1","mn":"ADBE Vector Graphic - Fill","hd":false},{"ty":"tr","p":{"a":0,"k":[382.278,399.757],"ix":2},"a":{"a":0,"k":[0,0],"ix":1},"s":{"a":0,"k":[100,100],"ix":3},"r":{"a":0,"k":0,"ix":6},"o":{"a":0,"k":100,"ix":7},"sk":{"a":0,"k":0,"ix":4},"sa":{"a":0,"k":0,"ix":5},"nm":"Trasformazione"}],"nm":"Gruppo 9","np":2,"cix":2,"ix":8,"mn":"ADBE Vector Group","hd":false},{"ty":"gr","it":[{"ind":0,"ty":"sh","ix":1,"ks":{"a":0,"k":{"i":[[0,0],[0,0],[0,0],[0,0]],"o":[[0,0],[0,0],[0,0],[0,0]],"v":[[0.954,30.262],[-0.954,30.262],[-0.954,-30.262],[0.954,-30.262]],"c":true},"ix":2},"nm":"Tracciato 1","mn":"ADBE Vector Shape - Group","hd":false},{"ty":"fl","c":{"a":0,"k":[1,1,1,1],"ix":4},"o":{"a":0,"k":100,"ix":5},"r":1,"nm":"Riempimento 1","mn":"ADBE Vector Graphic - Fill","hd":false},{"ty":"tr","p":{"a":0,"k":[375.911,415.326],"ix":2},"a":{"a":0,"k":[0,0],"ix":1},"s":{"a":0,"k":[100,100],"ix":3},"r":{"a":0,"k":0,"ix":6},"o":{"a":0,"k":100,"ix":7},"sk":{"a":0,"k":0,"ix":4},"sa":{"a":0,"k":0,"ix":5},"nm":"Trasformazione"}],"nm":"Gruppo 10","np":2,"cix":2,"ix":9,"mn":"ADBE Vector Group","hd":false},{"ty":"gr","it":[{"ind":0,"ty":"sh","ix":1,"ks":{"a":0,"k":{"i":[[8.583,0],[2.69,2.005],[3.361,0],[0,8.651],[-2.369,2.824],[-2.129,0.959],[-7.975,0],[-0.807,-7.919],[0,-6.301]],"o":[[-3.361,0],[-2.69,2.005],[-8.584,0],[0,-3.704],[1.512,-1.802],[0.774,-7.959],[7.939,0],[5.724,2.487],[0,8.651]],"v":[[9.236,22.083],[0.001,19.021],[-9.234,22.083],[-24.803,6.396],[-21.128,-3.727],[-15.57,-7.938],[-0.081,-22.083],[15.399,-8.01],[24.802,6.396]],"c":true},"ix":2},"nm":"Tracciato 1","mn":"ADBE Vector Shape - Group","hd":false},{"ty":"st","c":{"a":0,"k":[1,1,1,1],"ix":3},"o":{"a":0,"k":100,"ix":4},"w":{"a":0,"k":1.104,"ix":5},"lc":1,"lj":1,"ml":4,"nm":"Traccia 1","mn":"ADBE Vector Graphic - Stroke","hd":false},{"ty":"tr","p":{"a":0,"k":[140.34,378.587],"ix":2},"a":{"a":0,"k":[0,0],"ix":1},"s":{"a":0,"k":[100,100],"ix":3},"r":{"a":0,"k":0,"ix":6},"o":{"a":0,"k":100,"ix":7},"sk":{"a":0,"k":0,"ix":4},"sa":{"a":0,"k":0,"ix":5},"nm":"Trasformazione"}],"nm":"Gruppo 11","np":2,"cix":2,"ix":10,"mn":"ADBE Vector Group","hd":false},{"ty":"gr","it":[{"ind":0,"ty":"sh","ix":1,"ks":{"a":0,"k":{"i":[[8.583,0],[2.69,2.005],[3.361,0],[0,8.651],[-2.369,2.824],[-2.129,0.959],[-7.975,0],[-0.807,-7.919],[0,-6.301]],"o":[[-3.361,0],[-2.69,2.005],[-8.584,0],[0,-3.704],[1.512,-1.802],[0.774,-7.959],[7.939,0],[5.724,2.487],[0,8.651]],"v":[[9.236,22.083],[0.001,19.021],[-9.234,22.083],[-24.803,6.396],[-21.128,-3.727],[-15.57,-7.938],[-0.081,-22.083],[15.399,-8.01],[24.802,6.396]],"c":true},"ix":2},"nm":"Tracciato 1","mn":"ADBE Vector Shape - Group","hd":false},{"ind":1,"ty":"sh","ix":2,"ks":{"a":0,"k":{"i":[[0,0],[0,0],[-3.256,0],[0,8.046],[5.486,2.247],[0,0],[0,0],[7.485,0],[0.571,-7.552],[0,0],[0,0],[1.472,-1.756],[0,-3.445],[-7.981,0],[-2.566,2.021]],"o":[[0,0],[2.566,2.021],[7.981,0],[0,-5.966],[0,0],[0,0],[-0.602,-7.515],[-7.519,0],[0,0],[0,0],[-2.094,0.888],[-2.203,2.626],[0,8.046],[3.256,0],[0,0]],"v":[[0.001,17.638],[0.339,17.904],[9.238,20.992],[23.712,6.401],[14.682,-7.12],[14.367,-7.25],[14.34,-7.589],[-0.081,-20.992],[-14.508,-7.524],[-14.535,-7.188],[-14.844,-7.057],[-20.296,-3.014],[-23.712,6.401],[-9.238,20.992],[-0.338,17.904]],"c":true},"ix":2},"nm":"Tracciato 2","mn":"ADBE Vector Shape - Group","hd":false},{"ty":"fl","c":{"a":0,"k":[1,1,1,1],"ix":4},"o":{"a":0,"k":100,"ix":5},"r":1,"nm":"Riempimento 1","mn":"ADBE Vector Graphic - Fill","hd":false},{"ty":"tr","p":{"a":0,"k":[140.34,378.587],"ix":2},"a":{"a":0,"k":[0,0],"ix":1},"s":{"a":0,"k":[100,100],"ix":3},"r":{"a":0,"k":0,"ix":6},"o":{"a":0,"k":100,"ix":7},"sk":{"a":0,"k":0,"ix":4},"sa":{"a":0,"k":0,"ix":5},"nm":"Trasformazione"}],"nm":"Gruppo 12","np":3,"cix":2,"ix":11,"mn":"ADBE Vector Group","hd":false},{"ty":"gr","it":[{"ind":0,"ty":"sh","ix":1,"ks":{"a":0,"k":{"i":[[0,0],[0,0],[-0.345,-0.398],[0.398,-0.345],[0,0]],"o":[[0,0],[0.398,-0.346],[0.346,0.398],[0,0],[0,0]],"v":[[-5.54,3.531],[3.85,-4.626],[5.194,-4.533],[5.1,-3.186],[-4.29,4.973]],"c":true},"ix":2},"nm":"Tracciato 1","mn":"ADBE Vector Shape - Group","hd":false},{"ty":"fl","c":{"a":0,"k":[1,1,1,1],"ix":4},"o":{"a":0,"k":100,"ix":5},"r":1,"nm":"Riempimento 1","mn":"ADBE Vector Graphic - Fill","hd":false},{"ty":"tr","p":{"a":0,"k":[145.715,387.842],"ix":2},"a":{"a":0,"k":[0,0],"ix":1},"s":{"a":0,"k":[100,100],"ix":3},"r":{"a":0,"k":0,"ix":6},"o":{"a":0,"k":100,"ix":7},"sk":{"a":0,"k":0,"ix":4},"sa":{"a":0,"k":0,"ix":5},"nm":"Trasformazione"}],"nm":"Gruppo 13","np":2,"cix":2,"ix":12,"mn":"ADBE Vector Group","hd":false},{"ty":"gr","it":[{"ind":0,"ty":"sh","ix":1,"ks":{"a":0,"k":{"i":[[-0.292,0.259],[0,0],[-0.252,-0.285],[-0.003,-0.004],[0,0],[0,0],[0,0]],"o":[[0,0],[0.283,-0.252],[0.004,0.003],[0,0],[0,0],[0,0],[-0.253,-0.297]],"v":[[-6.662,-7.82],[-6.662,-7.82],[-5.693,-7.762],[-5.684,-7.752],[6.986,7.14],[5.937,8.072],[-6.732,-6.82]],"c":true},"ix":2},"nm":"Tracciato 1","mn":"ADBE Vector Shape - Group","hd":false},{"ty":"fl","c":{"a":0,"k":[1,1,1,1],"ix":4},"o":{"a":0,"k":100,"ix":5},"r":1,"nm":"Riempimento 1","mn":"ADBE Vector Graphic - Fill","hd":false},{"ty":"tr","p":{"a":0,"k":[134.534,399.864],"ix":2},"a":{"a":0,"k":[0,0],"ix":1},"s":{"a":0,"k":[100,100],"ix":3},"r":{"a":0,"k":0,"ix":6},"o":{"a":0,"k":100,"ix":7},"sk":{"a":0,"k":0,"ix":4},"sa":{"a":0,"k":0,"ix":5},"nm":"Trasformazione"}],"nm":"Gruppo 14","np":2,"cix":2,"ix":13,"mn":"ADBE Vector Group","hd":false},{"ty":"gr","it":[{"ind":0,"ty":"sh","ix":1,"ks":{"a":0,"k":{"i":[[0,0],[0,0],[0,0],[0.526,0],[0,-0.528]],"o":[[0,0],[0,0],[0,-0.528],[-0.527,0],[0,0]],"v":[[-0.954,30.262],[0.954,30.262],[0.954,-29.308],[0,-30.262],[-0.954,-29.308]],"c":true},"ix":2},"nm":"Tracciato 1","mn":"ADBE Vector Shape - Group","hd":false},{"ty":"fl","c":{"a":0,"k":[1,1,1,1],"ix":4},"o":{"a":0,"k":100,"ix":5},"r":1,"nm":"Riempimento 1","mn":"ADBE Vector Graphic - Fill","hd":false},{"ty":"tr","p":{"a":0,"k":[140.8,415.326],"ix":2},"a":{"a":0,"k":[0,0],"ix":1},"s":{"a":0,"k":[100,100],"ix":3},"r":{"a":0,"k":0,"ix":6},"o":{"a":0,"k":100,"ix":7},"sk":{"a":0,"k":0,"ix":4},"sa":{"a":0,"k":0,"ix":5},"nm":"Trasformazione"}],"nm":"Gruppo 15","np":2,"cix":2,"ix":14,"mn":"ADBE Vector Group","hd":false},{"ty":"gr","it":[{"ind":0,"ty":"sh","ix":1,"ks":{"a":0,"k":{"i":[[0,0],[0,0],[0,0],[0,0]],"o":[[0,0],[0,0],[0,0],[0,0]],"v":[[-263.104,0.783],[282,0.783],[282,-0.783],[-263.104,-0.783]],"c":true},"ix":2},"nm":"Tracciato 1","mn":"ADBE Vector Shape - Group","hd":false},{"ty":"fl","c":{"a":0,"k":[1,1,1,1],"ix":4},"o":{"a":0,"k":100,"ix":5},"r":1,"nm":"Riempimento 1","mn":"ADBE Vector Graphic - Fill","hd":false},{"ty":"tr","p":{"a":0,"k":[260,444.976],"ix":2},"a":{"a":0,"k":[0,0],"ix":1},"s":{"a":0,"k":[100,100],"ix":3},"r":{"a":0,"k":0,"ix":6},"o":{"a":0,"k":100,"ix":7},"sk":{"a":0,"k":0,"ix":4},"sa":{"a":0,"k":0,"ix":5},"nm":"Trasformazione"}],"nm":"Gruppo 16","np":2,"cix":2,"ix":15,"mn":"ADBE Vector Group","hd":false},{"ty":"gr","it":[{"ind":0,"ty":"sh","ix":1,"ks":{"a":0,"k":{"i":[[0,0],[0,0],[0,0],[0,0]],"o":[[0,0],[0,0],[0,0],[0,0]],"v":[[-86.652,3.432],[-86.652,-3.432],[86.652,-3.432],[86.652,3.432]],"c":true},"ix":2},"nm":"Tracciato 1","mn":"ADBE Vector Shape - Group","hd":false},{"ind":1,"ty":"sh","ix":2,"ks":{"a":0,"k":{"i":[[0,0],[0,0],[0,0],[0,0]],"o":[[0,0],[0,0],[0,0],[0,0]],"v":[[-84.744,1.524],[84.745,1.524],[84.745,-1.524],[-84.744,-1.524]],"c":true},"ix":2},"nm":"Tracciato 2","mn":"ADBE Vector Shape - Group","hd":false},{"ty":"fl","c":{"a":0,"k":[1,1,1,1],"ix":4},"o":{"a":0,"k":100,"ix":5},"r":1,"nm":"Riempimento 1","mn":"ADBE Vector Graphic - Fill","hd":false},{"ty":"tr","p":{"a":0,"k":[258.527,362.072],"ix":2},"a":{"a":0,"k":[0,0],"ix":1},"s":{"a":0,"k":[100,100],"ix":3},"r":{"a":0,"k":0,"ix":6},"o":{"a":0,"k":100,"ix":7},"sk":{"a":0,"k":0,"ix":4},"sa":{"a":0,"k":0,"ix":5},"nm":"Trasformazione"}],"nm":"Gruppo 17","np":3,"cix":2,"ix":16,"mn":"ADBE Vector Group","hd":false},{"ty":"gr","it":[{"ind":0,"ty":"sh","ix":1,"ks":{"a":0,"k":{"i":[[3.042,0],[0,0],[0,3.043],[0,0],[0,0],[0,0]],"o":[[0,0],[-3.042,0],[0,0],[0,0],[0,0],[0,3.043]],"v":[[0.477,14.562],[-0.483,14.562],[-5.993,9.044],[-5.993,-14.562],[5.993,-14.562],[5.993,9.044]],"c":true},"ix":2},"nm":"Tracciato 1","mn":"ADBE Vector Shape - Group","hd":false},{"ind":1,"ty":"sh","ix":2,"ks":{"a":0,"k":{"i":[[0,0],[0,0],[-1.99,0],[0,0],[0,1.991],[0,0]],"o":[[0,0],[0,1.991],[0,0],[1.99,0],[0,0],[0,0]],"v":[[-4.086,-12.653],[-4.086,9.044],[-0.483,12.654],[0.477,12.654],[4.085,9.044],[4.085,-12.653]],"c":true},"ix":2},"nm":"Tracciato 2","mn":"ADBE Vector Shape - Group","hd":false},{"ty":"fl","c":{"a":0,"k":[1,1,1,1],"ix":4},"o":{"a":0,"k":100,"ix":5},"r":1,"nm":"Riempimento 1","mn":"ADBE Vector Graphic - Fill","hd":false},{"ty":"tr","p":{"a":0,"k":[208.116,377.766],"ix":2},"a":{"a":0,"k":[0,0],"ix":1},"s":{"a":0,"k":[100,100],"ix":3},"r":{"a":0,"k":0,"ix":6},"o":{"a":0,"k":100,"ix":7},"sk":{"a":0,"k":0,"ix":4},"sa":{"a":0,"k":0,"ix":5},"nm":"Trasformazione"}],"nm":"Gruppo 18","np":3,"cix":2,"ix":17,"mn":"ADBE Vector Group","hd":false},{"ty":"gr","it":[{"ind":0,"ty":"sh","ix":1,"ks":{"a":0,"k":{"i":[[3.042,0],[0,0],[0,3.043],[0,0],[0,0],[0,0]],"o":[[0,0],[-3.042,0],[0,0],[0,0],[0,0],[0,3.043]],"v":[[0.48,14.562],[-0.48,14.562],[-5.997,9.044],[-5.997,-14.562],[5.997,-14.562],[5.997,9.044]],"c":true},"ix":2},"nm":"Tracciato 1","mn":"ADBE Vector Shape - Group","hd":false},{"ind":1,"ty":"sh","ix":2,"ks":{"a":0,"k":{"i":[[0,0],[0,0],[-1.99,0],[0,0],[0,1.991],[0,0]],"o":[[0,0],[0,1.991],[0,0],[1.99,0],[0,0],[0,0]],"v":[[-4.089,-12.653],[-4.089,9.044],[-0.48,12.654],[0.48,12.654],[4.089,9.044],[4.089,-12.653]],"c":true},"ix":2},"nm":"Tracciato 2","mn":"ADBE Vector Shape - Group","hd":false},{"ty":"fl","c":{"a":0,"k":[1,1,1,1],"ix":4},"o":{"a":0,"k":100,"ix":5},"r":1,"nm":"Riempimento 1","mn":"ADBE Vector Graphic - Fill","hd":false},{"ty":"tr","p":{"a":0,"k":[218.198,377.766],"ix":2},"a":{"a":0,"k":[0,0],"ix":1},"s":{"a":0,"k":[100,100],"ix":3},"r":{"a":0,"k":0,"ix":6},"o":{"a":0,"k":100,"ix":7},"sk":{"a":0,"k":0,"ix":4},"sa":{"a":0,"k":0,"ix":5},"nm":"Trasformazione"}],"nm":"Gruppo 19","np":3,"cix":2,"ix":18,"mn":"ADBE Vector Group","hd":false},{"ty":"gr","it":[{"ind":0,"ty":"sh","ix":1,"ks":{"a":0,"k":{"i":[[3.042,0],[0,0],[0,3.043],[0,0],[0,0],[0,0]],"o":[[0,0],[-3.042,0],[0,0],[0,0],[0,0],[0,3.043]],"v":[[0.477,14.562],[-0.478,14.562],[-5.993,9.044],[-5.993,-14.562],[5.993,-14.562],[5.993,9.044]],"c":true},"ix":2},"nm":"Tracciato 1","mn":"ADBE Vector Shape - Group","hd":false},{"ind":1,"ty":"sh","ix":2,"ks":{"a":0,"k":{"i":[[0,0],[0,0],[-1.99,0],[0,0],[0,1.991],[0,0]],"o":[[0,0],[0,1.991],[0,0],[1.99,0],[0,0],[0,0]],"v":[[-4.086,-12.653],[-4.086,9.044],[-0.478,12.654],[0.477,12.654],[4.084,9.044],[4.084,-12.653]],"c":true},"ix":2},"nm":"Tracciato 2","mn":"ADBE Vector Shape - Group","hd":false},{"ty":"fl","c":{"a":0,"k":[1,1,1,1],"ix":4},"o":{"a":0,"k":100,"ix":5},"r":1,"nm":"Riempimento 1","mn":"ADBE Vector Graphic - Fill","hd":false},{"ty":"tr","p":{"a":0,"k":[228.28,377.766],"ix":2},"a":{"a":0,"k":[0,0],"ix":1},"s":{"a":0,"k":[100,100],"ix":3},"r":{"a":0,"k":0,"ix":6},"o":{"a":0,"k":100,"ix":7},"sk":{"a":0,"k":0,"ix":4},"sa":{"a":0,"k":0,"ix":5},"nm":"Trasformazione"}],"nm":"Gruppo 20","np":3,"cix":2,"ix":19,"mn":"ADBE Vector Group","hd":false},{"ty":"gr","it":[{"ind":0,"ty":"sh","ix":1,"ks":{"a":0,"k":{"i":[[3.042,0],[0,0],[0,3.043],[0,0],[0,0],[0,0]],"o":[[0,0],[-3.042,0],[0,0],[0,0],[0,0],[0,3.043]],"v":[[0.48,14.562],[-0.479,14.562],[-5.996,9.044],[-5.996,-14.562],[5.996,-14.562],[5.996,9.044]],"c":true},"ix":2},"nm":"Tracciato 1","mn":"ADBE Vector Shape - Group","hd":false},{"ind":1,"ty":"sh","ix":2,"ks":{"a":0,"k":{"i":[[0,0],[0,0],[-1.99,0],[0,0],[0,1.991],[0,0]],"o":[[0,0],[0,1.991],[0,0],[1.99,0],[0,0],[0,0]],"v":[[-4.088,-12.653],[-4.088,9.044],[-0.479,12.654],[0.48,12.654],[4.088,9.044],[4.088,-12.653]],"c":true},"ix":2},"nm":"Tracciato 2","mn":"ADBE Vector Shape - Group","hd":false},{"ty":"fl","c":{"a":0,"k":[1,1,1,1],"ix":4},"o":{"a":0,"k":100,"ix":5},"r":1,"nm":"Riempimento 1","mn":"ADBE Vector Graphic - Fill","hd":false},{"ty":"tr","p":{"a":0,"k":[238.361,377.766],"ix":2},"a":{"a":0,"k":[0,0],"ix":1},"s":{"a":0,"k":[100,100],"ix":3},"r":{"a":0,"k":0,"ix":6},"o":{"a":0,"k":100,"ix":7},"sk":{"a":0,"k":0,"ix":4},"sa":{"a":0,"k":0,"ix":5},"nm":"Trasformazione"}],"nm":"Gruppo 21","np":3,"cix":2,"ix":20,"mn":"ADBE Vector Group","hd":false},{"ty":"gr","it":[{"ind":0,"ty":"sh","ix":1,"ks":{"a":0,"k":{"i":[[3.042,0],[0,0],[0,3.043],[0,0],[0,0],[0,0]],"o":[[0,0],[-3.042,0],[0,0],[0,0],[0,0],[0,3.043]],"v":[[0.483,14.562],[-0.477,14.562],[-5.993,9.044],[-5.993,-14.562],[5.993,-14.562],[5.993,9.044]],"c":true},"ix":2},"nm":"Tracciato 1","mn":"ADBE Vector Shape - Group","hd":false},{"ind":1,"ty":"sh","ix":2,"ks":{"a":0,"k":{"i":[[0,0],[0,0],[-1.99,0],[0,0],[0,1.991],[0,0]],"o":[[0,0],[0,1.991],[0,0],[1.989,0],[0,0],[0,0]],"v":[[-4.085,-12.653],[-4.085,9.044],[-0.477,12.654],[0.483,12.654],[4.086,9.044],[4.086,-12.653]],"c":true},"ix":2},"nm":"Tracciato 2","mn":"ADBE Vector Shape - Group","hd":false},{"ty":"fl","c":{"a":0,"k":[1,1,1,1],"ix":4},"o":{"a":0,"k":100,"ix":5},"r":1,"nm":"Riempimento 1","mn":"ADBE Vector Graphic - Fill","hd":false},{"ty":"tr","p":{"a":0,"k":[248.443,377.766],"ix":2},"a":{"a":0,"k":[0,0],"ix":1},"s":{"a":0,"k":[100,100],"ix":3},"r":{"a":0,"k":0,"ix":6},"o":{"a":0,"k":100,"ix":7},"sk":{"a":0,"k":0,"ix":4},"sa":{"a":0,"k":0,"ix":5},"nm":"Trasformazione"}],"nm":"Gruppo 22","np":3,"cix":2,"ix":21,"mn":"ADBE Vector Group","hd":false},{"ty":"gr","it":[{"ind":0,"ty":"sh","ix":1,"ks":{"a":0,"k":{"i":[[3.042,0],[0,0],[0,3.043],[0,0],[0,0],[0,0]],"o":[[0,0],[-3.042,0],[0,0],[0,0],[0,0],[0,3.043]],"v":[[0.479,14.562],[-0.48,14.562],[-5.997,9.044],[-5.997,-14.562],[5.996,-14.562],[5.996,9.044]],"c":true},"ix":2},"nm":"Tracciato 1","mn":"ADBE Vector Shape - Group","hd":false},{"ind":1,"ty":"sh","ix":2,"ks":{"a":0,"k":{"i":[[0,0],[0,0],[-1.99,0],[0,0],[0,1.991],[0,0]],"o":[[0,0],[0,1.991],[0,0],[1.99,0],[0,0],[0,0]],"v":[[-4.089,-12.653],[-4.089,9.044],[-0.48,12.654],[0.479,12.654],[4.087,9.044],[4.087,-12.653]],"c":true},"ix":2},"nm":"Tracciato 2","mn":"ADBE Vector Shape - Group","hd":false},{"ty":"fl","c":{"a":0,"k":[1,1,1,1],"ix":4},"o":{"a":0,"k":100,"ix":5},"r":1,"nm":"Riempimento 1","mn":"ADBE Vector Graphic - Fill","hd":false},{"ty":"tr","p":{"a":0,"k":[258.524,377.766],"ix":2},"a":{"a":0,"k":[0,0],"ix":1},"s":{"a":0,"k":[100,100],"ix":3},"r":{"a":0,"k":0,"ix":6},"o":{"a":0,"k":100,"ix":7},"sk":{"a":0,"k":0,"ix":4},"sa":{"a":0,"k":0,"ix":5},"nm":"Trasformazione"}],"nm":"Gruppo 23","np":3,"cix":2,"ix":22,"mn":"ADBE Vector Group","hd":false},{"ty":"gr","it":[{"ind":0,"ty":"sh","ix":1,"ks":{"a":0,"k":{"i":[[3.041,0],[0,0],[0,3.043],[0,0],[0,0],[0,0]],"o":[[0,0],[-3.041,0],[0,0],[0,0],[0,0],[0,3.043]],"v":[[0.48,14.562],[-0.48,14.562],[-5.997,9.044],[-5.997,-14.562],[5.996,-14.562],[5.996,9.044]],"c":true},"ix":2},"nm":"Tracciato 1","mn":"ADBE Vector Shape - Group","hd":false},{"ind":1,"ty":"sh","ix":2,"ks":{"a":0,"k":{"i":[[0,0],[0,0],[-1.989,0],[0,0],[0,1.991],[0,0]],"o":[[0,0],[0,1.991],[0,0],[1.989,0],[0,0],[0,0]],"v":[[-4.088,-12.653],[-4.088,9.044],[-0.48,12.654],[0.48,12.654],[4.088,9.044],[4.088,-12.653]],"c":true},"ix":2},"nm":"Tracciato 2","mn":"ADBE Vector Shape - Group","hd":false},{"ty":"fl","c":{"a":0,"k":[1,1,1,1],"ix":4},"o":{"a":0,"k":100,"ix":5},"r":1,"nm":"Riempimento 1","mn":"ADBE Vector Graphic - Fill","hd":false},{"ty":"tr","p":{"a":0,"k":[268.608,377.766],"ix":2},"a":{"a":0,"k":[0,0],"ix":1},"s":{"a":0,"k":[100,100],"ix":3},"r":{"a":0,"k":0,"ix":6},"o":{"a":0,"k":100,"ix":7},"sk":{"a":0,"k":0,"ix":4},"sa":{"a":0,"k":0,"ix":5},"nm":"Trasformazione"}],"nm":"Gruppo 24","np":3,"cix":2,"ix":23,"mn":"ADBE Vector Group","hd":false},{"ty":"gr","it":[{"ind":0,"ty":"sh","ix":1,"ks":{"a":0,"k":{"i":[[3.041,0],[0,0],[0,3.043],[0,0],[0,0],[0,0]],"o":[[0,0],[-3.042,0],[0,0],[0,0],[0,0],[0,3.043]],"v":[[0.478,14.562],[-0.477,14.562],[-5.993,9.044],[-5.993,-14.562],[5.993,-14.562],[5.993,9.044]],"c":true},"ix":2},"nm":"Tracciato 1","mn":"ADBE Vector Shape - Group","hd":false},{"ind":1,"ty":"sh","ix":2,"ks":{"a":0,"k":{"i":[[0,0],[0,0],[-1.99,0],[0,0],[0,1.991],[0,0]],"o":[[0,0],[0,1.991],[0,0],[1.989,0],[0,0],[0,0]],"v":[[-4.086,-12.653],[-4.086,9.044],[-0.477,12.654],[0.478,12.654],[4.085,9.044],[4.085,-12.653]],"c":true},"ix":2},"nm":"Tracciato 2","mn":"ADBE Vector Shape - Group","hd":false},{"ty":"fl","c":{"a":0,"k":[1,1,1,1],"ix":4},"o":{"a":0,"k":100,"ix":5},"r":1,"nm":"Riempimento 1","mn":"ADBE Vector Graphic - Fill","hd":false},{"ty":"tr","p":{"a":0,"k":[278.69,377.766],"ix":2},"a":{"a":0,"k":[0,0],"ix":1},"s":{"a":0,"k":[100,100],"ix":3},"r":{"a":0,"k":0,"ix":6},"o":{"a":0,"k":100,"ix":7},"sk":{"a":0,"k":0,"ix":4},"sa":{"a":0,"k":0,"ix":5},"nm":"Trasformazione"}],"nm":"Gruppo 25","np":3,"cix":2,"ix":24,"mn":"ADBE Vector Group","hd":false},{"ty":"gr","it":[{"ind":0,"ty":"sh","ix":1,"ks":{"a":0,"k":{"i":[[3.042,0],[0,0],[0,3.043],[0,0],[0,0],[0,0]],"o":[[0,0],[-3.042,0],[0,0],[0,0],[0,0],[0,3.043]],"v":[[0.479,14.562],[-0.48,14.562],[-5.997,9.044],[-5.997,-14.562],[5.996,-14.562],[5.996,9.044]],"c":true},"ix":2},"nm":"Tracciato 1","mn":"ADBE Vector Shape - Group","hd":false},{"ind":1,"ty":"sh","ix":2,"ks":{"a":0,"k":{"i":[[0,0],[0,0],[-1.99,0],[0,0],[0,1.991],[0,0]],"o":[[0,0],[0,1.991],[0,0],[1.989,0],[0,0],[0,0]],"v":[[-4.089,-12.653],[-4.089,9.044],[-0.48,12.654],[0.479,12.654],[4.087,9.044],[4.087,-12.653]],"c":true},"ix":2},"nm":"Tracciato 2","mn":"ADBE Vector Shape - Group","hd":false},{"ty":"fl","c":{"a":0,"k":[1,1,1,1],"ix":4},"o":{"a":0,"k":100,"ix":5},"r":1,"nm":"Riempimento 1","mn":"ADBE Vector Graphic - Fill","hd":false},{"ty":"tr","p":{"a":0,"k":[288.773,377.766],"ix":2},"a":{"a":0,"k":[0,0],"ix":1},"s":{"a":0,"k":[100,100],"ix":3},"r":{"a":0,"k":0,"ix":6},"o":{"a":0,"k":100,"ix":7},"sk":{"a":0,"k":0,"ix":4},"sa":{"a":0,"k":0,"ix":5},"nm":"Trasformazione"}],"nm":"Gruppo 26","np":3,"cix":2,"ix":25,"mn":"ADBE Vector Group","hd":false},{"ty":"gr","it":[{"ind":0,"ty":"sh","ix":1,"ks":{"a":0,"k":{"i":[[3.042,0],[0,0],[0,3.043],[0,0],[0,0],[0,0]],"o":[[0,0],[-3.042,0],[0,0],[0,0],[0,0],[0,3.043]],"v":[[0.482,14.562],[-0.477,14.562],[-5.994,9.044],[-5.994,-14.562],[5.994,-14.562],[5.994,9.044]],"c":true},"ix":2},"nm":"Tracciato 1","mn":"ADBE Vector Shape - Group","hd":false},{"ind":1,"ty":"sh","ix":2,"ks":{"a":0,"k":{"i":[[0,0],[0,0],[-1.989,0],[0,0],[0,1.991],[0,0]],"o":[[0,0],[0,1.991],[0,0],[1.99,0],[0,0],[0,0]],"v":[[-4.085,-12.653],[-4.085,9.044],[-0.477,12.654],[0.482,12.654],[4.086,9.044],[4.086,-12.653]],"c":true},"ix":2},"nm":"Tracciato 2","mn":"ADBE Vector Shape - Group","hd":false},{"ty":"fl","c":{"a":0,"k":[1,1,1,1],"ix":4},"o":{"a":0,"k":100,"ix":5},"r":1,"nm":"Riempimento 1","mn":"ADBE Vector Graphic - Fill","hd":false},{"ty":"tr","p":{"a":0,"k":[298.854,377.766],"ix":2},"a":{"a":0,"k":[0,0],"ix":1},"s":{"a":0,"k":[100,100],"ix":3},"r":{"a":0,"k":0,"ix":6},"o":{"a":0,"k":100,"ix":7},"sk":{"a":0,"k":0,"ix":4},"sa":{"a":0,"k":0,"ix":5},"nm":"Trasformazione"}],"nm":"Gruppo 27","np":3,"cix":2,"ix":26,"mn":"ADBE Vector Group","hd":false},{"ty":"gr","it":[{"ind":0,"ty":"sh","ix":1,"ks":{"a":0,"k":{"i":[[3.042,0],[0,0],[0,3.043],[0,0],[0,0],[0,0]],"o":[[0,0],[-3.042,0],[0,0],[0,0],[0,0],[0,3.043]],"v":[[0.48,14.562],[-0.479,14.562],[-5.996,9.044],[-5.996,-14.562],[5.997,-14.562],[5.997,9.044]],"c":true},"ix":2},"nm":"Tracciato 1","mn":"ADBE Vector Shape - Group","hd":false},{"ind":1,"ty":"sh","ix":2,"ks":{"a":0,"k":{"i":[[0,0],[0,0],[-1.99,0],[0,0],[0,1.991],[0,0]],"o":[[0,0],[0,1.991],[0,0],[1.99,0],[0,0],[0,0]],"v":[[-4.087,-12.653],[-4.087,9.044],[-0.479,12.654],[0.48,12.654],[4.087,9.044],[4.087,-12.653]],"c":true},"ix":2},"nm":"Tracciato 2","mn":"ADBE Vector Shape - Group","hd":false},{"ty":"fl","c":{"a":0,"k":[1,1,1,1],"ix":4},"o":{"a":0,"k":100,"ix":5},"r":1,"nm":"Riempimento 1","mn":"ADBE Vector Graphic - Fill","hd":false},{"ty":"tr","p":{"a":0,"k":[308.935,377.766],"ix":2},"a":{"a":0,"k":[0,0],"ix":1},"s":{"a":0,"k":[100,100],"ix":3},"r":{"a":0,"k":0,"ix":6},"o":{"a":0,"k":100,"ix":7},"sk":{"a":0,"k":0,"ix":4},"sa":{"a":0,"k":0,"ix":5},"nm":"Trasformazione"}],"nm":"Gruppo 28","np":3,"cix":2,"ix":27,"mn":"ADBE Vector Group","hd":false},{"ty":"gr","it":[{"ind":0,"ty":"sh","ix":1,"ks":{"a":0,"k":{"i":[[3.041,0],[0,0],[0,3.043],[0,0],[0,0],[0,0]],"o":[[0,0],[-3.041,0],[0,0],[0,0],[0,0],[0,3.043]],"v":[[0.481,14.562],[-0.479,14.562],[-5.996,9.044],[-5.996,-14.562],[5.997,-14.562],[5.997,9.044]],"c":true},"ix":2},"nm":"Tracciato 1","mn":"ADBE Vector Shape - Group","hd":false},{"ind":1,"ty":"sh","ix":2,"ks":{"a":0,"k":{"i":[[0,0],[0,0],[-1.989,0],[0,0],[0,1.991],[0,0]],"o":[[0,0],[0,1.991],[0,0],[1.989,0],[0,0],[0,0]],"v":[[-4.087,-12.653],[-4.087,9.044],[-0.479,12.654],[0.481,12.654],[4.089,9.044],[4.089,-12.653]],"c":true},"ix":2},"nm":"Tracciato 2","mn":"ADBE Vector Shape - Group","hd":false},{"ty":"fl","c":{"a":0,"k":[1,1,1,1],"ix":4},"o":{"a":0,"k":100,"ix":5},"r":1,"nm":"Riempimento 1","mn":"ADBE Vector Graphic - Fill","hd":false},{"ty":"tr","p":{"a":0,"k":[319.019,377.766],"ix":2},"a":{"a":0,"k":[0,0],"ix":1},"s":{"a":0,"k":[100,100],"ix":3},"r":{"a":0,"k":0,"ix":6},"o":{"a":0,"k":100,"ix":7},"sk":{"a":0,"k":0,"ix":4},"sa":{"a":0,"k":0,"ix":5},"nm":"Trasformazione"}],"nm":"Gruppo 29","np":3,"cix":2,"ix":28,"mn":"ADBE Vector Group","hd":false},{"ty":"gr","it":[{"ind":0,"ty":"sh","ix":1,"ks":{"a":0,"k":{"i":[[3.041,0],[0,0],[0,3.043],[0,0],[0,0],[0,0]],"o":[[0,0],[-3.042,0],[0,0],[0,0],[0,0],[0,3.043]],"v":[[0.478,14.562],[-0.477,14.562],[-5.993,9.044],[-5.993,-14.562],[5.993,-14.562],[5.993,9.044]],"c":true},"ix":2},"nm":"Tracciato 1","mn":"ADBE Vector Shape - Group","hd":false},{"ind":1,"ty":"sh","ix":2,"ks":{"a":0,"k":{"i":[[0,0],[0,0],[-1.99,0],[0,0],[0,1.991],[0,0]],"o":[[0,0],[0,1.991],[0,0],[1.989,0],[0,0],[0,0]],"v":[[-4.086,-12.653],[-4.086,9.044],[-0.477,12.654],[0.478,12.654],[4.085,9.044],[4.085,-12.653]],"c":true},"ix":2},"nm":"Tracciato 2","mn":"ADBE Vector Shape - Group","hd":false},{"ty":"fl","c":{"a":0,"k":[1,1,1,1],"ix":4},"o":{"a":0,"k":100,"ix":5},"r":1,"nm":"Riempimento 1","mn":"ADBE Vector Graphic - Fill","hd":false},{"ty":"tr","p":{"a":0,"k":[329.102,377.766],"ix":2},"a":{"a":0,"k":[0,0],"ix":1},"s":{"a":0,"k":[100,100],"ix":3},"r":{"a":0,"k":0,"ix":6},"o":{"a":0,"k":100,"ix":7},"sk":{"a":0,"k":0,"ix":4},"sa":{"a":0,"k":0,"ix":5},"nm":"Trasformazione"}],"nm":"Gruppo 30","np":3,"cix":2,"ix":29,"mn":"ADBE Vector Group","hd":false},{"ty":"gr","it":[{"ind":0,"ty":"sh","ix":1,"ks":{"a":0,"k":{"i":[[3.042,0],[0,0],[0,3.043],[0,0],[0,0],[0,0]],"o":[[0,0],[-3.042,0],[0,0],[0,0],[0,0],[0,3.043]],"v":[[0.479,14.562],[-0.48,14.562],[-5.997,9.044],[-5.997,-14.562],[5.996,-14.562],[5.996,9.044]],"c":true},"ix":2},"nm":"Tracciato 1","mn":"ADBE Vector Shape - Group","hd":false},{"ind":1,"ty":"sh","ix":2,"ks":{"a":0,"k":{"i":[[0,0],[0,0],[-1.99,0],[0,0],[0,1.991],[0,0]],"o":[[0,0],[0,1.991],[0,0],[1.989,0],[0,0],[0,0]],"v":[[-4.089,-12.653],[-4.089,9.044],[-0.48,12.654],[0.479,12.654],[4.087,9.044],[4.087,-12.653]],"c":true},"ix":2},"nm":"Tracciato 2","mn":"ADBE Vector Shape - Group","hd":false},{"ty":"fl","c":{"a":0,"k":[1,1,1,1],"ix":4},"o":{"a":0,"k":100,"ix":5},"r":1,"nm":"Riempimento 1","mn":"ADBE Vector Graphic - Fill","hd":false},{"ty":"tr","p":{"a":0,"k":[339.184,377.766],"ix":2},"a":{"a":0,"k":[0,0],"ix":1},"s":{"a":0,"k":[100,100],"ix":3},"r":{"a":0,"k":0,"ix":6},"o":{"a":0,"k":100,"ix":7},"sk":{"a":0,"k":0,"ix":4},"sa":{"a":0,"k":0,"ix":5},"nm":"Trasformazione"}],"nm":"Gruppo 31","np":3,"cix":2,"ix":30,"mn":"ADBE Vector Group","hd":false},{"ty":"gr","it":[{"ind":0,"ty":"sh","ix":1,"ks":{"a":0,"k":{"i":[[3.042,0],[0,0],[0,3.043],[0,0],[0,0],[0,0]],"o":[[0,0],[-3.042,0],[0,0],[0,0],[0,0],[0,3.043]],"v":[[0.48,14.562],[-0.479,14.562],[-5.996,9.044],[-5.996,-14.562],[5.996,-14.562],[5.996,9.044]],"c":true},"ix":2},"nm":"Tracciato 1","mn":"ADBE Vector Shape - Group","hd":false},{"ind":1,"ty":"sh","ix":2,"ks":{"a":0,"k":{"i":[[0,0],[0,0],[-1.99,0],[0,0],[0,1.991],[0,0]],"o":[[0,0],[0,1.991],[0,0],[1.989,0],[0,0],[0,0]],"v":[[-4.088,-12.653],[-4.088,9.044],[-0.479,12.654],[0.48,12.654],[4.088,9.044],[4.088,-12.653]],"c":true},"ix":2},"nm":"Tracciato 2","mn":"ADBE Vector Shape - Group","hd":false},{"ty":"fl","c":{"a":0,"k":[1,1,1,1],"ix":4},"o":{"a":0,"k":100,"ix":5},"r":1,"nm":"Riempimento 1","mn":"ADBE Vector Graphic - Fill","hd":false},{"ty":"tr","p":{"a":0,"k":[198.034,377.766],"ix":2},"a":{"a":0,"k":[0,0],"ix":1},"s":{"a":0,"k":[100,100],"ix":3},"r":{"a":0,"k":0,"ix":6},"o":{"a":0,"k":100,"ix":7},"sk":{"a":0,"k":0,"ix":4},"sa":{"a":0,"k":0,"ix":5},"nm":"Trasformazione"}],"nm":"Gruppo 32","np":3,"cix":2,"ix":31,"mn":"ADBE Vector Group","hd":false},{"ty":"gr","it":[{"ind":0,"ty":"sh","ix":1,"ks":{"a":0,"k":{"i":[[3.042,0],[0,0],[0,3.043],[0,0],[0,0],[0,0]],"o":[[0,0],[-3.042,0],[0,0],[0,0],[0,0],[0,3.043]],"v":[[0.48,14.562],[-0.479,14.562],[-5.996,9.044],[-5.996,-14.562],[5.996,-14.562],[5.996,9.044]],"c":true},"ix":2},"nm":"Tracciato 1","mn":"ADBE Vector Shape - Group","hd":false},{"ind":1,"ty":"sh","ix":2,"ks":{"a":0,"k":{"i":[[0,0],[0,0],[-1.99,0],[0,0],[0,1.991],[0,0]],"o":[[0,0],[0,1.991],[0,0],[1.989,0],[0,0],[0,0]],"v":[[-4.088,-12.653],[-4.088,9.044],[-0.479,12.654],[0.48,12.654],[4.088,9.044],[4.088,-12.653]],"c":true},"ix":2},"nm":"Tracciato 2","mn":"ADBE Vector Shape - Group","hd":false},{"ty":"fl","c":{"a":0,"k":[1,1,1,1],"ix":4},"o":{"a":0,"k":100,"ix":5},"r":1,"nm":"Riempimento 1","mn":"ADBE Vector Graphic - Fill","hd":false},{"ty":"tr","p":{"a":0,"k":[187.95,377.766],"ix":2},"a":{"a":0,"k":[0,0],"ix":1},"s":{"a":0,"k":[100,100],"ix":3},"r":{"a":0,"k":0,"ix":6},"o":{"a":0,"k":100,"ix":7},"sk":{"a":0,"k":0,"ix":4},"sa":{"a":0,"k":0,"ix":5},"nm":"Trasformazione"}],"nm":"Gruppo 33","np":3,"cix":2,"ix":32,"mn":"ADBE Vector Group","hd":false},{"ty":"gr","it":[{"ind":0,"ty":"sh","ix":1,"ks":{"a":0,"k":{"i":[[3.042,0],[0,0],[0,3.043],[0,0],[0,0],[0,0]],"o":[[0,0],[-3.042,0],[0,0],[0,0],[0,0],[0,3.043]],"v":[[0.477,14.562],[-0.478,14.562],[-5.993,9.044],[-5.993,-14.562],[5.993,-14.562],[5.993,9.044]],"c":true},"ix":2},"nm":"Tracciato 1","mn":"ADBE Vector Shape - Group","hd":false},{"ind":1,"ty":"sh","ix":2,"ks":{"a":0,"k":{"i":[[0,0],[0,0],[-1.99,0],[0,0],[0,1.991],[0,0]],"o":[[0,0],[0,1.991],[0,0],[1.99,0],[0,0],[0,0]],"v":[[-4.086,-12.653],[-4.086,9.044],[-0.478,12.654],[0.477,12.654],[4.084,9.044],[4.084,-12.653]],"c":true},"ix":2},"nm":"Tracciato 2","mn":"ADBE Vector Shape - Group","hd":false},{"ty":"fl","c":{"a":0,"k":[1,1,1,1],"ix":4},"o":{"a":0,"k":100,"ix":5},"r":1,"nm":"Riempimento 1","mn":"ADBE Vector Graphic - Fill","hd":false},{"ty":"tr","p":{"a":0,"k":[177.869,377.766],"ix":2},"a":{"a":0,"k":[0,0],"ix":1},"s":{"a":0,"k":[100,100],"ix":3},"r":{"a":0,"k":0,"ix":6},"o":{"a":0,"k":100,"ix":7},"sk":{"a":0,"k":0,"ix":4},"sa":{"a":0,"k":0,"ix":5},"nm":"Trasformazione"}],"nm":"Gruppo 34","np":3,"cix":2,"ix":33,"mn":"ADBE Vector Group","hd":false},{"ty":"gr","it":[{"ind":0,"ty":"sh","ix":1,"ks":{"a":0,"k":{"i":[[-0.373,0.372],[0,0],[0.373,0.372],[0.373,-0.373],[0,0],[-0.372,-0.373]],"o":[[0,0],[0.373,-0.373],[-0.372,-0.373],[0,0],[-0.372,0.372],[0.373,0.372]],"v":[[-7.136,8.486],[8.485,-7.135],[8.485,-8.485],[7.135,-8.485],[-8.486,7.136],[-8.486,8.486]],"c":true},"ix":2},"nm":"Tracciato 1","mn":"ADBE Vector Shape - Group","hd":false},{"ty":"fl","c":{"a":0,"k":[1,1,1,1],"ix":4},"o":{"a":0,"k":100,"ix":5},"r":1,"nm":"Riempimento 1","mn":"ADBE Vector Graphic - Fill","hd":false},{"ty":"tr","p":{"a":0,"k":[209.305,415.804],"ix":2},"a":{"a":0,"k":[0,0],"ix":1},"s":{"a":0,"k":[100,100],"ix":3},"r":{"a":0,"k":0,"ix":6},"o":{"a":0,"k":100,"ix":7},"sk":{"a":0,"k":0,"ix":4},"sa":{"a":0,"k":0,"ix":5},"nm":"Trasformazione"}],"nm":"Gruppo 35","np":2,"cix":2,"ix":34,"mn":"ADBE Vector Group","hd":false},{"ty":"gr","it":[{"ind":0,"ty":"sh","ix":1,"ks":{"a":0,"k":{"i":[[-0.373,0.373],[0,0],[0.372,0.373],[0.373,-0.372],[0,0],[-0.372,-0.372]],"o":[[0,0],[0.372,-0.372],[-0.373,-0.372],[0,0],[-0.372,0.372],[0.373,0.373]],"v":[[-2.893,4.242],[4.243,-2.894],[4.243,-4.243],[2.893,-4.243],[-4.243,2.893],[-4.243,4.242]],"c":true},"ix":2},"nm":"Tracciato 1","mn":"ADBE Vector Shape - Group","hd":false},{"ty":"fl","c":{"a":0,"k":[1,1,1,1],"ix":4},"o":{"a":0,"k":100,"ix":5},"r":1,"nm":"Riempimento 1","mn":"ADBE Vector Graphic - Fill","hd":false},{"ty":"tr","p":{"a":0,"k":[219.642,415.598],"ix":2},"a":{"a":0,"k":[0,0],"ix":1},"s":{"a":0,"k":[100,100],"ix":3},"r":{"a":0,"k":0,"ix":6},"o":{"a":0,"k":100,"ix":7},"sk":{"a":0,"k":0,"ix":4},"sa":{"a":0,"k":0,"ix":5},"nm":"Trasformazione"}],"nm":"Gruppo 36","np":2,"cix":2,"ix":35,"mn":"ADBE Vector Group","hd":false},{"ty":"gr","it":[{"ind":0,"ty":"sh","ix":1,"ks":{"a":0,"k":{"i":[[-0.373,0.373],[0,0],[0.372,0.373],[0.372,-0.373],[0,0],[-0.372,-0.373]],"o":[[0,0],[0.372,-0.373],[-0.373,-0.373],[0,0],[-0.372,0.373],[0.373,0.373]],"v":[[-3.6,4.949],[4.95,-3.601],[4.95,-4.95],[3.601,-4.95],[-4.95,3.599],[-4.95,4.949]],"c":true},"ix":2},"nm":"Tracciato 1","mn":"ADBE Vector Shape - Group","hd":false},{"ty":"fl","c":{"a":0,"k":[1,1,1,1],"ix":4},"o":{"a":0,"k":100,"ix":5},"r":1,"nm":"Riempimento 1","mn":"ADBE Vector Graphic - Fill","hd":false},{"ty":"tr","p":{"a":0,"k":[220.415,423.565],"ix":2},"a":{"a":0,"k":[0,0],"ix":1},"s":{"a":0,"k":[100,100],"ix":3},"r":{"a":0,"k":0,"ix":6},"o":{"a":0,"k":100,"ix":7},"sk":{"a":0,"k":0,"ix":4},"sa":{"a":0,"k":0,"ix":5},"nm":"Trasformazione"}],"nm":"Gruppo 37","np":2,"cix":2,"ix":36,"mn":"ADBE Vector Group","hd":false},{"ty":"gr","it":[{"ind":0,"ty":"sh","ix":1,"ks":{"a":0,"k":{"i":[[-0.373,0.372],[0,0],[0.372,0.372],[0.373,-0.373],[0,0],[-0.372,-0.373]],"o":[[0,0],[0.372,-0.373],[-0.373,-0.373],[0,0],[-0.372,0.372],[0.373,0.372]],"v":[[-3.854,5.204],[5.204,-3.854],[5.204,-5.203],[3.854,-5.203],[-5.204,3.854],[-5.204,5.204]],"c":true},"ix":2},"nm":"Tracciato 1","mn":"ADBE Vector Shape - Group","hd":false},{"ty":"fl","c":{"a":0,"k":[1,1,1,1],"ix":4},"o":{"a":0,"k":100,"ix":5},"r":1,"nm":"Riempimento 1","mn":"ADBE Vector Graphic - Fill","hd":false},{"ty":"tr","p":{"a":0,"k":[204.085,409.931],"ix":2},"a":{"a":0,"k":[0,0],"ix":1},"s":{"a":0,"k":[100,100],"ix":3},"r":{"a":0,"k":0,"ix":6},"o":{"a":0,"k":100,"ix":7},"sk":{"a":0,"k":0,"ix":4},"sa":{"a":0,"k":0,"ix":5},"nm":"Trasformazione"}],"nm":"Gruppo 38","np":2,"cix":2,"ix":37,"mn":"ADBE Vector Group","hd":false},{"ty":"gr","it":[{"ind":0,"ty":"sh","ix":1,"ks":{"a":0,"k":{"i":[[-0.372,0.373],[0,0],[0.373,0.373],[0.374,-0.372],[0,0],[-0.372,-0.372]],"o":[[0,0],[0.373,-0.372],[-0.372,-0.372],[0,0],[-0.372,0.373],[0.373,0.373]],"v":[[-7.136,8.485],[8.485,-7.136],[8.485,-8.486],[7.135,-8.486],[-8.486,7.135],[-8.486,8.485]],"c":true},"ix":2},"nm":"Tracciato 1","mn":"ADBE Vector Shape - Group","hd":false},{"ty":"fl","c":{"a":0,"k":[1,1,1,1],"ix":4},"o":{"a":0,"k":100,"ix":5},"r":1,"nm":"Riempimento 1","mn":"ADBE Vector Graphic - Fill","hd":false},{"ty":"tr","p":{"a":0,"k":[309.862,417.2],"ix":2},"a":{"a":0,"k":[0,0],"ix":1},"s":{"a":0,"k":[100,100],"ix":3},"r":{"a":0,"k":0,"ix":6},"o":{"a":0,"k":100,"ix":7},"sk":{"a":0,"k":0,"ix":4},"sa":{"a":0,"k":0,"ix":5},"nm":"Trasformazione"}],"nm":"Gruppo 39","np":2,"cix":2,"ix":38,"mn":"ADBE Vector Group","hd":false},{"ty":"gr","it":[{"ind":0,"ty":"sh","ix":1,"ks":{"a":0,"k":{"i":[[-0.372,0.373],[0,0],[0.373,0.372],[0.372,-0.373],[0,0],[-0.372,-0.372]],"o":[[0,0],[0.373,-0.372],[-0.372,-0.373],[0,0],[-0.372,0.372],[0.373,0.373]],"v":[[-2.893,4.242],[4.243,-2.894],[4.243,-4.242],[2.894,-4.242],[-4.243,2.893],[-4.243,4.242]],"c":true},"ix":2},"nm":"Tracciato 1","mn":"ADBE Vector Shape - Group","hd":false},{"ty":"fl","c":{"a":0,"k":[1,1,1,1],"ix":4},"o":{"a":0,"k":100,"ix":5},"r":1,"nm":"Riempimento 1","mn":"ADBE Vector Graphic - Fill","hd":false},{"ty":"tr","p":{"a":0,"k":[316.315,421.82],"ix":2},"a":{"a":0,"k":[0,0],"ix":1},"s":{"a":0,"k":[100,100],"ix":3},"r":{"a":0,"k":0,"ix":6},"o":{"a":0,"k":100,"ix":7},"sk":{"a":0,"k":0,"ix":4},"sa":{"a":0,"k":0,"ix":5},"nm":"Trasformazione"}],"nm":"Gruppo 40","np":2,"cix":2,"ix":39,"mn":"ADBE Vector Group","hd":false},{"ty":"gr","it":[{"ind":0,"ty":"sh","ix":1,"ks":{"a":0,"k":{"i":[[-0.372,0.373],[0,0],[0.372,0.373],[0.372,-0.372],[0,0],[-0.373,-0.372]],"o":[[0,0],[0.372,-0.372],[-0.373,-0.372],[0,0],[-0.373,0.372],[0.372,0.373]],"v":[[-3.6,4.949],[4.951,-3.601],[4.951,-4.95],[3.6,-4.95],[-4.95,3.6],[-4.95,4.949]],"c":true},"ix":2},"nm":"Tracciato 1","mn":"ADBE Vector Shape - Group","hd":false},{"ty":"fl","c":{"a":0,"k":[1,1,1,1],"ix":4},"o":{"a":0,"k":100,"ix":5},"r":1,"nm":"Riempimento 1","mn":"ADBE Vector Graphic - Fill","hd":false},{"ty":"tr","p":{"a":0,"k":[306.712,410.235],"ix":2},"a":{"a":0,"k":[0,0],"ix":1},"s":{"a":0,"k":[100,100],"ix":3},"r":{"a":0,"k":0,"ix":6},"o":{"a":0,"k":100,"ix":7},"sk":{"a":0,"k":0,"ix":4},"sa":{"a":0,"k":0,"ix":5},"nm":"Trasformazione"}],"nm":"Gruppo 41","np":2,"cix":2,"ix":40,"mn":"ADBE Vector Group","hd":false},{"ty":"gr","it":[{"ind":0,"ty":"sh","ix":1,"ks":{"a":0,"k":{"i":[[-0.372,0.372],[0,0],[0.373,0.372],[0.373,-0.373],[0,0],[-0.372,-0.373]],"o":[[0,0],[0.373,-0.373],[-0.372,-0.373],[0,0],[-0.372,0.372],[0.373,0.372]],"v":[[-3.854,5.204],[5.203,-3.854],[5.203,-5.203],[3.853,-5.203],[-5.204,3.854],[-5.204,5.204]],"c":true},"ix":2},"nm":"Tracciato 1","mn":"ADBE Vector Shape - Group","hd":false},{"ty":"fl","c":{"a":0,"k":[1,1,1,1],"ix":4},"o":{"a":0,"k":100,"ix":5},"r":1,"nm":"Riempimento 1","mn":"ADBE Vector Graphic - Fill","hd":false},{"ty":"tr","p":{"a":0,"k":[296.748,409.706],"ix":2},"a":{"a":0,"k":[0,0],"ix":1},"s":{"a":0,"k":[100,100],"ix":3},"r":{"a":0,"k":0,"ix":6},"o":{"a":0,"k":100,"ix":7},"sk":{"a":0,"k":0,"ix":4},"sa":{"a":0,"k":0,"ix":5},"nm":"Trasformazione"}],"nm":"Gruppo 42","np":2,"cix":2,"ix":41,"mn":"ADBE Vector Group","hd":false},{"ty":"gr","it":[{"ind":0,"ty":"sh","ix":1,"ks":{"a":0,"k":{"i":[[0,0],[0,0],[0,0],[0,0]],"o":[[0,0],[0,0],[0,0],[0,0]],"v":[[-20.6,16.34],[-20.6,-16.34],[20.599,-16.34],[20.599,16.34]],"c":true},"ix":2},"nm":"Tracciato 1","mn":"ADBE Vector Shape - Group","hd":false},{"ind":1,"ty":"sh","ix":2,"ks":{"a":0,"k":{"i":[[0,0],[0,0],[0,0],[0,0]],"o":[[0,0],[0,0],[0,0],[0,0]],"v":[[-18.691,14.432],[18.691,14.432],[18.691,-14.43],[-18.691,-14.43]],"c":true},"ix":2},"nm":"Tracciato 2","mn":"ADBE Vector Shape - Group","hd":false},{"ty":"fl","c":{"a":0,"k":[1,1,1,1],"ix":4},"o":{"a":0,"k":100,"ix":5},"r":1,"nm":"Riempimento 1","mn":"ADBE Vector Graphic - Fill","hd":false},{"ty":"tr","p":{"a":0,"k":[306.151,416.491],"ix":2},"a":{"a":0,"k":[0,0],"ix":1},"s":{"a":0,"k":[100,100],"ix":3},"r":{"a":0,"k":0,"ix":6},"o":{"a":0,"k":100,"ix":7},"sk":{"a":0,"k":0,"ix":4},"sa":{"a":0,"k":0,"ix":5},"nm":"Trasformazione"}],"nm":"Gruppo 43","np":3,"cix":2,"ix":42,"mn":"ADBE Vector Group","hd":false},{"ty":"gr","it":[{"ind":0,"ty":"sh","ix":1,"ks":{"a":0,"k":{"i":[[0,0],[0,0],[0,0],[0,0]],"o":[[0,0],[0,0],[0,0],[0,0]],"v":[[-20.602,16.34],[-20.602,-16.34],[20.602,-16.34],[20.602,16.34]],"c":true},"ix":2},"nm":"Tracciato 1","mn":"ADBE Vector Shape - Group","hd":false},{"ind":1,"ty":"sh","ix":2,"ks":{"a":0,"k":{"i":[[0,0],[0,0],[0,0],[0,0]],"o":[[0,0],[0,0],[0,0],[0,0]],"v":[[-18.694,14.432],[18.695,14.432],[18.695,-14.43],[-18.694,-14.43]],"c":true},"ix":2},"nm":"Tracciato 2","mn":"ADBE Vector Shape - Group","hd":false},{"ty":"fl","c":{"a":0,"k":[1,1,1,1],"ix":4},"o":{"a":0,"k":100,"ix":5},"r":1,"nm":"Riempimento 1","mn":"ADBE Vector Graphic - Fill","hd":false},{"ty":"tr","p":{"a":0,"k":[212.133,416.491],"ix":2},"a":{"a":0,"k":[0,0],"ix":1},"s":{"a":0,"k":[100,100],"ix":3},"r":{"a":0,"k":0,"ix":6},"o":{"a":0,"k":100,"ix":7},"sk":{"a":0,"k":0,"ix":4},"sa":{"a":0,"k":0,"ix":5},"nm":"Trasformazione"}],"nm":"Gruppo 44","np":3,"cix":2,"ix":43,"mn":"ADBE Vector Group","hd":false},{"ty":"gr","it":[{"ind":0,"ty":"sh","ix":1,"ks":{"a":0,"k":{"i":[[0,0],[0,0],[0,0],[0,0]],"o":[[0,0],[0,0],[0,0],[0,0]],"v":[[-14.438,19.364],[-14.438,-19.364],[14.438,-19.364],[14.438,19.364]],"c":true},"ix":2},"nm":"Tracciato 1","mn":"ADBE Vector Shape - Group","hd":false},{"ind":1,"ty":"sh","ix":2,"ks":{"a":0,"k":{"i":[[0,0],[0,0],[0,0],[0,0]],"o":[[0,0],[0,0],[0,0],[0,0]],"v":[[-12.529,17.456],[12.53,17.456],[12.53,-17.455],[-12.529,-17.455]],"c":true},"ix":2},"nm":"Tracciato 2","mn":"ADBE Vector Shape - Group","hd":false},{"ty":"fl","c":{"a":0,"k":[1,1,1,1],"ix":4},"o":{"a":0,"k":100,"ix":5},"r":1,"nm":"Riempimento 1","mn":"ADBE Vector Graphic - Fill","hd":false},{"ty":"tr","p":{"a":0,"k":[258.408,426.248],"ix":2},"a":{"a":0,"k":[0,0],"ix":1},"s":{"a":0,"k":[100,100],"ix":3},"r":{"a":0,"k":0,"ix":6},"o":{"a":0,"k":100,"ix":7},"sk":{"a":0,"k":0,"ix":4},"sa":{"a":0,"k":0,"ix":5},"nm":"Trasformazione"}],"nm":"Gruppo 45","np":3,"cix":2,"ix":44,"mn":"ADBE Vector Group","hd":false},{"ty":"gr","it":[{"ind":0,"ty":"sh","ix":1,"ks":{"a":0,"k":{"i":[[0,0],[0,0],[0,0],[6.919,0],[1.536,-0.529],[0.449,-0.207],[1.467,-1.97],[7.435,0],[1.995,-9.418]],"o":[[0,0],[0,0],[-1.432,-6.763],[-1.639,0],[-0.466,0.162],[-2.249,1.04],[-3.606,-6.435],[-9.637,0],[0,0]],"v":[[-32.338,8.703],[32.337,8.703],[32.093,7.551],[17.68,-4.12],[12.896,-3.324],[11.516,-2.769],[5.876,1.808],[-12.016,-8.702],[-32.093,7.551]],"c":true},"ix":2},"nm":"Tracciato 1","mn":"ADBE Vector Shape - Group","hd":false},{"ind":1,"ty":"sh","ix":2,"ks":{"a":0,"k":{"i":[[-1.651,-5.283],[0,0],[-8.345,0],[-3.031,-6.617],[0,0],[0,0],[-2.404,1.112],[-0.406,0.14],[-1.427,0]],"o":[[0,0],[2.229,-7.942],[7.25,0],[0,0],[0,0],[1.339,-2.301],[0.391,-0.181],[1.335,-0.459],[5.623,0]],"v":[[29.926,6.795],[-29.945,6.795],[-12.017,-6.794],[4.904,4.099],[5.667,5.774],[6.594,4.182],[12.316,-1.036],[13.516,-1.52],[17.68,-2.212]],"c":true},"ix":2},"nm":"Tracciato 2","mn":"ADBE Vector Shape - Group","hd":false},{"ty":"fl","c":{"a":0,"k":[1,1,1,1],"ix":4},"o":{"a":0,"k":100,"ix":5},"r":1,"nm":"Riempimento 1","mn":"ADBE Vector Graphic - Fill","hd":false},{"ty":"tr","p":{"a":0,"k":[108.947,437.227],"ix":2},"a":{"a":0,"k":[0,0],"ix":1},"s":{"a":0,"k":[100,100],"ix":3},"r":{"a":0,"k":0,"ix":6},"o":{"a":0,"k":100,"ix":7},"sk":{"a":0,"k":0,"ix":4},"sa":{"a":0,"k":0,"ix":5},"nm":"Trasformazione"}],"nm":"Gruppo 46","np":3,"cix":2,"ix":45,"mn":"ADBE Vector Group","hd":false},{"ty":"gr","it":[{"ind":0,"ty":"sh","ix":1,"ks":{"a":0,"k":{"i":[[0,0],[0,0],[0,0],[-6.919,0],[-1.536,-0.529],[-0.45,-0.207],[-1.467,-1.97],[-7.435,0],[-1.995,-9.418]],"o":[[0,0],[0,0],[1.433,-6.763],[1.639,0],[0.466,0.162],[2.249,1.04],[3.606,-6.435],[9.637,0],[0,0]],"v":[[32.338,8.703],[-32.338,8.703],[-32.094,7.551],[-17.68,-4.12],[-12.896,-3.324],[-11.515,-2.769],[-5.877,1.808],[12.016,-8.702],[32.092,7.551]],"c":true},"ix":2},"nm":"Tracciato 1","mn":"ADBE Vector Shape - Group","hd":false},{"ind":1,"ty":"sh","ix":2,"ks":{"a":0,"k":{"i":[[1.652,-5.283],[0,0],[8.345,0],[3.031,-6.617],[0,0],[0,0],[2.404,1.112],[0.406,0.14],[1.427,0]],"o":[[0,0],[-2.229,-7.942],[-7.25,0],[0,0],[0,0],[-1.338,-2.301],[-0.392,-0.181],[-1.336,-0.459],[-5.623,0]],"v":[[-29.927,6.795],[29.944,6.795],[12.016,-6.794],[-4.904,4.099],[-5.667,5.774],[-6.594,4.182],[-12.315,-1.036],[-13.516,-1.52],[-17.68,-2.212]],"c":true},"ix":2},"nm":"Tracciato 2","mn":"ADBE Vector Shape - Group","hd":false},{"ty":"fl","c":{"a":0,"k":[1,1,1,1],"ix":4},"o":{"a":0,"k":100,"ix":5},"r":1,"nm":"Riempimento 1","mn":"ADBE Vector Graphic - Fill","hd":false},{"ty":"tr","p":{"a":0,"k":[421.099,437.227],"ix":2},"a":{"a":0,"k":[0,0],"ix":1},"s":{"a":0,"k":[100,100],"ix":3},"r":{"a":0,"k":0,"ix":6},"o":{"a":0,"k":100,"ix":7},"sk":{"a":0,"k":0,"ix":4},"sa":{"a":0,"k":0,"ix":5},"nm":"Trasformazione"}],"nm":"Gruppo 47","np":3,"cix":2,"ix":46,"mn":"ADBE Vector Group","hd":false},{"ty":"gr","it":[{"ind":0,"ty":"sh","ix":1,"ks":{"a":0,"k":{"i":[[0,0],[0,0],[0,0],[0,0],[0,0],[0,0],[0,0],[0,0]],"o":[[0,0],[0,0],[0,0],[0,0],[0,0],[0,0],[0,0],[0,0]],"v":[[80.888,27.677],[-80.888,27.677],[-80.888,-26.352],[-78.98,-26.352],[-78.98,25.768],[78.98,25.768],[78.98,-27.677],[80.888,-27.677]],"c":true},"ix":2},"nm":"Tracciato 1","mn":"ADBE Vector Shape - Group","hd":false},{"ty":"fl","c":{"a":0,"k":[1,1,1,1],"ix":4},"o":{"a":0,"k":100,"ix":5},"r":1,"nm":"Riempimento 1","mn":"ADBE Vector Graphic - Fill","hd":false},{"ty":"tr","p":{"a":0,"k":[256.845,418.214],"ix":2},"a":{"a":0,"k":[0,0],"ix":1},"s":{"a":0,"k":[100,100],"ix":3},"r":{"a":0,"k":0,"ix":6},"o":{"a":0,"k":100,"ix":7},"sk":{"a":0,"k":0,"ix":4},"sa":{"a":0,"k":0,"ix":5},"nm":"Trasformazione"}],"nm":"Gruppo 48","np":2,"cix":2,"ix":47,"mn":"ADBE Vector Group","hd":false},{"ty":"gr","it":[{"ind":0,"ty":"sh","ix":1,"ks":{"a":0,"k":{"i":[[-0.527,0],[0,0],[0,0.526],[0.527,0],[0,0],[0,-0.527]],"o":[[0,0],[0.527,0],[0,-0.527],[0,0],[-0.527,0],[0,0.526]],"v":[[-8.857,0.954],[8.857,0.954],[9.812,0],[8.857,-0.954],[-8.857,-0.954],[-9.812,0]],"c":true},"ix":2},"nm":"Tracciato 1","mn":"ADBE Vector Shape - Group","hd":false},{"ty":"fl","c":{"a":0,"k":[1,1,1,1],"ix":4},"o":{"a":0,"k":100,"ix":5},"r":1,"nm":"Riempimento 1","mn":"ADBE Vector Graphic - Fill","hd":false},{"ty":"tr","p":{"a":1,"k":[{"i":{"x":0.667,"y":1},"o":{"x":0.333,"y":0},"n":"0p667_1_0p333_0","t":0,"s":[148.508,324.427],"e":[153.508,324.427],"to":[0.83333331346512,0],"ti":[0,0]},{"i":{"x":0.667,"y":1},"o":{"x":0.333,"y":0},"n":"0p667_1_0p333_0","t":48,"s":[153.508,324.427],"e":[148.508,324.427],"to":[0,0],"ti":[0.83333331346512,0]},{"t":94.9999917774627}],"ix":2},"a":{"a":0,"k":[0,0],"ix":1},"s":{"a":0,"k":[100,100],"ix":3},"r":{"a":0,"k":0,"ix":6},"o":{"a":0,"k":100,"ix":7},"sk":{"a":0,"k":0,"ix":4},"sa":{"a":0,"k":0,"ix":5},"nm":"Trasformazione"}],"nm":"Gruppo 51","np":2,"cix":2,"ix":48,"mn":"ADBE Vector Group","hd":false},{"ty":"gr","it":[{"ind":0,"ty":"sh","ix":1,"ks":{"a":0,"k":{"i":[[-0.527,0],[0,0],[0,0.527],[0.527,0],[0,0],[0,-0.527]],"o":[[0,0],[0.527,0],[0,-0.527],[0,0],[-0.527,0],[0,0.527]],"v":[[-5.046,0.954],[5.046,0.954],[6,0],[5.046,-0.954],[-5.046,-0.954],[-6,0]],"c":true},"ix":2},"nm":"Tracciato 1","mn":"ADBE Vector Shape - Group","hd":false},{"ty":"fl","c":{"a":0,"k":[1,1,1,1],"ix":4},"o":{"a":0,"k":100,"ix":5},"r":1,"nm":"Riempimento 1","mn":"ADBE Vector Graphic - Fill","hd":false},{"ty":"tr","p":{"a":1,"k":[{"i":{"x":0.667,"y":1},"o":{"x":0.333,"y":0},"n":"0p667_1_0p333_0","t":0,"s":[156,330.954],"e":[151,330.954],"to":[-0.83333331346512,0],"ti":[0,0]},{"i":{"x":0.667,"y":1},"o":{"x":0.333,"y":0},"n":"0p667_1_0p333_0","t":48,"s":[151,330.954],"e":[156,330.954],"to":[0,0],"ti":[-0.83333331346512,0]},{"t":94.9999917774627}],"ix":2},"a":{"a":0,"k":[0,0],"ix":1},"s":{"a":0,"k":[100,100],"ix":3},"r":{"a":0,"k":0,"ix":6},"o":{"a":0,"k":100,"ix":7},"sk":{"a":0,"k":0,"ix":4},"sa":{"a":0,"k":0,"ix":5},"nm":"Trasformazione"}],"nm":"Gruppo 52","np":2,"cix":2,"ix":49,"mn":"ADBE Vector Group","hd":false},{"ty":"gr","it":[{"ind":0,"ty":"sh","ix":1,"ks":{"a":0,"k":{"i":[[-0.527,0],[0,0],[0,0.527],[0.527,0],[0,0],[0,-0.527]],"o":[[0,0],[0.527,0],[0,-0.527],[0,0],[-0.527,0],[0,0.527]],"v":[[-3.046,0.954],[3.046,0.954],[4,0],[3.046,-0.954],[-3.046,-0.954],[-4,0]],"c":true},"ix":2},"nm":"Tracciato 1","mn":"ADBE Vector Shape - Group","hd":false},{"ty":"fl","c":{"a":0,"k":[1,1,1,1],"ix":4},"o":{"a":0,"k":100,"ix":5},"r":1,"nm":"Riempimento 1","mn":"ADBE Vector Graphic - Fill","hd":false},{"ty":"tr","p":{"a":1,"k":[{"i":{"x":0.667,"y":1},"o":{"x":0.333,"y":0},"n":"0p667_1_0p333_0","t":0,"s":[350,322.954],"e":[360,322.954],"to":[1.66666662693024,0],"ti":[0,0]},{"i":{"x":0.667,"y":1},"o":{"x":0.333,"y":0},"n":"0p667_1_0p333_0","t":48,"s":[360,322.954],"e":[350,322.954],"to":[0,0],"ti":[1.66666662693024,0]},{"t":94.9999917774627}],"ix":2},"a":{"a":0,"k":[0,0],"ix":1},"s":{"a":0,"k":[100,100],"ix":3},"r":{"a":0,"k":0,"ix":6},"o":{"a":0,"k":100,"ix":7},"sk":{"a":0,"k":0,"ix":4},"sa":{"a":0,"k":0,"ix":5},"nm":"Trasformazione"}],"nm":"Gruppo 53","np":2,"cix":2,"ix":50,"mn":"ADBE Vector Group","hd":false},{"ty":"gr","it":[{"ind":0,"ty":"sh","ix":1,"ks":{"a":0,"k":{"i":[[-0.527,0],[0,0],[0,0.527],[0.527,0],[0,0],[0,-0.527]],"o":[[0,0],[0.527,0],[0,-0.527],[0,0],[-0.527,0],[0,0.527]],"v":[[-6.046,0.954],[6.046,0.954],[7,0],[6.046,-0.954],[-6.046,-0.954],[-7,0]],"c":true},"ix":2},"nm":"Tracciato 1","mn":"ADBE Vector Shape - Group","hd":false},{"ty":"fl","c":{"a":0,"k":[1,1,1,1],"ix":4},"o":{"a":0,"k":100,"ix":5},"r":1,"nm":"Riempimento 1","mn":"ADBE Vector Graphic - Fill","hd":false},{"ty":"tr","p":{"a":1,"k":[{"i":{"x":0.667,"y":1},"o":{"x":0.333,"y":0},"n":"0p667_1_0p333_0","t":0,"s":[361,328.954],"e":[356,328.954],"to":[-0.83333331346512,0],"ti":[0,0]},{"i":{"x":0.667,"y":1},"o":{"x":0.333,"y":0},"n":"0p667_1_0p333_0","t":48,"s":[356,328.954],"e":[361,328.954],"to":[0,0],"ti":[-0.83333331346512,0]},{"t":94.9999917774627}],"ix":2},"a":{"a":0,"k":[0,0],"ix":1},"s":{"a":0,"k":[100,100],"ix":3},"r":{"a":0,"k":0,"ix":6},"o":{"a":0,"k":100,"ix":7},"sk":{"a":0,"k":0,"ix":4},"sa":{"a":0,"k":0,"ix":5},"nm":"Trasformazione"}],"nm":"Gruppo 54","np":2,"cix":2,"ix":51,"mn":"ADBE Vector Group","hd":false},{"ty":"gr","it":[{"ty":"tr","p":{"a":1,"k":[{"i":{"x":0.667,"y":1},"o":{"x":0.333,"y":0},"n":"0p667_1_0p333_0","t":0,"s":[153.598,324.197],"e":[158.598,324.197],"to":[0.83333331346512,0],"ti":[0,0]},{"i":{"x":0.667,"y":1},"o":{"x":0.333,"y":0},"n":"0p667_1_0p333_0","t":48,"s":[158.598,324.197],"e":[153.598,324.197],"to":[0,0],"ti":[0.83333331346512,0]},{"t":94.9999917774627}],"ix":2},"a":{"a":0,"k":[0,0],"ix":1},"s":{"a":0,"k":[100,100],"ix":3},"r":{"a":0,"k":0,"ix":6},"o":{"a":0,"k":100,"ix":7},"sk":{"a":0,"k":0,"ix":4},"sa":{"a":0,"k":0,"ix":5},"nm":"Trasformazione"}],"nm":"Gruppo 57","np":2,"cix":2,"ix":52,"mn":"ADBE Vector Group","hd":false},{"ty":"gr","it":[{"ind":0,"ty":"sh","ix":1,"ks":{"a":0,"k":{"i":[[0,0],[0,0],[-0.259,0.259],[-0.259,-0.258],[0,0],[0,0],[-0.26,-0.258],[0.259,-0.259],[0,0],[0,0],[0.259,-0.26],[0.17,0],[0.129,0.13],[0,0],[0,0],[0.169,0],[0.13,0.13],[-0.259,0.259]],"o":[[0,0],[-0.259,-0.259],[0.26,-0.258],[0,0],[0,0],[0.259,-0.258],[0.259,0.259],[0,0],[0,0],[0.259,0.259],[-0.13,0.13],[-0.169,0],[0,0],[0,0],[-0.129,0.13],[-0.17,0],[-0.259,-0.26],[0,0]],"v":[[-0.938,0],[-1.806,-0.867],[-1.806,-1.806],[-0.868,-1.806],[0,-0.937],[0.868,-1.806],[1.806,-1.806],[1.806,-0.867],[0.938,0],[1.806,0.868],[1.806,1.806],[1.336,2],[0.868,1.806],[0,0.937],[-0.868,1.806],[-1.336,2],[-1.806,1.806],[-1.806,0.868]],"c":true},"ix":2},"nm":"Tracciato 1","mn":"ADBE Vector Shape - Group","hd":false},{"ty":"fl","c":{"a":0,"k":[1,1,1,1],"ix":4},"o":{"a":0,"k":100,"ix":5},"r":1,"nm":"Riempimento 1","mn":"ADBE Vector Graphic - Fill","hd":false},{"ty":"tr","p":{"a":0,"k":[84,330],"ix":2},"a":{"a":0,"k":[0,0],"ix":1},"s":{"a":0,"k":[100,100],"ix":3},"r":{"a":0,"k":0,"ix":6},"o":{"a":0,"k":100,"ix":7},"sk":{"a":0,"k":0,"ix":4},"sa":{"a":0,"k":0,"ix":5},"nm":"Trasformazione"}],"nm":"Gruppo 59","np":2,"cix":2,"ix":53,"mn":"ADBE Vector Group","hd":false},{"ty":"gr","it":[{"ind":0,"ty":"sh","ix":1,"ks":{"a":0,"k":{"i":[[0,0],[0,0],[-0.259,0.259],[-0.258,-0.258],[0,0],[0,0],[-0.259,-0.258],[0.259,-0.259],[0,0],[0,0],[0.259,-0.26],[0.17,0],[0.129,0.13],[0,0],[0,0],[0.17,0],[0.129,0.13],[-0.259,0.259]],"o":[[0,0],[-0.259,-0.259],[0.259,-0.258],[0,0],[0,0],[0.258,-0.258],[0.259,0.259],[0,0],[0,0],[0.259,0.259],[-0.129,0.13],[-0.17,0],[0,0],[0,0],[-0.129,0.13],[-0.17,0],[-0.259,-0.26],[0,0]],"v":[[-0.938,0],[-1.806,-0.867],[-1.806,-1.806],[-0.869,-1.806],[-0.001,-0.937],[0.868,-1.806],[1.805,-1.806],[1.805,-0.867],[0.938,0],[1.805,0.868],[1.805,1.806],[1.336,2],[0.868,1.806],[-0.001,0.937],[-0.869,1.806],[-1.337,2],[-1.806,1.806],[-1.806,0.868]],"c":true},"ix":2},"nm":"Tracciato 1","mn":"ADBE Vector Shape - Group","hd":false},{"ty":"fl","c":{"a":0,"k":[1,1,1,1],"ix":4},"o":{"a":0,"k":100,"ix":5},"r":1,"nm":"Riempimento 1","mn":"ADBE Vector Graphic - Fill","hd":false},{"ty":"tr","p":{"a":0,"k":[410,354],"ix":2},"a":{"a":0,"k":[0,0],"ix":1},"s":{"a":0,"k":[100,100],"ix":3},"r":{"a":0,"k":0,"ix":6},"o":{"a":0,"k":100,"ix":7},"sk":{"a":0,"k":0,"ix":4},"sa":{"a":0,"k":0,"ix":5},"nm":"Trasformazione"}],"nm":"Gruppo 60","np":2,"cix":2,"ix":54,"mn":"ADBE Vector Group","hd":false}],"ip":0,"op":239.999979227274,"st":0,"bm":0}]}],"layers":[{"ddd":0,"ind":1,"ty":4,"nm":"sfondo contorni","td":1,"sr":1,"ks":{"o":{"a":0,"k":100,"ix":11},"r":{"a":0,"k":0,"ix":10},"p":{"a":0,"k":[260,260,0],"ix":2},"a":{"a":0,"k":[260,260,0],"ix":1},"s":{"a":0,"k":[100,100,100],"ix":6}},"ao":0,"shapes":[{"ty":"gr","it":[{"ind":0,"ty":"sh","ix":1,"ks":{"a":0,"k":{"i":[[8.969,0],[6.844,-6.843],[0,0],[0.031,-8.928],[0,0],[-6.811,-6.812],[0,0],[-8.928,-0.031],[0,0],[-6.813,6.814],[0,0],[-0.031,8.928],[0,0],[6.812,6.813],[0,0]],"o":[[-8.969,0],[0,0],[-6.811,6.813],[0,0],[0.031,8.928],[0,0],[6.813,6.814],[0,0],[8.929,-0.031],[0,0],[6.812,-6.812],[0,0],[-0.031,-8.929],[0,0],[-6.844,-6.843]],"v":[[0,-260],[-24.781,-249.735],[-249.738,-24.781],[-260,-0.12],[-260,0.121],[-249.738,24.781],[-24.781,249.733],[-0.12,260],[0.12,260],[24.782,249.733],[249.736,24.781],[260,0.121],[260,-0.119],[249.736,-24.781],[24.782,-249.735]],"c":true},"ix":2},"nm":"Tracciato 2","mn":"ADBE Vector Shape - Group","hd":false},{"ty":"fl","c":{"a":0,"k":[0.5,0.5,0.5,1],"ix":4},"o":{"a":0,"k":100,"ix":5},"r":1,"nm":"Riempimento 1","mn":"ADBE Vector Graphic - Fill","hd":false},{"ty":"tr","p":{"a":0,"k":[260,260],"ix":2},"a":{"a":0,"k":[0,0],"ix":1},"s":{"a":0,"k":[100,100],"ix":3},"r":{"a":0,"k":0,"ix":6},"o":{"a":0,"k":100,"ix":7},"sk":{"a":0,"k":0,"ix":4},"sa":{"a":0,"k":0,"ix":5},"nm":"Trasformazione"}],"nm":"Gruppo 1","np":2,"cix":2,"ix":1,"mn":"ADBE Vector Group","hd":false}],"ip":0,"op":239.999979227274,"st":0,"bm":0},{"ddd":0,"ind":2,"ty":0,"nm":"sfondo","tt":1,"refId":"comp_0","sr":1,"ks":{"o":{"a":0,"k":100,"ix":11},"r":{"a":0,"k":0,"ix":10},"p":{"a":0,"k":[260,360,0],"ix":2},"a":{"a":0,"k":[375,667,0],"ix":1},"s":{"a":0,"k":[100,100,100],"ix":6}},"ao":0,"w":750,"h":1334,"ip":0,"op":239.999979227274,"st":0,"bm":0},{"ddd":0,"ind":3,"ty":4,"nm":"sfondo contorni 2","sr":1,"ks":{"o":{"a":0,"k":100,"ix":11},"r":{"a":0,"k":0,"ix":10},"p":{"a":0,"k":[260,260,0],"ix":2},"a":{"a":0,"k":[260,260,0],"ix":1},"s":{"a":0,"k":[100,100,100],"ix":6}},"ao":0,"shapes":[{"ty":"gr","it":[{"ind":0,"ty":"sh","ix":1,"ks":{"a":0,"k":{"i":[[8.969,0],[6.844,-6.843],[0,0],[0.031,-8.928],[0,0],[-6.811,-6.812],[0,0],[-8.928,-0.031],[0,0],[-6.813,6.814],[0,0],[-0.031,8.928],[0,0],[6.812,6.813],[0,0]],"o":[[-8.969,0],[0,0],[-6.811,6.813],[0,0],[0.031,8.928],[0,0],[6.813,6.814],[0,0],[8.929,-0.031],[0,0],[6.812,-6.812],[0,0],[-0.031,-8.929],[0,0],[-6.844,-6.843]],"v":[[0,-260],[-24.781,-249.735],[-249.738,-24.781],[-260,-0.12],[-260,0.121],[-249.738,24.781],[-24.781,249.733],[-0.12,260],[0.12,260],[24.782,249.733],[249.736,24.781],[260,0.121],[260,-0.119],[249.736,-24.781],[24.782,-249.735]],"c":true},"ix":2},"nm":"Tracciato 2","mn":"ADBE Vector Shape - Group","hd":false},{"ty":"gf","o":{"a":0,"k":8,"ix":10},"r":1,"g":{"p":3,"k":{"a":0,"k":[0,1,1,1,0.515,0.5,0.5,0.5,1,0,0,0],"ix":9}},"s":{"a":0,"k":[0.941,261.406],"ix":5},"e":{"a":0,"k":[-1.297,-259.602],"ix":6},"t":1,"nm":"Riempimento sfumatura 1","mn":"ADBE Vector Graphic - G-Fill","hd":false},{"ty":"tr","p":{"a":0,"k":[260,260],"ix":2},"a":{"a":0,"k":[0,0],"ix":1},"s":{"a":0,"k":[100,100],"ix":3},"r":{"a":0,"k":0,"ix":6},"o":{"a":0,"k":100,"ix":7},"sk":{"a":0,"k":0,"ix":4},"sa":{"a":0,"k":0,"ix":5},"nm":"Trasformazione"}],"nm":"Gruppo 1","np":2,"cix":2,"ix":1,"mn":"ADBE Vector Group","hd":false}],"ip":0,"op":239.999979227274,"st":0,"bm":0}],"markers":[]}