{"v":"5.1.16","fr":23.9759979248047,"ip":0,"op":95.9999916909097,"w":520,"h":520,"nm":"animazione_ecommerce","ddd":0,"assets":[{"id":"comp_0","layers":[{"ddd":0,"ind":1,"ty":4,"nm":"forme ecommerc2 contorni","sr":1,"ks":{"o":{"a":0,"k":100,"ix":11},"r":{"a":0,"k":0,"ix":10},"p":{"a":0,"k":[555,517,0],"ix":2},"a":{"a":0,"k":[46.5,15,0],"ix":1},"s":{"a":0,"k":[100,100,100],"ix":6}},"ao":0,"shapes":[{"ty":"gr","it":[{"ind":0,"ty":"sh","ix":1,"ks":{"a":0,"k":{"i":[[-0.527,0],[0,0],[0,0.527],[0.527,0],[0,0],[0,-0.527]],"o":[[0,0],[0.527,0],[0,-0.527],[0,0],[-0.527,0],[0,0.527]],"v":[[-4.046,0.954],[4.046,0.954],[5,0],[4.046,-0.954],[-4.046,-0.954],[-5,0]],"c":true},"ix":2},"nm":"Tracciato 1","mn":"ADBE Vector Shape - Group","hd":false},{"ty":"fl","c":{"a":0,"k":[1,1,1,1],"ix":4},"o":{"a":0,"k":100,"ix":5},"r":1,"nm":"Riempimento 1","mn":"ADBE Vector Graphic - Fill","hd":false},{"ty":"tr","p":{"a":1,"k":[{"i":{"x":0.667,"y":1},"o":{"x":0.333,"y":0},"n":"0p667_1_0p333_0","t":0,"s":[71,16.954],"e":[76,16.954],"to":[0.83333331346512,0],"ti":[0,0]},{"i":{"x":0.667,"y":1},"o":{"x":0.333,"y":0},"n":"0p667_1_0p333_0","t":48,"s":[76,16.954],"e":[71,16.954],"to":[0,0],"ti":[0.83333331346512,0]},{"t":94.9999917774627}],"ix":2},"a":{"a":0,"k":[0,0],"ix":1},"s":{"a":0,"k":[100,100],"ix":3},"r":{"a":0,"k":0,"ix":6},"o":{"a":0,"k":100,"ix":7},"sk":{"a":0,"k":0,"ix":4},"sa":{"a":0,"k":0,"ix":5},"nm":"Trasformazione"}],"nm":"Gruppo 1","np":2,"cix":2,"ix":1,"mn":"ADBE Vector Group","hd":false},{"ty":"gr","it":[{"ind":0,"ty":"sh","ix":1,"ks":{"a":0,"k":{"i":[[-0.527,0],[0,0],[0,0.527],[0.527,0],[0,0],[0,-0.527]],"o":[[0,0],[0.527,0],[0,-0.527],[0,0],[-0.527,0],[0,0.527]],"v":[[-4.046,0.954],[4.046,0.954],[5,0],[4.046,-0.954],[-4.046,-0.954],[-5,0]],"c":true},"ix":2},"nm":"Tracciato 1","mn":"ADBE Vector Shape - Group","hd":false},{"ty":"fl","c":{"a":0,"k":[1,1,1,1],"ix":4},"o":{"a":0,"k":100,"ix":5},"r":1,"nm":"Riempimento 1","mn":"ADBE Vector Graphic - Fill","hd":false},{"ty":"tr","p":{"a":1,"k":[{"i":{"x":0.667,"y":1},"o":{"x":0.333,"y":0},"n":"0p667_1_0p333_0","t":0,"s":[88,28.954],"e":[83,28.954],"to":[-0.83333331346512,0],"ti":[0,0]},{"i":{"x":0.667,"y":1},"o":{"x":0.333,"y":0},"n":"0p667_1_0p333_0","t":48,"s":[83,28.954],"e":[88,28.954],"to":[0,0],"ti":[-0.83333331346512,0]},{"t":94.9999917774627}],"ix":2},"a":{"a":0,"k":[0,0],"ix":1},"s":{"a":0,"k":[100,100],"ix":3},"r":{"a":0,"k":0,"ix":6},"o":{"a":0,"k":100,"ix":7},"sk":{"a":0,"k":0,"ix":4},"sa":{"a":0,"k":0,"ix":5},"nm":"Trasformazione"}],"nm":"Gruppo 2","np":2,"cix":2,"ix":2,"mn":"ADBE Vector Group","hd":false},{"ty":"gr","it":[{"ind":0,"ty":"sh","ix":1,"ks":{"a":0,"k":{"i":[[0,0],[0,0],[-0.259,0.26],[-0.259,-0.259],[0,0],[0,0],[-0.26,-0.259],[0.259,-0.259],[0,0],[0,0],[0.259,-0.26],[0.17,0],[0.129,0.13],[0,0],[0,0],[0.169,0],[0.13,0.13],[-0.259,0.259]],"o":[[0,0],[-0.259,-0.259],[0.26,-0.259],[0,0],[0,0],[0.259,-0.259],[0.259,0.26],[0,0],[0,0],[0.259,0.259],[-0.13,0.13],[-0.169,0],[0,0],[0,0],[-0.129,0.13],[-0.17,0],[-0.259,-0.26],[0,0]],"v":[[-0.971,0],[-1.839,-0.867],[-1.839,-1.806],[-0.9,-1.806],[-0.033,-0.937],[0.835,-1.806],[1.773,-1.806],[1.773,-0.867],[0.906,0],[1.773,0.868],[1.773,1.806],[1.303,2],[0.835,1.806],[-0.033,0.938],[-0.9,1.806],[-1.368,2],[-1.839,1.806],[-1.839,0.868]],"c":true},"ix":2},"nm":"Tracciato 1","mn":"ADBE Vector Shape - Group","hd":false},{"ty":"fl","c":{"a":0,"k":[1,1,1,1],"ix":4},"o":{"a":0,"k":100,"ix":5},"r":1,"nm":"Riempimento 1","mn":"ADBE Vector Graphic - Fill","hd":false},{"ty":"tr","p":{"a":0,"k":[2.033,2],"ix":2},"a":{"a":0,"k":[0,0],"ix":1},"s":{"a":0,"k":[100,100],"ix":3},"r":{"a":0,"k":0,"ix":6},"o":{"a":0,"k":100,"ix":7},"sk":{"a":0,"k":0,"ix":4},"sa":{"a":0,"k":0,"ix":5},"nm":"Trasformazione"}],"nm":"Gruppo 3","np":2,"cix":2,"ix":3,"mn":"ADBE Vector Group","hd":false}],"ip":0,"op":239.999979227274,"st":0,"bm":0},{"ddd":0,"ind":2,"ty":4,"nm":"forme ecommerce contorni","sr":1,"ks":{"o":{"a":0,"k":100,"ix":11},"r":{"a":0,"k":0,"ix":10},"p":{"a":0,"k":[166.5,573,0],"ix":2},"a":{"a":0,"k":[31.5,14,0],"ix":1},"s":{"a":0,"k":[100,100,100],"ix":6}},"ao":0,"shapes":[{"ty":"gr","it":[{"ind":0,"ty":"sh","ix":1,"ks":{"a":0,"k":{"i":[[-0.527,0],[0,0],[0,0.527],[0.527,0],[0,0],[0,-0.527]],"o":[[0,0],[0.527,0],[0,-0.527],[0,0],[-0.527,0],[0,0.527]],"v":[[-4.046,0.954],[4.046,0.954],[5,0],[4.046,-0.954],[-4.046,-0.954],[-5,0]],"c":true},"ix":2},"nm":"Tracciato 1","mn":"ADBE Vector Shape - Group","hd":false},{"ty":"fl","c":{"a":0,"k":[1,1,1,1],"ix":4},"o":{"a":0,"k":100,"ix":5},"r":1,"nm":"Riempimento 1","mn":"ADBE Vector Graphic - Fill","hd":false},{"ty":"tr","p":{"a":1,"k":[{"i":{"x":0.667,"y":1},"o":{"x":0.333,"y":0},"n":"0p667_1_0p333_0","t":0,"s":[14,26.954],"e":[19,26.954],"to":[0.83333331346512,0],"ti":[0,0]},{"i":{"x":0.667,"y":1},"o":{"x":0.333,"y":0},"n":"0p667_1_0p333_0","t":48,"s":[19,26.954],"e":[14,26.954],"to":[0,0],"ti":[0.83333331346512,0]},{"t":94.9999917774627}],"ix":2},"a":{"a":0,"k":[0,0],"ix":1},"s":{"a":0,"k":[100,100],"ix":3},"r":{"a":0,"k":0,"ix":6},"o":{"a":0,"k":100,"ix":7},"sk":{"a":0,"k":0,"ix":4},"sa":{"a":0,"k":0,"ix":5},"nm":"Trasformazione"}],"nm":"Gruppo 1","np":2,"cix":2,"ix":1,"mn":"ADBE Vector Group","hd":false},{"ty":"gr","it":[{"ind":0,"ty":"sh","ix":1,"ks":{"a":0,"k":{"i":[[-0.527,0],[0,0],[0,0.527],[0.526,0],[0,0],[0,-0.527]],"o":[[0,0],[0.526,0],[0,-0.527],[0,0],[-0.527,0],[0,0.527]],"v":[[-6.405,0.954],[6.405,0.954],[7.359,0],[6.405,-0.954],[-6.405,-0.954],[-7.359,0]],"c":true},"ix":2},"nm":"Tracciato 1","mn":"ADBE Vector Shape - Group","hd":false},{"ty":"fl","c":{"a":0,"k":[1,1,1,1],"ix":4},"o":{"a":0,"k":100,"ix":5},"r":1,"nm":"Riempimento 1","mn":"ADBE Vector Graphic - Fill","hd":false},{"ty":"tr","p":{"a":1,"k":[{"i":{"x":0.667,"y":1},"o":{"x":0.333,"y":0},"n":"0p667_1_0p333_0","t":0,"s":[7.359,11.954],"e":[2.359,11.954],"to":[-0.83333331346512,0],"ti":[0,0]},{"i":{"x":0.667,"y":1},"o":{"x":0.333,"y":0},"n":"0p667_1_0p333_0","t":48,"s":[2.359,11.954],"e":[7.359,11.954],"to":[0,0],"ti":[-0.83333331346512,0]},{"t":94.9999917774627}],"ix":2},"a":{"a":0,"k":[0,0],"ix":1},"s":{"a":0,"k":[100,100],"ix":3},"r":{"a":0,"k":0,"ix":6},"o":{"a":0,"k":100,"ix":7},"sk":{"a":0,"k":0,"ix":4},"sa":{"a":0,"k":0,"ix":5},"nm":"Trasformazione"}],"nm":"Gruppo 2","np":2,"cix":2,"ix":2,"mn":"ADBE Vector Group","hd":false},{"ty":"gr","it":[{"ind":0,"ty":"sh","ix":1,"ks":{"a":0,"k":{"i":[[0,0],[0,0],[-0.259,0.26],[-0.258,-0.259],[0,0],[0,0],[-0.259,-0.259],[0.259,-0.259],[0,0],[0,0],[0.259,-0.26],[0.17,0],[0.129,0.13],[0,0],[0,0],[0.17,0],[0.129,0.13],[-0.259,0.259]],"o":[[0,0],[-0.259,-0.259],[0.259,-0.259],[0,0],[0,0],[0.258,-0.259],[0.259,0.26],[0,0],[0,0],[0.259,0.259],[-0.129,0.13],[-0.17,0],[0,0],[0,0],[-0.129,0.13],[-0.17,0],[-0.259,-0.26],[0,0]],"v":[[-0.905,0],[-1.773,-0.867],[-1.773,-1.806],[-0.836,-1.806],[0.032,-0.937],[0.901,-1.806],[1.838,-1.806],[1.838,-0.867],[0.97,0],[1.838,0.868],[1.838,1.806],[1.369,2],[0.901,1.806],[0.032,0.938],[-0.836,1.806],[-1.304,2],[-1.773,1.806],[-1.773,0.868]],"c":true},"ix":2},"nm":"Tracciato 1","mn":"ADBE Vector Shape - Group","hd":false},{"ty":"fl","c":{"a":0,"k":[1,1,1,1],"ix":4},"o":{"a":0,"k":100,"ix":5},"r":1,"nm":"Riempimento 1","mn":"ADBE Vector Graphic - Fill","hd":false},{"ty":"tr","p":{"a":0,"k":[60.968,2],"ix":2},"a":{"a":0,"k":[0,0],"ix":1},"s":{"a":0,"k":[100,100],"ix":3},"r":{"a":0,"k":0,"ix":6},"o":{"a":0,"k":100,"ix":7},"sk":{"a":0,"k":0,"ix":4},"sa":{"a":0,"k":0,"ix":5},"nm":"Trasformazione"}],"nm":"Gruppo 3","np":2,"cix":2,"ix":3,"mn":"ADBE Vector Group","hd":false}],"ip":0,"op":239.999979227274,"st":0,"bm":0},{"ddd":0,"ind":3,"ty":4,"nm":"shopping-cart-3 contorni","sr":1,"ks":{"o":{"a":0,"k":100,"ix":11},"r":{"a":0,"k":0,"ix":10},"p":{"a":0,"k":[373.44,465.421,0],"ix":2},"a":{"a":0,"k":[31,24.5,0],"ix":1},"s":{"a":1,"k":[{"i":{"x":[0.667,0.667,0.667],"y":[1,1,1]},"o":{"x":[0.333,0.333,0.333],"y":[0,0,0]},"n":["0p667_1_0p333_0","0p667_1_0p333_0","0p667_1_0p333_0"],"t":19,"s":[0,0,100],"e":[80,80,100]},{"i":{"x":[0.833,0.833,0.833],"y":[0.833,0.833,0.833]},"o":{"x":[0.167,0.167,0.167],"y":[0.167,0.167,0.167]},"n":["0p833_0p833_0p167_0p167","0p833_0p833_0p167_0p167","0p833_0p833_0p167_0p167"],"t":23,"s":[80,80,100],"e":[80,80,100]},{"i":{"x":[0.667,0.667,0.667],"y":[1,1,1]},"o":{"x":[0.333,0.333,0.333],"y":[0,0,0]},"n":["0p667_1_0p333_0","0p667_1_0p333_0","0p667_1_0p333_0"],"t":79,"s":[80,80,100],"e":[0,0,100]},{"t":82.999992816099}],"ix":6}},"ao":0,"shapes":[{"ty":"gr","it":[{"ind":0,"ty":"sh","ix":1,"ks":{"a":0,"k":{"i":[[0,0],[0,0],[-0.588,0],[-0.044,0.005],[0.071,0.643],[0,0],[0,0],[0,0],[0,0],[0,-0.647],[-0.646,0],[0,0],[0,0],[0,0],[0,0],[0.641,-0.072],[-0.071,-0.643],[0,0],[0,0],[0,0],[0,0],[0,0.648],[0.646,0],[0,0],[0,0]],"o":[[0,0],[0.065,0.6],[0.043,0],[0.642,-0.072],[0,0],[0,0],[0,0],[0,0],[-0.646,0],[0,0.648],[0,0],[0,0],[0,0],[0,0],[-0.071,-0.644],[-0.642,0.071],[0,0],[0,0],[0,0],[0,0],[0.646,0],[0,-0.647],[0,0],[0,0],[0,0]],"v":[[-3.415,-14.065],[-3.27,-12.753],[-2.109,-11.71],[-1.979,-11.717],[-0.945,-13.011],[-1.061,-14.065],[13.15,-14.065],[12.529,-9.377],[2.895,-9.377],[1.725,-8.205],[2.895,-7.032],[12.271,-7.032],[11.751,-2.344],[0.238,-2.344],[0.087,-3.699],[-1.204,-4.735],[-2.238,-3.441],[-2.117,-2.344],[-11.626,-2.344],[-12.743,-7.032],[-6.462,-7.032],[-5.292,-8.205],[-6.462,-9.377],[-13.301,-9.377],[-14.417,-14.065]],"c":true},"ix":2},"nm":"Tracciato 1","mn":"ADBE Vector Shape - Group","hd":false},{"ind":1,"ty":"sh","ix":2,"ks":{"a":0,"k":{"i":[[0,0],[0,0],[0,0],[0,0],[0,0]],"o":[[0,0],[0,0],[0,0],[0,0],[0,0]],"v":[[25.561,-9.377],[14.883,-9.377],[15.458,-14.065],[20.98,-14.065],[27.12,-14.065]],"c":true},"ix":2},"nm":"Tracciato 2","mn":"ADBE Vector Shape - Group","hd":false},{"ind":2,"ty":"sh","ix":3,"ks":{"a":0,"k":{"i":[[0,0],[0,0],[0,0],[0,0]],"o":[[0,0],[0,0],[0,0],[0,0]],"v":[[23.221,-2.344],[14.105,-2.344],[14.624,-7.032],[24.779,-7.032]],"c":true},"ix":2},"nm":"Tracciato 3","mn":"ADBE Vector Shape - Group","hd":false},{"ind":3,"ty":"sh","ix":4,"ks":{"a":0,"k":{"i":[[0.505,0],[0,0],[0,0],[0,0],[0,0]],"o":[[0,0],[0,0],[0,0],[0,0],[-0.159,0.48]],"v":[[20.038,4.688],[13.324,4.688],[13.844,0],[22.441,0],[21.148,3.887]],"c":true},"ix":2},"nm":"Tracciato 4","mn":"ADBE Vector Shape - Group","hd":false},{"ind":4,"ty":"sh","ix":5,"ks":{"a":0,"k":{"i":[[0,0],[0,0],[0,0],[0,0]],"o":[[0,0],[0,0],[0,0],[0,0]],"v":[[1.018,4.688],[0.497,0],[11.491,0],[10.971,4.688]],"c":true},"ix":2},"nm":"Tracciato 5","mn":"ADBE Vector Shape - Group","hd":false},{"ind":5,"ty":"sh","ix":6,"ks":{"a":0,"k":{"i":[[0,0],[0,0],[0,0],[0,0]],"o":[[0,0],[0,0],[0,0],[0,0]],"v":[[-11.068,0],[-1.857,0],[-1.337,4.688],[-9.952,4.688]],"c":true},"ix":2},"nm":"Tracciato 6","mn":"ADBE Vector Shape - Group","hd":false},{"ind":6,"ty":"sh","ix":7,"ks":{"a":0,"k":{"i":[[0,-1.939],[1.934,0],[0,1.939],[-1.935,0]],"o":[[0,1.939],[-1.935,0],[0,-1.939],[1.934,0]],"v":[[17.514,17.581],[14.006,21.097],[10.497,17.581],[14.006,14.065]],"c":true},"ix":2},"nm":"Tracciato 7","mn":"ADBE Vector Shape - Group","hd":false},{"ind":7,"ty":"sh","ix":8,"ks":{"a":0,"k":{"i":[[0,-1.939],[1.935,0],[0,1.939],[-1.936,0]],"o":[[0,1.939],[-1.936,0],[0,-1.939],[1.935,0]],"v":[[-1.199,17.581],[-4.708,21.097],[-8.217,17.581],[-4.708,14.065]],"c":true},"ix":2},"nm":"Tracciato 8","mn":"ADBE Vector Shape - Group","hd":false},{"ind":8,"ty":"sh","ix":9,"ks":{"a":0,"k":{"i":[[-0.646,0],[0,0],[-1.595,-6.7],[-1.137,-0.671],[0,-1.627],[-3.225,0],[0,3.231],[0.736,0.98],[0,0],[0,-1.318],[-3.225,0],[0,3.231],[0.736,0.98],[0,0],[0,0.647],[0.647,0],[0,0],[0.196,1.124],[0.006,0.024],[0,0],[0,0],[-0.477,1.439],[0,0],[0,0.002],[0,0],[-0.001,0.001],[0,0],[0.22,0.305],[0.376,0],[0,0],[0,0],[0.541,0],[0,0],[0,-0.647]],"o":[[0,0],[1.408,5.911],[0.252,1.379],[-1.073,1.064],[0,3.231],[3.224,0],[0,-1.318],[0,0],[-0.736,0.979],[0,3.231],[3.225,0],[0,-1.318],[0,0],[0.647,0],[0,-0.647],[0,0],[-1.139,0],[-0.005,-0.024],[0,0],[0,0],[1.514,0],[0,0],[0,-0.002],[0,0],[0,-0.002],[0,0],[0.119,-0.358],[-0.219,-0.306],[0,0],[0,0],[-0.125,-0.527],[0,0],[-0.646,0],[0,0.648]],"v":[[-28.801,-21.097],[-18.497,-21.097],[-11.04,10.222],[-8.816,13.415],[-10.557,17.581],[-4.708,23.441],[1.141,17.581],[-0.033,14.064],[9.331,14.064],[8.158,17.581],[14.005,23.441],[19.854,17.581],[18.68,14.065],[21.022,14.065],[22.193,12.893],[21.022,11.72],[-6.438,11.72],[-8.742,9.781],[-8.757,9.71],[-9.395,7.033],[20.038,7.033],[23.367,4.627],[25.18,-0.82],[25.182,-0.825],[27.52,-7.852],[27.521,-7.857],[29.852,-14.866],[29.69,-15.922],[28.742,-16.409],[-14.975,-16.409],[-16.436,-22.542],[-17.574,-23.441],[-28.801,-23.441],[-29.971,-22.27]],"c":true},"ix":2},"nm":"Tracciato 9","mn":"ADBE Vector Shape - Group","hd":false},{"ty":"st","c":{"a":0,"k":[1,1,1,1],"ix":3},"o":{"a":0,"k":100,"ix":4},"w":{"a":0,"k":0.5,"ix":5},"lc":1,"lj":1,"ml":4,"nm":"Traccia 1","mn":"ADBE Vector Graphic - Stroke","hd":false},{"ty":"fl","c":{"a":0,"k":[1,1,1,1],"ix":4},"o":{"a":0,"k":100,"ix":5},"r":1,"nm":"Riempimento 1","mn":"ADBE Vector Graphic - Fill","hd":false},{"ty":"tr","p":{"a":0,"k":[30.971,24.545],"ix":2},"a":{"a":0,"k":[0,0],"ix":1},"s":{"a":0,"k":[100,100],"ix":3},"r":{"a":0,"k":0,"ix":6},"o":{"a":0,"k":100,"ix":7},"sk":{"a":0,"k":0,"ix":4},"sa":{"a":0,"k":0,"ix":5},"nm":"Trasformazione"}],"nm":"Gruppo 1","np":11,"cix":2,"ix":1,"mn":"ADBE Vector Group","hd":false},{"ty":"gr","it":[{"ind":0,"ty":"sh","ix":1,"ks":{"a":0,"k":{"i":[[-0.646,0],[0,0.647],[0.646,0],[0,-0.647]],"o":[[0.646,0],[0,-0.647],[-0.646,0],[0,0.647]],"v":[[-0.001,1.172],[1.169,0],[-0.001,-1.172],[-1.169,0]],"c":true},"ix":2},"nm":"Tracciato 1","mn":"ADBE Vector Shape - Group","hd":false},{"ty":"fl","c":{"a":0,"k":[1,1,1,1],"ix":4},"o":{"a":0,"k":100,"ix":5},"r":1,"nm":"Riempimento 1","mn":"ADBE Vector Graphic - Fill","hd":false},{"ty":"tr","p":{"a":0,"k":[29.188,16.34],"ix":2},"a":{"a":0,"k":[0,0],"ix":1},"s":{"a":0,"k":[100,100],"ix":3},"r":{"a":0,"k":0,"ix":6},"o":{"a":0,"k":100,"ix":7},"sk":{"a":0,"k":0,"ix":4},"sa":{"a":0,"k":0,"ix":5},"nm":"Trasformazione"}],"nm":"Gruppo 2","np":2,"cix":2,"ix":2,"mn":"ADBE Vector Group","hd":false}],"ip":0,"op":239.999979227274,"st":0,"bm":0},{"ddd":0,"ind":4,"ty":4,"nm":"phone contorni","sr":1,"ks":{"o":{"a":0,"k":100,"ix":11},"r":{"a":0,"k":0,"ix":10},"p":{"a":0,"k":[374.377,551.668,0],"ix":2},"a":{"a":0,"k":[49.877,158.168,0],"ix":1},"s":{"a":1,"k":[{"i":{"x":[0.667,0.667,0.667],"y":[1,1,1]},"o":{"x":[0.333,0.333,0.333],"y":[0,0,0]},"n":["0p667_1_0p333_0","0p667_1_0p333_0","0p667_1_0p333_0"],"t":12,"s":[0,0,100],"e":[110,110,100]},{"i":{"x":[0.667,0.667,0.667],"y":[1,1,1]},"o":{"x":[0.333,0.333,0.333],"y":[0,0,0]},"n":["0p667_1_0p333_0","0p667_1_0p333_0","0p667_1_0p333_0"],"t":19,"s":[110,110,100],"e":[100,100,100]},{"i":{"x":[0.833,0.833,0.833],"y":[0.833,0.833,0.833]},"o":{"x":[0.167,0.167,0.167],"y":[0.167,0.167,0.167]},"n":["0p833_0p833_0p167_0p167","0p833_0p833_0p167_0p167","0p833_0p833_0p167_0p167"],"t":23,"s":[100,100,100],"e":[100,100,100]},{"i":{"x":[0.667,0.667,0.667],"y":[1,1,1]},"o":{"x":[0.333,0.333,0.333],"y":[0,0,0]},"n":["0p667_1_0p333_0","0p667_1_0p333_0","0p667_1_0p333_0"],"t":81,"s":[100,100,100],"e":[0,0,100]},{"t":88.9999922967808}],"ix":6}},"ao":0,"shapes":[{"ty":"gr","it":[{"ind":0,"ty":"sh","ix":1,"ks":{"a":0,"k":{"i":[[3.483,0],[0,3.473],[-3.483,0],[0,-3.47]],"o":[[-3.483,0],[0,-3.47],[3.483,0],[0,3.473]],"v":[[0.001,6.294],[-6.318,0],[0.001,-6.294],[6.318,0]],"c":true},"ix":2},"nm":"Tracciato 1","mn":"ADBE Vector Shape - Group","hd":false},{"ind":1,"ty":"sh","ix":2,"ks":{"a":0,"k":{"i":[[1.688,0],[0,-1.682],[-1.688,0],[0,1.683]],"o":[[-1.688,0],[0,1.683],[1.688,0],[0,-1.682]],"v":[[0.001,-3.051],[-3.062,0],[0.001,3.051],[3.062,0]],"c":true},"ix":2},"nm":"Tracciato 2","mn":"ADBE Vector Shape - Group","hd":false},{"ty":"fl","c":{"a":0,"k":[1,1,1,1],"ix":4},"o":{"a":0,"k":100,"ix":5},"r":1,"nm":"Riempimento 1","mn":"ADBE Vector Graphic - Fill","hd":false},{"ty":"tr","p":{"a":0,"k":[50.482,143.874],"ix":2},"a":{"a":0,"k":[0,0],"ix":1},"s":{"a":0,"k":[100,100],"ix":3},"r":{"a":0,"k":0,"ix":6},"o":{"a":0,"k":100,"ix":7},"sk":{"a":0,"k":0,"ix":4},"sa":{"a":0,"k":0,"ix":5},"nm":"Trasformazione"}],"nm":"Gruppo 2","np":3,"cix":2,"ix":1,"mn":"ADBE Vector Group","hd":false},{"ty":"gr","it":[{"ind":0,"ty":"sh","ix":1,"ks":{"a":0,"k":{"i":[[0,0],[0,0],[0,0],[0,0]],"o":[[0,0],[0,0],[0,0],[0,0]],"v":[[-14.461,1.622],[14.461,1.622],[14.461,-1.622],[-14.461,-1.622]],"c":true},"ix":2},"nm":"Tracciato 1","mn":"ADBE Vector Shape - Group","hd":false},{"ty":"fl","c":{"a":0,"k":[1,1,1,1],"ix":4},"o":{"a":0,"k":100,"ix":5},"r":1,"nm":"Riempimento 1","mn":"ADBE Vector Graphic - Fill","hd":false},{"ty":"tr","p":{"a":0,"k":[50.482,13.293],"ix":2},"a":{"a":0,"k":[0,0],"ix":1},"s":{"a":0,"k":[100,100],"ix":3},"r":{"a":0,"k":0,"ix":6},"o":{"a":0,"k":100,"ix":7},"sk":{"a":0,"k":0,"ix":4},"sa":{"a":0,"k":0,"ix":5},"nm":"Trasformazione"}],"nm":"Gruppo 3","np":2,"cix":2,"ix":2,"mn":"ADBE Vector Group","hd":false},{"ty":"gr","it":[{"ind":0,"ty":"sh","ix":1,"ks":{"a":0,"k":{"i":[[0,0],[0,0],[0,0],[3.922,0],[0,0],[0,0],[0,0],[0,5.693]],"o":[[0,0],[0,0],[0,3.907],[0,0],[0,0],[0,0],[5.717,0],[0,0]],"v":[[45.424,-49.053],[42.169,-49.053],[42.169,38.724],[35.057,45.81],[-45.424,45.81],[-45.424,49.053],[35.057,49.053],[45.424,38.724]],"c":true},"ix":2},"nm":"Tracciato 1","mn":"ADBE Vector Shape - Group","hd":false},{"ty":"fl","c":{"a":0,"k":[1,1,1,1],"ix":4},"o":{"a":0,"k":100,"ix":5},"r":1,"nm":"Riempimento 1","mn":"ADBE Vector Graphic - Fill","hd":false},{"ty":"tr","p":{"a":0,"k":[55.519,109.115],"ix":2},"a":{"a":0,"k":[0,0],"ix":1},"s":{"a":0,"k":[100,100],"ix":3},"r":{"a":0,"k":0,"ix":6},"o":{"a":0,"k":100,"ix":7},"sk":{"a":0,"k":0,"ix":4},"sa":{"a":0,"k":0,"ix":5},"nm":"Trasformazione"}],"nm":"Gruppo 4","np":2,"cix":2,"ix":3,"mn":"ADBE Vector Group","hd":false},{"ty":"gr","it":[{"ind":0,"ty":"sh","ix":1,"ks":{"a":0,"k":{"i":[[0,0],[0,0],[0,0],[3.922,0],[0,0],[0,0],[0,0],[0,-5.693]],"o":[[0,0],[0,0],[0,-3.907],[0,0],[0,0],[0,0],[5.717,0],[0,0]],"v":[[30.639,49.053],[27.384,49.053],[27.384,-38.725],[20.272,-45.81],[-30.639,-45.81],[-30.639,-49.053],[20.272,-49.053],[30.639,-38.725]],"c":true},"ix":2},"nm":"Tracciato 1","mn":"ADBE Vector Shape - Group","hd":false},{"ty":"fl","c":{"a":0,"k":[1,1,1,1],"ix":4},"o":{"a":0,"k":100,"ix":5},"r":1,"nm":"Riempimento 1","mn":"ADBE Vector Graphic - Fill","hd":false},{"ty":"tr","p":{"a":0,"k":[70.326,49.053],"ix":2},"a":{"a":0,"k":[0,0],"ix":1},"s":{"a":0,"k":[100,100],"ix":3},"r":{"a":0,"k":0,"ix":6},"o":{"a":0,"k":100,"ix":7},"sk":{"a":0,"k":0,"ix":4},"sa":{"a":0,"k":0,"ix":5},"nm":"Trasformazione"}],"nm":"Gruppo 5","np":2,"cix":2,"ix":4,"mn":"ADBE Vector Group","hd":false},{"ty":"gr","it":[{"ind":0,"ty":"sh","ix":1,"ks":{"a":0,"k":{"i":[[0,0],[0,5.693],[0,0],[-5.716,0],[0,0],[0,0],[0,0],[0,-3.909],[0,0],[-3.924,0]],"o":[[-5.716,0],[0,0],[0,-5.695],[0,0],[0,0],[0,0],[-3.924,0],[0,0],[0,3.907],[0,0]],"v":[[-11.487,79.082],[-21.856,68.753],[-21.856,-68.753],[-11.487,-79.082],[21.856,-79.082],[21.856,-75.839],[-11.487,-75.839],[-18.601,-68.753],[-18.601,68.753],[-11.487,75.839]],"c":true},"ix":2},"nm":"Tracciato 1","mn":"ADBE Vector Shape - Group","hd":false},{"ty":"fl","c":{"a":0,"k":[1,1,1,1],"ix":4},"o":{"a":0,"k":100,"ix":5},"r":1,"nm":"Riempimento 1","mn":"ADBE Vector Graphic - Fill","hd":false},{"ty":"tr","p":{"a":0,"k":[21.856,79.083],"ix":2},"a":{"a":0,"k":[0,0],"ix":1},"s":{"a":0,"k":[100,100],"ix":3},"r":{"a":0,"k":0,"ix":6},"o":{"a":0,"k":100,"ix":7},"sk":{"a":0,"k":0,"ix":4},"sa":{"a":0,"k":0,"ix":5},"nm":"Trasformazione"}],"nm":"Gruppo 6","np":2,"cix":2,"ix":5,"mn":"ADBE Vector Group","hd":false}],"ip":0,"op":239.999979227274,"st":0,"bm":0},{"ddd":0,"ind":5,"ty":4,"nm":"Livello forma 1","sr":1,"ks":{"o":{"a":0,"k":100,"ix":11},"r":{"a":0,"k":0,"ix":10},"p":{"a":0,"k":[375,665.5,0],"ix":2},"a":{"a":0,"k":[0,0,0],"ix":1},"s":{"a":0,"k":[100,100,100],"ix":6}},"ao":0,"shapes":[{"ty":"gr","it":[{"ind":0,"ty":"sh","ix":1,"ks":{"a":0,"k":{"i":[[0,0],[0,0],[0,0]],"o":[[0,0],[0,0],[0,0]],"v":[[73.625,-29],[1.125,-28.625],[0.375,-105.25]],"c":false},"ix":2},"nm":"Tracciato 1","mn":"ADBE Vector Shape - Group","hd":false},{"ty":"st","c":{"a":0,"k":[1,1,1,1],"ix":3},"o":{"a":0,"k":100,"ix":4},"w":{"a":0,"k":3,"ix":5},"lc":2,"lj":2,"d":[{"n":"d","nm":"trattino","v":{"a":0,"k":10,"ix":1}},{"n":"g","nm":"spazio","v":{"a":0,"k":10,"ix":2}},{"n":"o","nm":"scostamento","v":{"a":0,"k":2,"ix":7}}],"nm":"Traccia 1","mn":"ADBE Vector Graphic - Stroke","hd":false},{"ty":"tr","p":{"a":0,"k":[0,0],"ix":2},"a":{"a":0,"k":[0,0],"ix":1},"s":{"a":0,"k":[100,100],"ix":3},"r":{"a":0,"k":0,"ix":6},"o":{"a":0,"k":100,"ix":7},"sk":{"a":0,"k":0,"ix":4},"sa":{"a":0,"k":0,"ix":5},"nm":"Trasformazione"}],"nm":"Forma 1","np":3,"cix":2,"ix":1,"mn":"ADBE Vector Group","hd":false},{"ty":"tm","s":{"a":0,"k":0,"ix":1},"e":{"a":1,"k":[{"i":{"x":[0.667],"y":[1]},"o":{"x":[0.333],"y":[0]},"n":["0p667_1_0p333_0"],"t":2,"s":[0],"e":[100]},{"i":{"x":[0.833],"y":[0.833]},"o":{"x":[0.167],"y":[0.167]},"n":["0p833_0p833_0p167_0p167"],"t":12,"s":[100],"e":[100]},{"i":{"x":[0.667],"y":[1]},"o":{"x":[0.333],"y":[0]},"n":["0p667_1_0p333_0"],"t":88,"s":[100],"e":[0]},{"t":94.9999917774627}],"ix":2},"o":{"a":0,"k":0,"ix":3},"m":1,"ix":2,"nm":"Taglia tracciati 1","mn":"ADBE Vector Filter - Trim","hd":false}],"ip":0,"op":239.999979227274,"st":0,"bm":0},{"ddd":0,"ind":6,"ty":4,"nm":"big cloud contorni 2","sr":1,"ks":{"o":{"a":0,"k":100,"ix":11},"r":{"a":0,"k":0,"ix":10},"p":{"a":1,"k":[{"i":{"x":0.667,"y":1},"o":{"x":0.333,"y":0},"n":"0p667_1_0p333_0","t":0,"s":[544,471.005,0],"e":[544,461.005,0],"to":[0,-1.66666662693024,0],"ti":[0,0,0]},{"i":{"x":0.667,"y":1},"o":{"x":0.333,"y":0},"n":"0p667_1_0p333_0","t":48,"s":[544,461.005,0],"e":[544,471.005,0],"to":[0,0,0],"ti":[0,-1.66666662693024,0]},{"t":94.9999917774627}],"ix":2},"a":{"a":0,"k":[54.5,13.5,0],"ix":1},"s":{"a":0,"k":[100,100,100],"ix":6}},"ao":0,"shapes":[{"ty":"gr","it":[{"ind":0,"ty":"sh","ix":1,"ks":{"a":0,"k":{"i":[[0,0],[0,0],[0,0],[-10.793,0],[-3.341,-2.443],[-7.326,0],[-3.838,-7.403],[-5.571,0],[0,-10.798],[0,0]],"o":[[0,0],[0,0],[0,-10.826],[4.154,0],[4.208,-5.952],[8.416,0],[3.711,-4.093],[10.793,0],[0,0],[0,0]],"v":[[50.744,13.132],[-51.703,13.132],[-51.703,12.178],[-32.129,-7.434],[-20.567,-3.656],[-2.268,-13.132],[17.64,-1.023],[32.123,-7.434],[51.703,12.15],[51.703,13.104]],"c":true},"ix":2},"nm":"Tracciato 1","mn":"ADBE Vector Shape - Group","hd":false},{"ind":1,"ty":"sh","ix":2,"ks":{"a":0,"k":{"i":[[0.486,-9.317],[0,0],[9.435,0],[3.374,-4.345],[0,0],[0,0],[8.16,0],[3.799,-5.924],[0,0],[0,0],[4.067,0]],"o":[[0,0],[-0.473,-9.311],[-5.489,0],[0,0],[0,0],[-3.266,-7.489],[-7.021,0],[0,0],[0,0],[-3.146,-2.571],[-9.43,0]],"v":[[-49.774,11.223],[49.767,11.223],[32.123,-5.525],[18.174,1.312],[17.187,2.579],[16.544,1.107],[-2.268,-11.223],[-19.542,-1.762],[-20.12,-0.861],[-20.948,-1.538],[-32.129,-5.525]],"c":true},"ix":2},"nm":"Tracciato 2","mn":"ADBE Vector Shape - Group","hd":false},{"ty":"fl","c":{"a":0,"k":[1,1,1,1],"ix":4},"o":{"a":0,"k":100,"ix":5},"r":1,"nm":"Riempimento 1","mn":"ADBE Vector Graphic - Fill","hd":false},{"ty":"tr","p":{"a":0,"k":[52.102,13.674],"ix":2},"a":{"a":0,"k":[0,0],"ix":1},"s":{"a":0,"k":[100,100],"ix":3},"r":{"a":0,"k":0,"ix":6},"o":{"a":0,"k":100,"ix":7},"sk":{"a":0,"k":0,"ix":4},"sa":{"a":0,"k":0,"ix":5},"nm":"Trasformazione"}],"nm":"Gruppo 1","np":3,"cix":2,"ix":1,"mn":"ADBE Vector Group","hd":false}],"ip":0,"op":239.999979227274,"st":0,"bm":0},{"ddd":0,"ind":7,"ty":4,"nm":"small cloud 2 contorni 2","sr":1,"ks":{"o":{"a":0,"k":100,"ix":11},"r":{"a":0,"k":0,"ix":10},"p":{"a":1,"k":[{"i":{"x":0.667,"y":1},"o":{"x":0.333,"y":0},"n":"0p667_1_0p333_0","t":0,"s":[211.231,527,0],"e":[211.231,537,0],"to":[0,1.66666662693024,0],"ti":[0,0,0]},{"i":{"x":0.667,"y":1},"o":{"x":0.333,"y":0},"n":"0p667_1_0p333_0","t":48,"s":[211.231,537,0],"e":[211.231,527,0],"to":[0,0,0],"ti":[0,1.66666662693024,0]},{"t":94.9999917774627}],"ix":2},"a":{"a":0,"k":[30.5,10.5,0],"ix":1},"s":{"a":0,"k":[100,100,100],"ix":6}},"ao":0,"shapes":[{"ty":"gr","it":[{"ind":0,"ty":"sh","ix":1,"ks":{"a":0,"k":{"i":[[0,0],[0,0],[0,0],[-7.384,0],[-2.476,-3.614],[-7.487,0],[0,-10.317]],"o":[[0,0],[0,0],[0,-7.387],[4.478,0],[2.972,-6.718],[10.313,0],[0,0]],"v":[[30.103,9.833],[-30.103,9.833],[-30.103,8.878],[-16.712,-4.518],[-5.697,1.271],[11.398,-9.833],[30.103,8.878]],"c":true},"ix":2},"nm":"Tracciato 1","mn":"ADBE Vector Shape - Group","hd":false},{"ind":1,"ty":"sh","ix":2,"ks":{"a":0,"k":{"i":[[0.487,-5.89],[0,0],[8.941,0],[2.228,-6.996],[0,0],[0,0],[4.439,0]],"o":[[0,0],[-0.496,-8.823],[-7.346,0],[0,0],[0,0],[-1.937,-4.013],[-6.011,0]],"v":[[-28.156,7.924],[28.167,7.924],[11.398,-7.924],[-4.607,3.773],[-5.335,6.057],[-6.376,3.898],[-16.712,-2.609]],"c":true},"ix":2},"nm":"Tracciato 2","mn":"ADBE Vector Shape - Group","hd":false},{"ty":"fl","c":{"a":0,"k":[1,1,1,1],"ix":4},"o":{"a":0,"k":100,"ix":5},"r":1,"nm":"Riempimento 1","mn":"ADBE Vector Graphic - Fill","hd":false},{"ty":"tr","p":{"a":0,"k":[30.107,10.273],"ix":2},"a":{"a":0,"k":[0,0],"ix":1},"s":{"a":0,"k":[100,100],"ix":3},"r":{"a":0,"k":0,"ix":6},"o":{"a":0,"k":100,"ix":7},"sk":{"a":0,"k":0,"ix":4},"sa":{"a":0,"k":0,"ix":5},"nm":"Trasformazione"}],"nm":"Gruppo 1","np":3,"cix":2,"ix":1,"mn":"ADBE Vector Group","hd":false}],"ip":0,"op":239.999979227274,"st":0,"bm":0},{"ddd":0,"ind":8,"ty":4,"nm":"ecommerce_sfondo contorni","sr":1,"ks":{"o":{"a":0,"k":100,"ix":11},"r":{"a":0,"k":0,"ix":10},"p":{"a":0,"k":[375,667,0],"ix":2},"a":{"a":0,"k":[215.5,105,0],"ix":1},"s":{"a":0,"k":[100,100,100],"ix":6}},"ao":0,"shapes":[{"ty":"gr","it":[{"ind":0,"ty":"sh","ix":1,"ks":{"a":0,"k":{"i":[[0,0],[0,0],[0,0],[0,0]],"o":[[0,0],[0,0],[0,0],[0,0]],"v":[[-0.83,9.137],[0.83,9.137],[0.83,-9.137],[-0.83,-9.137]],"c":true},"ix":2},"nm":"Tracciato 1","mn":"ADBE Vector Shape - Group","hd":false},{"ty":"fl","c":{"a":0,"k":[1,1,1,1],"ix":4},"o":{"a":0,"k":100,"ix":5},"r":1,"nm":"Riempimento 1","mn":"ADBE Vector Graphic - Fill","hd":false},{"ty":"tr","p":{"a":0,"k":[40.83,103.137],"ix":2},"a":{"a":0,"k":[0,0],"ix":1},"s":{"a":0,"k":[100,100],"ix":3},"r":{"a":0,"k":0,"ix":6},"o":{"a":0,"k":100,"ix":7},"sk":{"a":0,"k":0,"ix":4},"sa":{"a":0,"k":0,"ix":5},"nm":"Trasformazione"}],"nm":"Gruppo 1","np":2,"cix":2,"ix":1,"mn":"ADBE Vector Group","hd":false},{"ty":"gr","it":[{"ind":0,"ty":"sh","ix":1,"ks":{"a":0,"k":{"i":[[0,0],[0,0],[0,0],[0,0]],"o":[[0,0],[0,0],[0,0],[0,0]],"v":[[-14.356,9.968],[14.356,9.968],[14.356,-9.968],[-14.356,-9.968]],"c":true},"ix":2},"nm":"Tracciato 1","mn":"ADBE Vector Shape - Group","hd":false},{"ind":1,"ty":"sh","ix":2,"ks":{"a":0,"k":{"i":[[0,0],[0,0],[0,0],[0,0]],"o":[[0,0],[0,0],[0,0],[0,0]],"v":[[-12.696,8.305],[-12.696,-8.307],[12.696,-8.307],[12.696,8.305]],"c":true},"ix":2},"nm":"Tracciato 2","mn":"ADBE Vector Shape - Group","hd":false},{"ty":"fl","c":{"a":0,"k":[1,1,1,1],"ix":4},"o":{"a":0,"k":100,"ix":5},"r":1,"nm":"Riempimento 1","mn":"ADBE Vector Graphic - Fill","hd":false},{"ty":"tr","p":{"a":0,"k":[40.356,103.968],"ix":2},"a":{"a":0,"k":[0,0],"ix":1},"s":{"a":0,"k":[100,100],"ix":3},"r":{"a":0,"k":0,"ix":6},"o":{"a":0,"k":100,"ix":7},"sk":{"a":0,"k":0,"ix":4},"sa":{"a":0,"k":0,"ix":5},"nm":"Trasformazione"}],"nm":"Gruppo 2","np":3,"cix":2,"ix":2,"mn":"ADBE Vector Group","hd":false},{"ty":"gr","it":[{"ind":0,"ty":"sh","ix":1,"ks":{"a":0,"k":{"i":[[0,0],[0,0],[0,0],[0,0]],"o":[[0,0],[0,0],[0,0],[0,0]],"v":[[-0.83,9.137],[0.83,9.137],[0.83,-9.137],[-0.83,-9.137]],"c":true},"ix":2},"nm":"Tracciato 1","mn":"ADBE Vector Shape - Group","hd":false},{"ty":"fl","c":{"a":0,"k":[1,1,1,1],"ix":4},"o":{"a":0,"k":100,"ix":5},"r":1,"nm":"Riempimento 1","mn":"ADBE Vector Graphic - Fill","hd":false},{"ty":"tr","p":{"a":0,"k":[96.83,103.137],"ix":2},"a":{"a":0,"k":[0,0],"ix":1},"s":{"a":0,"k":[100,100],"ix":3},"r":{"a":0,"k":0,"ix":6},"o":{"a":0,"k":100,"ix":7},"sk":{"a":0,"k":0,"ix":4},"sa":{"a":0,"k":0,"ix":5},"nm":"Trasformazione"}],"nm":"Gruppo 3","np":2,"cix":2,"ix":3,"mn":"ADBE Vector Group","hd":false},{"ty":"gr","it":[{"ind":0,"ty":"sh","ix":1,"ks":{"a":0,"k":{"i":[[0,0],[0,0],[0,0],[0,0]],"o":[[0,0],[0,0],[0,0],[0,0]],"v":[[-14.356,9.968],[14.356,9.968],[14.356,-9.968],[-14.356,-9.968]],"c":true},"ix":2},"nm":"Tracciato 1","mn":"ADBE Vector Shape - Group","hd":false},{"ind":1,"ty":"sh","ix":2,"ks":{"a":0,"k":{"i":[[0,0],[0,0],[0,0],[0,0]],"o":[[0,0],[0,0],[0,0],[0,0]],"v":[[-12.696,8.305],[-12.696,-8.307],[12.696,-8.307],[12.696,8.305]],"c":true},"ix":2},"nm":"Tracciato 2","mn":"ADBE Vector Shape - Group","hd":false},{"ty":"fl","c":{"a":0,"k":[1,1,1,1],"ix":4},"o":{"a":0,"k":100,"ix":5},"r":1,"nm":"Riempimento 1","mn":"ADBE Vector Graphic - Fill","hd":false},{"ty":"tr","p":{"a":0,"k":[96.356,103.968],"ix":2},"a":{"a":0,"k":[0,0],"ix":1},"s":{"a":0,"k":[100,100],"ix":3},"r":{"a":0,"k":0,"ix":6},"o":{"a":0,"k":100,"ix":7},"sk":{"a":0,"k":0,"ix":4},"sa":{"a":0,"k":0,"ix":5},"nm":"Trasformazione"}],"nm":"Gruppo 4","np":3,"cix":2,"ix":4,"mn":"ADBE Vector Group","hd":false},{"ty":"gr","it":[{"ind":0,"ty":"sh","ix":1,"ks":{"a":0,"k":{"i":[[0,0],[0,0],[0,0],[0,0]],"o":[[0,0],[0,0],[0,0],[0,0]],"v":[[-8.698,15.543],[8.698,15.543],[8.698,-15.543],[-8.698,-15.543]],"c":true},"ix":2},"nm":"Tracciato 1","mn":"ADBE Vector Shape - Group","hd":false},{"ind":1,"ty":"sh","ix":2,"ks":{"a":0,"k":{"i":[[0,0],[0,0],[0,0],[0,0]],"o":[[0,0],[0,0],[0,0],[0,0]],"v":[[-7.062,13.908],[-7.062,-13.908],[7.063,-13.908],[7.063,13.908]],"c":true},"ix":2},"nm":"Tracciato 2","mn":"ADBE Vector Shape - Group","hd":false},{"ty":"fl","c":{"a":0,"k":[1,1,1,1],"ix":4},"o":{"a":0,"k":100,"ix":5},"r":1,"nm":"Riempimento 1","mn":"ADBE Vector Graphic - Fill","hd":false},{"ty":"tr","p":{"a":0,"k":[93.704,184.998],"ix":2},"a":{"a":0,"k":[0,0],"ix":1},"s":{"a":0,"k":[100,100],"ix":3},"r":{"a":0,"k":0,"ix":6},"o":{"a":0,"k":100,"ix":7},"sk":{"a":0,"k":0,"ix":4},"sa":{"a":0,"k":0,"ix":5},"nm":"Trasformazione"}],"nm":"Gruppo 5","np":3,"cix":2,"ix":5,"mn":"ADBE Vector Group","hd":false},{"ty":"gr","it":[{"ind":0,"ty":"sh","ix":1,"ks":{"a":0,"k":{"i":[[0,0],[0,0],[0,0],[0,0]],"o":[[0,0],[0,0],[0,0],[0,0]],"v":[[-0.818,7.908],[0.818,7.908],[0.818,-7.908],[-0.818,-7.908]],"c":true},"ix":2},"nm":"Tracciato 1","mn":"ADBE Vector Shape - Group","hd":false},{"ty":"fl","c":{"a":0,"k":[1,1,1,1],"ix":4},"o":{"a":0,"k":100,"ix":5},"r":1,"nm":"Riempimento 1","mn":"ADBE Vector Graphic - Fill","hd":false},{"ty":"tr","p":{"a":0,"k":[94.991,148.745],"ix":2},"a":{"a":0,"k":[0,0],"ix":1},"s":{"a":0,"k":[100,100],"ix":3},"r":{"a":0,"k":0,"ix":6},"o":{"a":0,"k":100,"ix":7},"sk":{"a":0,"k":0,"ix":4},"sa":{"a":0,"k":0,"ix":5},"nm":"Trasformazione"}],"nm":"Gruppo 6","np":2,"cix":2,"ix":6,"mn":"ADBE Vector Group","hd":false},{"ty":"gr","it":[{"ind":0,"ty":"sh","ix":1,"ks":{"a":0,"k":{"i":[[0,0],[0,0],[0,0],[0,0]],"o":[[0,0],[0,0],[0,0],[0,0]],"v":[[-17.66,0.818],[17.66,0.818],[17.66,-0.817],[-17.66,-0.817]],"c":true},"ix":2},"nm":"Tracciato 1","mn":"ADBE Vector Shape - Group","hd":false},{"ty":"fl","c":{"a":0,"k":[1,1,1,1],"ix":4},"o":{"a":0,"k":100,"ix":5},"r":1,"nm":"Riempimento 1","mn":"ADBE Vector Graphic - Fill","hd":false},{"ty":"tr","p":{"a":0,"k":[94.84,140.836],"ix":2},"a":{"a":0,"k":[0,0],"ix":1},"s":{"a":0,"k":[100,100],"ix":3},"r":{"a":0,"k":0,"ix":6},"o":{"a":0,"k":100,"ix":7},"sk":{"a":0,"k":0,"ix":4},"sa":{"a":0,"k":0,"ix":5},"nm":"Trasformazione"}],"nm":"Gruppo 7","np":2,"cix":2,"ix":7,"mn":"ADBE Vector Group","hd":false},{"ty":"gr","it":[{"ind":0,"ty":"sh","ix":1,"ks":{"a":0,"k":{"i":[[0,0],[0,0],[0,0],[0,0]],"o":[[0,0],[0,0],[0,0],[0,0]],"v":[[-0.818,7.908],[0.818,7.908],[0.818,-7.908],[-0.818,-7.908]],"c":true},"ix":2},"nm":"Tracciato 1","mn":"ADBE Vector Shape - Group","hd":false},{"ty":"fl","c":{"a":0,"k":[1,1,1,1],"ix":4},"o":{"a":0,"k":100,"ix":5},"r":1,"nm":"Riempimento 1","mn":"ADBE Vector Graphic - Fill","hd":false},{"ty":"tr","p":{"a":0,"k":[41.383,148.745],"ix":2},"a":{"a":0,"k":[0,0],"ix":1},"s":{"a":0,"k":[100,100],"ix":3},"r":{"a":0,"k":0,"ix":6},"o":{"a":0,"k":100,"ix":7},"sk":{"a":0,"k":0,"ix":4},"sa":{"a":0,"k":0,"ix":5},"nm":"Trasformazione"}],"nm":"Gruppo 8","np":2,"cix":2,"ix":8,"mn":"ADBE Vector Group","hd":false},{"ty":"gr","it":[{"ind":0,"ty":"sh","ix":1,"ks":{"a":0,"k":{"i":[[0,0],[0,0],[0,0],[0,0]],"o":[[0,0],[0,0],[0,0],[0,0]],"v":[[-17.658,0.818],[17.658,0.818],[17.658,-0.817],[-17.658,-0.817]],"c":true},"ix":2},"nm":"Tracciato 1","mn":"ADBE Vector Shape - Group","hd":false},{"ty":"fl","c":{"a":0,"k":[1,1,1,1],"ix":4},"o":{"a":0,"k":100,"ix":5},"r":1,"nm":"Riempimento 1","mn":"ADBE Vector Graphic - Fill","hd":false},{"ty":"tr","p":{"a":0,"k":[41.234,140.836],"ix":2},"a":{"a":0,"k":[0,0],"ix":1},"s":{"a":0,"k":[100,100],"ix":3},"r":{"a":0,"k":0,"ix":6},"o":{"a":0,"k":100,"ix":7},"sk":{"a":0,"k":0,"ix":4},"sa":{"a":0,"k":0,"ix":5},"nm":"Trasformazione"}],"nm":"Gruppo 9","np":2,"cix":2,"ix":9,"mn":"ADBE Vector Group","hd":false},{"ty":"gr","it":[{"ind":0,"ty":"sh","ix":1,"ks":{"a":0,"k":{"i":[[0,0],[0,0],[0,0],[0,0]],"o":[[0,0],[0,0],[0,0],[0,0]],"v":[[-12.833,17.735],[12.833,17.735],[12.833,-17.736],[-12.833,-17.736]],"c":true},"ix":2},"nm":"Tracciato 1","mn":"ADBE Vector Shape - Group","hd":false},{"ind":1,"ty":"sh","ix":2,"ks":{"a":0,"k":{"i":[[0,0],[0,0],[0,0],[0,0]],"o":[[0,0],[0,0],[0,0],[0,0]],"v":[[-11.198,16.1],[-11.198,-16.101],[11.197,-16.101],[11.197,16.1]],"c":true},"ix":2},"nm":"Tracciato 2","mn":"ADBE Vector Shape - Group","hd":false},{"ty":"fl","c":{"a":0,"k":[1,1,1,1],"ix":4},"o":{"a":0,"k":100,"ix":5},"r":1,"nm":"Riempimento 1","mn":"ADBE Vector Graphic - Fill","hd":false},{"ty":"tr","p":{"a":0,"k":[93.704,182.806],"ix":2},"a":{"a":0,"k":[0,0],"ix":1},"s":{"a":0,"k":[100,100],"ix":3},"r":{"a":0,"k":0,"ix":6},"o":{"a":0,"k":100,"ix":7},"sk":{"a":0,"k":0,"ix":4},"sa":{"a":0,"k":0,"ix":5},"nm":"Trasformazione"}],"nm":"Gruppo 10","np":3,"cix":2,"ix":10,"mn":"ADBE Vector Group","hd":false},{"ty":"gr","it":[{"ind":0,"ty":"sh","ix":1,"ks":{"a":0,"k":{"i":[[0,0],[0,0],[0,0],[0,0]],"o":[[0,0],[0,0],[0,0],[0,0]],"v":[[-8.695,15.543],[8.696,15.543],[8.696,-15.543],[-8.695,-15.543]],"c":true},"ix":2},"nm":"Tracciato 1","mn":"ADBE Vector Shape - Group","hd":false},{"ind":1,"ty":"sh","ix":2,"ks":{"a":0,"k":{"i":[[0,0],[0,0],[0,0],[0,0]],"o":[[0,0],[0,0],[0,0],[0,0]],"v":[[-7.061,13.908],[-7.061,-13.908],[7.059,-13.908],[7.059,13.908]],"c":true},"ix":2},"nm":"Tracciato 2","mn":"ADBE Vector Shape - Group","hd":false},{"ty":"fl","c":{"a":0,"k":[1,1,1,1],"ix":4},"o":{"a":0,"k":100,"ix":5},"r":1,"nm":"Riempimento 1","mn":"ADBE Vector Graphic - Fill","hd":false},{"ty":"tr","p":{"a":0,"k":[41.006,184.998],"ix":2},"a":{"a":0,"k":[0,0],"ix":1},"s":{"a":0,"k":[100,100],"ix":3},"r":{"a":0,"k":0,"ix":6},"o":{"a":0,"k":100,"ix":7},"sk":{"a":0,"k":0,"ix":4},"sa":{"a":0,"k":0,"ix":5},"nm":"Trasformazione"}],"nm":"Gruppo 15","np":3,"cix":2,"ix":11,"mn":"ADBE Vector Group","hd":false},{"ty":"gr","it":[{"ind":0,"ty":"sh","ix":1,"ks":{"a":0,"k":{"i":[[0,0],[0,0],[0,0],[0,0]],"o":[[0,0],[0,0],[0,0],[0,0]],"v":[[-12.833,17.744],[12.833,17.744],[12.833,-17.745],[-12.833,-17.745]],"c":true},"ix":2},"nm":"Tracciato 1","mn":"ADBE Vector Shape - Group","hd":false},{"ind":1,"ty":"sh","ix":2,"ks":{"a":0,"k":{"i":[[0,0],[0,0],[0,0],[0,0]],"o":[[0,0],[0,0],[0,0],[0,0]],"v":[[-11.198,16.109],[-11.198,-16.111],[11.198,-16.111],[11.198,16.109]],"c":true},"ix":2},"nm":"Tracciato 2","mn":"ADBE Vector Shape - Group","hd":false},{"ty":"fl","c":{"a":0,"k":[1,1,1,1],"ix":4},"o":{"a":0,"k":100,"ix":5},"r":1,"nm":"Riempimento 1","mn":"ADBE Vector Graphic - Fill","hd":false},{"ty":"tr","p":{"a":0,"k":[41.003,182.797],"ix":2},"a":{"a":0,"k":[0,0],"ix":1},"s":{"a":0,"k":[100,100],"ix":3},"r":{"a":0,"k":0,"ix":6},"o":{"a":0,"k":100,"ix":7},"sk":{"a":0,"k":0,"ix":4},"sa":{"a":0,"k":0,"ix":5},"nm":"Trasformazione"}],"nm":"Gruppo 16","np":3,"cix":2,"ix":12,"mn":"ADBE Vector Group","hd":false},{"ty":"gr","it":[{"ind":0,"ty":"sh","ix":1,"ks":{"a":0,"k":{"i":[[0,0],[0,0],[0,0],[0,0]],"o":[[0,0],[0,0],[0,0],[0,0]],"v":[[-18.327,16.354],[18.327,16.354],[18.327,-16.355],[-18.327,-16.355]],"c":true},"ix":2},"nm":"Tracciato 1","mn":"ADBE Vector Shape - Group","hd":false},{"ind":1,"ty":"sh","ix":2,"ks":{"a":0,"k":{"i":[[0,0],[0,0],[0,0],[0,0]],"o":[[0,0],[0,0],[0,0],[0,0]],"v":[[-16.693,14.719],[-16.693,-14.719],[16.693,-14.719],[16.693,14.719]],"c":true},"ix":2},"nm":"Tracciato 2","mn":"ADBE Vector Shape - Group","hd":false},{"ty":"fl","c":{"a":0,"k":[1,1,1,1],"ix":4},"o":{"a":0,"k":100,"ix":5},"r":1,"nm":"Riempimento 1","mn":"ADBE Vector Graphic - Fill","hd":false},{"ty":"tr","p":{"a":0,"k":[94.84,141.118],"ix":2},"a":{"a":0,"k":[0,0],"ix":1},"s":{"a":0,"k":[100,100],"ix":3},"r":{"a":0,"k":0,"ix":6},"o":{"a":0,"k":100,"ix":7},"sk":{"a":0,"k":0,"ix":4},"sa":{"a":0,"k":0,"ix":5},"nm":"Trasformazione"}],"nm":"Gruppo 17","np":3,"cix":2,"ix":13,"mn":"ADBE Vector Group","hd":false},{"ty":"gr","it":[{"ind":0,"ty":"sh","ix":1,"ks":{"a":0,"k":{"i":[[0,0],[0,0],[0,0],[0,0]],"o":[[0,0],[0,0],[0,0],[0,0]],"v":[[-18.326,16.354],[18.326,16.354],[18.326,-16.355],[-18.326,-16.355]],"c":true},"ix":2},"nm":"Tracciato 1","mn":"ADBE Vector Shape - Group","hd":false},{"ind":1,"ty":"sh","ix":2,"ks":{"a":0,"k":{"i":[[0,0],[0,0],[0,0],[0,0]],"o":[[0,0],[0,0],[0,0],[0,0]],"v":[[-16.691,14.719],[-16.691,-14.719],[16.689,-14.719],[16.689,14.719]],"c":true},"ix":2},"nm":"Tracciato 2","mn":"ADBE Vector Shape - Group","hd":false},{"ty":"fl","c":{"a":0,"k":[1,1,1,1],"ix":4},"o":{"a":0,"k":100,"ix":5},"r":1,"nm":"Riempimento 1","mn":"ADBE Vector Graphic - Fill","hd":false},{"ty":"tr","p":{"a":0,"k":[41.383,141.118],"ix":2},"a":{"a":0,"k":[0,0],"ix":1},"s":{"a":0,"k":[100,100],"ix":3},"r":{"a":0,"k":0,"ix":6},"o":{"a":0,"k":100,"ix":7},"sk":{"a":0,"k":0,"ix":4},"sa":{"a":0,"k":0,"ix":5},"nm":"Trasformazione"}],"nm":"Gruppo 18","np":3,"cix":2,"ix":14,"mn":"ADBE Vector Group","hd":false},{"ty":"gr","it":[{"ind":0,"ty":"sh","ix":1,"ks":{"a":0,"k":{"i":[[0,0],[0,0],[0,0],[-2.855,0],[0,-2.859],[0,0],[0,0],[0,0],[0,0],[0,0],[0,0],[0,0],[0,0],[0,0],[0,0],[0,0],[1.958,0],[0,-1.957],[0,0]],"o":[[0,0],[0,0],[0,-2.859],[2.86,0],[0,0],[0,0],[0,0],[0,0],[0,0],[0,0],[0,0],[0,0],[0,0],[0,0],[0,0],[0,-1.957],[-1.953,0],[0,0],[0,0]],"v":[[-4.967,84.169],[-6.602,84.169],[-6.602,-79.581],[-1.421,-84.766],[3.766,-79.581],[3.766,-60.6],[6.602,-60.6],[6.602,-55.19],[3.855,-55.19],[3.813,84.766],[2.178,84.766],[2.224,-56.826],[4.967,-56.826],[4.967,-58.965],[2.131,-58.965],[2.131,-79.581],[-1.421,-83.13],[-4.967,-79.581],[-4.967,19.801]],"c":true},"ix":2},"nm":"Tracciato 1","mn":"ADBE Vector Shape - Group","hd":false},{"ty":"fl","c":{"a":0,"k":[1,1,1,1],"ix":4},"o":{"a":0,"k":100,"ix":5},"r":1,"nm":"Riempimento 1","mn":"ADBE Vector Graphic - Fill","hd":false},{"ty":"tr","p":{"a":0,"k":[130.133,124.775],"ix":2},"a":{"a":0,"k":[0,0],"ix":1},"s":{"a":0,"k":[100,100],"ix":3},"r":{"a":0,"k":0,"ix":6},"o":{"a":0,"k":100,"ix":7},"sk":{"a":0,"k":0,"ix":4},"sa":{"a":0,"k":0,"ix":5},"nm":"Trasformazione"}],"nm":"Gruppo 19","np":2,"cix":2,"ix":15,"mn":"ADBE Vector Group","hd":false},{"ty":"gr","it":[{"ind":0,"ty":"sh","ix":1,"ks":{"a":0,"k":{"i":[[0,0],[0,0],[0,0],[0,0],[0,0],[0,0],[-2.86,0],[0,-2.872],[0,0]],"o":[[0,0],[0,0],[0,0],[0,0],[0,0],[0,-2.872],[2.855,0],[0,0],[0,0]],"v":[[-3.766,84.956],[-3.766,-55.241],[-6.602,-55.241],[-6.602,-60.669],[-3.766,-60.669],[-3.766,-79.749],[1.421,-84.956],[6.602,-79.749],[6.602,84.956]],"c":true},"ix":2},"nm":"Tracciato 1","mn":"ADBE Vector Shape - Group","hd":false},{"ind":1,"ty":"sh","ix":2,"ks":{"a":0,"k":{"i":[[0,0],[0,0],[0,0],[1.953,0],[0,-1.969],[0,0],[0,0],[0,0],[0,0]],"o":[[0,0],[0,0],[0,-1.969],[-1.958,0],[0,0],[0,0],[0,0],[0,0],[0,0]],"v":[[-2.131,83.321],[4.967,83.321],[4.967,-79.749],[1.421,-83.322],[-2.131,-79.749],[-2.131,-59.035],[-4.967,-59.035],[-4.967,-56.876],[-2.131,-56.876]],"c":true},"ix":2},"nm":"Tracciato 2","mn":"ADBE Vector Shape - Group","hd":false},{"ty":"fl","c":{"a":0,"k":[1,1,1,1],"ix":4},"o":{"a":0,"k":100,"ix":5},"r":1,"nm":"Riempimento 1","mn":"ADBE Vector Graphic - Fill","hd":false},{"ty":"tr","p":{"a":0,"k":[7.354,124.965],"ix":2},"a":{"a":0,"k":[0,0],"ix":1},"s":{"a":0,"k":[100,100],"ix":3},"r":{"a":0,"k":0,"ix":6},"o":{"a":0,"k":100,"ix":7},"sk":{"a":0,"k":0,"ix":4},"sa":{"a":0,"k":0,"ix":5},"nm":"Trasformazione"}],"nm":"Gruppo 20","np":3,"cix":2,"ix":16,"mn":"ADBE Vector Group","hd":false},{"ty":"gr","it":[{"ind":0,"ty":"sh","ix":1,"ks":{"a":0,"k":{"i":[[0,0],[0,0],[0,0],[0,0],[0,0],[0,0],[0,0],[0,0],[0,0],[0,0]],"o":[[0,0],[0,0],[0,0],[0,0],[0,0],[0,0],[0,0],[0,0],[0,0],[0,0]],"v":[[-56.423,64.323],[-56.423,-64.323],[56.423,-64.323],[56.423,-0.109],[54.788,-0.109],[54.788,-62.688],[-54.787,-62.688],[-54.787,62.688],[55.605,62.688],[55.605,64.323]],"c":true},"ix":2},"nm":"Tracciato 1","mn":"ADBE Vector Shape - Group","hd":false},{"ty":"fl","c":{"a":0,"k":[1,1,1,1],"ix":4},"o":{"a":0,"k":100,"ix":5},"r":1,"nm":"Riempimento 1","mn":"ADBE Vector Graphic - Fill","hd":false},{"ty":"tr","p":{"a":0,"k":[68.743,145.599],"ix":2},"a":{"a":0,"k":[0,0],"ix":1},"s":{"a":0,"k":[100,100],"ix":3},"r":{"a":0,"k":0,"ix":6},"o":{"a":0,"k":100,"ix":7},"sk":{"a":0,"k":0,"ix":4},"sa":{"a":0,"k":0,"ix":5},"nm":"Trasformazione"}],"nm":"Gruppo 21","np":2,"cix":2,"ix":17,"mn":"ADBE Vector Group","hd":false},{"ty":"gr","it":[{"ind":0,"ty":"sh","ix":1,"ks":{"a":0,"k":{"i":[[0,0],[0,0],[0,0],[0,0]],"o":[[0,0],[0,0],[0,0],[0,0]],"v":[[158.775,93.945],[172.9,93.945],[172.9,66.129],[158.775,66.129]],"c":true},"ix":2},"nm":"Tracciato 1","mn":"ADBE Vector Shape - Group","hd":false},{"ind":1,"ty":"sh","ix":2,"ks":{"a":0,"k":{"i":[[0,0],[0,0],[0,0],[0,0]],"o":[[0,0],[0,0],[0,0],[0,0]],"v":[[146.48,35.529],[187.59,35.529],[187.59,33.542],[146.48,33.542]],"c":true},"ix":2},"nm":"Tracciato 2","mn":"ADBE Vector Shape - Group","hd":false},{"ind":2,"ty":"sh","ix":3,"ks":{"a":0,"k":{"i":[[0,0],[0,0],[0,0],[0,0]],"o":[[0,0],[0,0],[0,0],[0,0]],"v":[[92.962,35.529],[134.07,35.529],[134.07,33.542],[92.962,33.542]],"c":true},"ix":2},"nm":"Tracciato 3","mn":"ADBE Vector Shape - Group","hd":false},{"ind":3,"ty":"sh","ix":4,"ks":{"a":0,"k":{"i":[[0,0],[0,0],[0,0],[0,0]],"o":[[0,0],[0,0],[0,0],[0,0]],"v":[[148.645,-6.197],[185.299,-6.197],[185.299,26.512],[148.645,26.512]],"c":true},"ix":2},"nm":"Tracciato 4","mn":"ADBE Vector Shape - Group","hd":false},{"ind":4,"ty":"sh","ix":5,"ks":{"a":0,"k":{"i":[[0,0]],"o":[[0,0]],"v":[[148.645,26.512]],"c":false},"ix":2},"nm":"Tracciato 5","mn":"ADBE Vector Shape - Group","hd":false},{"ind":5,"ty":"sh","ix":6,"ks":{"a":0,"k":{"i":[[0,0],[0,0],[0,0],[-3.784,0],[0,-3.782]],"o":[[0,0],[0,0],[0,-3.782],[3.78,0],[0,0]],"v":[[184.823,-16.078],[171.1,-16.078],[171.1,-36.703],[177.964,-43.562],[184.823,-36.703]],"c":true},"ix":2},"nm":"Tracciato 6","mn":"ADBE Vector Shape - Group","hd":false},{"ind":6,"ty":"sh","ix":7,"ks":{"a":0,"k":{"i":[[0,0],[0,0],[0,0],[-3.785,0],[0,-3.782]],"o":[[0,0],[0,0],[0,-3.782],[3.784,0],[0,0]],"v":[[162.671,-16.078],[148.948,-16.078],[148.948,-36.703],[155.807,-43.562],[162.671,-36.703]],"c":true},"ix":2},"nm":"Tracciato 7","mn":"ADBE Vector Shape - Group","hd":false},{"ind":7,"ty":"sh","ix":8,"ks":{"a":0,"k":{"i":[[0,0],[0,0],[0,0],[0,0]],"o":[[0,0],[0,0],[0,0],[0,0]],"v":[[95.191,-6.197],[131.841,-6.197],[131.841,26.512],[95.191,26.512]],"c":true},"ix":2},"nm":"Tracciato 8","mn":"ADBE Vector Shape - Group","hd":false},{"ind":8,"ty":"sh","ix":9,"ks":{"a":0,"k":{"i":[[0,0]],"o":[[0,0]],"v":[[95.191,26.512]],"c":false},"ix":2},"nm":"Tracciato 9","mn":"ADBE Vector Shape - Group","hd":false},{"ind":9,"ty":"sh","ix":10,"ks":{"a":0,"k":{"i":[[0,0],[0,0],[0,0],[0,0]],"o":[[0,0],[0,0],[0,0],[0,0]],"v":[[86.089,-58.946],[195.664,-58.946],[195.664,-61.083],[86.089,-61.083]],"c":true},"ix":2},"nm":"Tracciato 10","mn":"ADBE Vector Shape - Group","hd":false},{"ind":10,"ty":"sh","ix":11,"ks":{"a":0,"k":{"i":[[0,0],[0,0],[0,0],[-3.779,0],[0,-3.782]],"o":[[0,0],[0,0],[0,-3.782],[3.785,0],[0,0]],"v":[[131.37,-16.078],[117.647,-16.078],[117.647,-36.703],[124.505,-43.562],[131.37,-36.703]],"c":true},"ix":2},"nm":"Tracciato 11","mn":"ADBE Vector Shape - Group","hd":false},{"ind":11,"ty":"sh","ix":12,"ks":{"a":0,"k":{"i":[[0,0],[0,0],[0,0],[-3.784,0],[0,-3.782]],"o":[[0,0],[0,0],[0,-3.782],[3.785,0],[0,0]],"v":[[109.217,-16.078],[95.49,-16.078],[95.49,-36.703],[102.354,-43.562],[109.217,-36.703]],"c":true},"ix":2},"nm":"Tracciato 12","mn":"ADBE Vector Shape - Group","hd":false},{"ind":12,"ty":"sh","ix":13,"ks":{"a":0,"k":{"i":[[0,0],[0,0],[0,0],[0,0],[0,0]],"o":[[0,0],[0,0],[0,0],[0,0],[0,0]],"v":[[-208.867,-44.961],[-208.867,-56.96],[-152.529,-80.961],[-97.867,-57.042],[-97.867,-44.961]],"c":true},"ix":2},"nm":"Tracciato 13","mn":"ADBE Vector Shape - Group","hd":false},{"ind":13,"ty":"sh","ix":14,"ks":{"a":0,"k":{"i":[[0,0],[0,0],[0,0],[0,0],[0,0]],"o":[[0,0],[0,0],[0,0],[0,0],[0,0]],"v":[[-207.259,-46.549],[-99.475,-46.549],[-99.475,-56.008],[-152.537,-79.227],[-207.259,-55.915]],"c":true},"ix":2},"nm":"Tracciato 14","mn":"ADBE Vector Shape - Group","hd":false},{"ind":14,"ty":"sh","ix":15,"ks":{"a":0,"k":{"i":[[0,0],[0,0],[-2.856,0],[0,-2.859],[0,0],[0,0],[0,0],[0,0],[0,0],[0,0],[0,0],[0,0],[0,0],[0,0],[0,0],[1.957,0],[0,-1.957],[0,0],[0,0],[0,0],[0,0],[0,0],[0,0],[0,0],[0,0],[0,0],[0,0],[0,0],[-2.859,0],[0,-2.871],[0,0],[0,0]],"o":[[0,0],[0,-2.859],[2.859,0],[0,0],[0,0],[0,0],[0,0],[0,0],[0,0],[0,0],[0,0],[0,0],[0,0],[0,0],[0,-1.957],[-1.953,0],[0,0],[0,0],[0,0],[0,0],[0,0],[0,0],[0,0],[0,0],[0,0],[0,0],[0,0],[0,-2.871],[2.855,0],[0,0],[0,0],[0,0]],"v":[[195.664,-81.065],[195.664,-81.679],[200.846,-86.864],[206.031,-81.679],[206.031,-62.698],[208.867,-62.698],[208.867,-57.289],[206.121,-57.289],[206.078,104.58],[204.444,104.58],[204.49,-58.924],[207.233,-58.924],[207.233,-61.063],[204.397,-61.063],[204.397,-81.679],[200.846,-85.229],[197.298,-81.679],[197.298,39.614],[197.298,103.982],[196.482,103.982],[196.482,104.961],[84.453,104.961],[75.721,104.961],[75.721,-57.148],[72.885,-57.148],[72.885,-62.577],[75.721,-62.577],[75.721,-81.657],[80.906,-86.864],[86.089,-81.657],[86.089,-80.961],[141.729,-104.961]],"c":true},"ix":2},"nm":"Tracciato 15","mn":"ADBE Vector Shape - Group","hd":false},{"ind":15,"ty":"sh","ix":16,"ks":{"a":0,"k":{"i":[[0,0],[0,0],[0,0],[0,0],[0,0]],"o":[[0,0],[0,0],[0,0],[0,0],[0,0]],"v":[[195.664,-69.541],[195.664,-79.277],[141.72,-103.176],[86.089,-79.181],[86.089,-69.541]],"c":true},"ix":2},"nm":"Tracciato 16","mn":"ADBE Vector Shape - Group","hd":false},{"ind":16,"ty":"sh","ix":17,"ks":{"a":0,"k":{"i":[[0,0],[0,0],[0,0],[0,0],[1.954,0],[0,-1.97],[0,0],[0,0],[0,0],[0,0],[0,0],[0,0],[0,0]],"o":[[0,0],[0,0],[0,0],[0,-1.97],[-1.958,0],[0,0],[0,0],[0,0],[0,0],[0,0],[0,0],[0,0],[0,0]],"v":[[84.453,-62.718],[84.453,-67.906],[84.453,-80.256],[84.453,-81.657],[80.906,-85.229],[77.357,-81.657],[77.357,-60.942],[74.52,-60.942],[74.52,-58.783],[77.357,-58.783],[77.357,103.326],[84.453,103.326],[84.453,-57.312]],"c":true},"ix":2},"nm":"Tracciato 17","mn":"ADBE Vector Shape - Group","hd":false},{"ind":17,"ty":"sh","ix":18,"ks":{"a":0,"k":{"i":[[0,0],[0,0],[0,0],[0,0]],"o":[[0,0],[0,0],[0,0],[0,0]],"v":[[195.664,-67.906],[86.089,-67.906],[86.089,-62.718],[195.664,-62.718]],"c":true},"ix":2},"nm":"Tracciato 18","mn":"ADBE Vector Shape - Group","hd":false},{"ind":18,"ty":"sh","ix":19,"ks":{"a":0,"k":{"i":[[0,0]],"o":[[0,0]],"v":[[195.664,-62.718]],"c":false},"ix":2},"nm":"Tracciato 19","mn":"ADBE Vector Shape - Group","hd":false},{"ind":19,"ty":"sh","ix":20,"ks":{"a":0,"k":{"i":[[0,0],[0,0],[0,0],[0,0]],"o":[[0,0],[0,0],[0,0],[0,0]],"v":[[127.385,99.836],[98.709,99.836],[98.709,103.326],[127.385,103.326]],"c":true},"ix":2},"nm":"Tracciato 20","mn":"ADBE Vector Shape - Group","hd":false},{"ind":20,"ty":"sh","ix":21,"ks":{"a":0,"k":{"i":[[0,0],[0,0],[0,0],[0,0]],"o":[[0,0],[0,0],[0,0],[0,0]],"v":[[106.078,93.945],[120.198,93.945],[120.198,66.129],[106.078,66.129]],"c":true},"ix":2},"nm":"Tracciato 21","mn":"ADBE Vector Shape - Group","hd":false},{"ind":21,"ty":"sh","ix":22,"ks":{"a":0,"k":{"i":[[0,0],[0,0],[0,0],[0,0],[0,0],[0,0]],"o":[[0,0],[0,0],[0,0],[0,0],[0,0],[0,0]],"v":[[125.969,95.58],[100.303,95.58],[98.708,95.58],[98.708,98.201],[127.385,98.201],[127.385,95.58]],"c":true},"ix":2},"nm":"Tracciato 22","mn":"ADBE Vector Shape - Group","hd":false},{"ind":22,"ty":"sh","ix":23,"ks":{"a":0,"k":{"i":[[0,0],[0,0],[0,0],[0,0],[0,0],[0,0],[0,0],[0,0]],"o":[[0,0],[0,0],[0,0],[0,0],[0,0],[0,0],[0,0],[0,0]],"v":[[104.443,93.945],[104.443,64.494],[121.833,64.494],[121.833,93.945],[124.333,93.945],[124.333,61.726],[101.939,61.726],[101.939,93.945]],"c":true},"ix":2},"nm":"Tracciato 23","mn":"ADBE Vector Shape - Group","hd":false},{"ind":23,"ty":"sh","ix":24,"ks":{"a":0,"k":{"i":[[0,0],[0,0],[0,0],[0,0]],"o":[[0,0],[0,0],[0,0],[0,0]],"v":[[180.173,99.836],[151.499,99.836],[151.499,103.326],[180.173,103.326]],"c":true},"ix":2},"nm":"Tracciato 24","mn":"ADBE Vector Shape - Group","hd":false},{"ind":24,"ty":"sh","ix":25,"ks":{"a":0,"k":{"i":[[0,0],[0,0],[0,0],[0,0],[0,0],[0,0],[0,0],[0,0],[0,0],[0,0],[0,0],[0,0],[0,0],[0,0],[0,0],[0,0],[0,0],[0,0],[0,0],[0,0],[0,0],[0,0],[0,0],[0,0],[0,0]],"o":[[0,0],[0,0],[0,0],[0,0],[0,0],[0,0],[0,0],[0,0],[0,0],[0,0],[0,0],[0,0],[0,0],[0,0],[0,0],[0,0],[0,0],[0,0],[0,0],[0,0],[0,0],[0,0],[0,0],[0,0],[0,0]],"v":[[178.669,93.945],[181.81,93.945],[181.81,99.836],[181.81,103.326],[195.664,103.326],[195.664,40.529],[195.664,-57.312],[86.089,-57.312],[86.089,103.326],[97.074,103.326],[97.074,99.836],[97.074,93.945],[100.303,93.945],[100.303,60.091],[125.969,60.091],[125.969,93.945],[129.02,93.945],[129.02,99.836],[129.02,103.326],[149.863,103.326],[149.863,99.836],[149.863,93.945],[153.004,93.945],[153.004,60.109],[178.669,60.109]],"c":true},"ix":2},"nm":"Tracciato 25","mn":"ADBE Vector Shape - Group","hd":false},{"ind":25,"ty":"sh","ix":26,"ks":{"a":0,"k":{"i":[[0,0],[0,0],[2.883,0],[0,-2.881],[0,0]],"o":[[0,0],[0,-2.881],[-2.883,0],[0,0],[0,0]],"v":[[107.582,-30.956],[107.582,-36.703],[102.354,-41.927],[97.125,-36.703],[97.125,-30.956]],"c":true},"ix":2},"nm":"Tracciato 26","mn":"ADBE Vector Shape - Group","hd":false},{"ind":26,"ty":"sh","ix":27,"ks":{"a":0,"k":{"i":[[0,0],[0,0],[0,0],[0,0]],"o":[[0,0],[0,0],[0,0],[0,0]],"v":[[107.582,-29.321],[97.125,-29.321],[97.125,-17.713],[107.582,-17.713]],"c":true},"ix":2},"nm":"Tracciato 27","mn":"ADBE Vector Shape - Group","hd":false},{"ind":27,"ty":"sh","ix":28,"ks":{"a":0,"k":{"i":[[0,0],[0,0],[2.883,0],[0,-2.881],[0,0]],"o":[[0,0],[0,-2.881],[-2.878,0],[0,0],[0,0]],"v":[[129.734,-30.956],[129.734,-36.703],[124.505,-41.927],[119.281,-36.703],[119.281,-30.956]],"c":true},"ix":2},"nm":"Tracciato 28","mn":"ADBE Vector Shape - Group","hd":false},{"ind":28,"ty":"sh","ix":29,"ks":{"a":0,"k":{"i":[[0,0],[0,0],[0,0],[0,0]],"o":[[0,0],[0,0],[0,0],[0,0]],"v":[[129.734,-29.321],[119.283,-29.321],[119.283,-17.713],[129.734,-17.713]],"c":true},"ix":2},"nm":"Tracciato 29","mn":"ADBE Vector Shape - Group","hd":false},{"ind":29,"ty":"sh","ix":30,"ks":{"a":0,"k":{"i":[[0,0],[0,0],[2.883,0],[0,-2.881],[0,0]],"o":[[0,0],[0,-2.881],[-2.884,0],[0,0],[0,0]],"v":[[161.036,-30.956],[161.036,-36.703],[155.807,-41.927],[150.583,-36.703],[150.583,-30.956]],"c":true},"ix":2},"nm":"Tracciato 30","mn":"ADBE Vector Shape - Group","hd":false},{"ind":30,"ty":"sh","ix":31,"ks":{"a":0,"k":{"i":[[0,0],[0,0],[0,0],[0,0]],"o":[[0,0],[0,0],[0,0],[0,0]],"v":[[161.036,-29.321],[150.583,-29.321],[150.583,-17.713],[161.036,-17.713]],"c":true},"ix":2},"nm":"Tracciato 31","mn":"ADBE Vector Shape - Group","hd":false},{"ind":31,"ty":"sh","ix":32,"ks":{"a":0,"k":{"i":[[0,0],[0,0],[2.879,0],[0,-2.881],[0,0]],"o":[[0,0],[0,-2.881],[-2.883,0],[0,0],[0,0]],"v":[[183.189,-30.956],[183.189,-36.703],[177.964,-41.927],[172.736,-36.703],[172.736,-30.956]],"c":true},"ix":2},"nm":"Tracciato 32","mn":"ADBE Vector Shape - Group","hd":false},{"ind":32,"ty":"sh","ix":33,"ks":{"a":0,"k":{"i":[[0,0],[0,0],[0,0],[0,0]],"o":[[0,0],[0,0],[0,0],[0,0]],"v":[[183.189,-29.321],[172.736,-29.321],[172.736,-17.713],[183.189,-17.713]],"c":true},"ix":2},"nm":"Tracciato 33","mn":"ADBE Vector Shape - Group","hd":false},{"ind":33,"ty":"sh","ix":34,"ks":{"a":0,"k":{"i":[[0,0],[0,0],[0,0],[0,0]],"o":[[0,0],[0,0],[0,0],[0,0]],"v":[[130.207,-4.563],[96.826,-4.563],[96.826,9.058],[130.207,9.058]],"c":true},"ix":2},"nm":"Tracciato 34","mn":"ADBE Vector Shape - Group","hd":false},{"ind":34,"ty":"sh","ix":35,"ks":{"a":0,"k":{"i":[[0,0]],"o":[[0,0]],"v":[[130.207,9.059]],"c":false},"ix":2},"nm":"Tracciato 35","mn":"ADBE Vector Shape - Group","hd":false},{"ind":35,"ty":"sh","ix":36,"ks":{"a":0,"k":{"i":[[0,0],[0,0],[0,0],[0,0]],"o":[[0,0],[0,0],[0,0],[0,0]],"v":[[112.699,10.693],[96.826,10.693],[96.826,24.876],[112.699,24.876]],"c":true},"ix":2},"nm":"Tracciato 36","mn":"ADBE Vector Shape - Group","hd":false},{"ind":36,"ty":"sh","ix":37,"ks":{"a":0,"k":{"i":[[0,0]],"o":[[0,0]],"v":[[112.699,24.876]],"c":false},"ix":2},"nm":"Tracciato 37","mn":"ADBE Vector Shape - Group","hd":false},{"ind":37,"ty":"sh","ix":38,"ks":{"a":0,"k":{"i":[[0,0],[0,0],[0,0],[0,0]],"o":[[0,0],[0,0],[0,0],[0,0]],"v":[[114.333,24.876],[130.206,24.876],[130.206,10.693],[114.333,10.693]],"c":true},"ix":2},"nm":"Tracciato 38","mn":"ADBE Vector Shape - Group","hd":false},{"ind":38,"ty":"sh","ix":39,"ks":{"a":0,"k":{"i":[[0,0],[0,0],[0,0],[0,0]],"o":[[0,0],[0,0],[0,0],[0,0]],"v":[[183.665,-4.563],[150.279,-4.563],[150.279,9.058],[183.665,9.058]],"c":true},"ix":2},"nm":"Tracciato 39","mn":"ADBE Vector Shape - Group","hd":false},{"ind":39,"ty":"sh","ix":40,"ks":{"a":0,"k":{"i":[[0,0]],"o":[[0,0]],"v":[[183.665,9.059]],"c":false},"ix":2},"nm":"Tracciato 40","mn":"ADBE Vector Shape - Group","hd":false},{"ind":40,"ty":"sh","ix":41,"ks":{"a":0,"k":{"i":[[0,0],[0,0],[0,0],[0,0]],"o":[[0,0],[0,0],[0,0],[0,0]],"v":[[166.307,10.693],[150.28,10.693],[150.28,24.876],[166.307,24.876]],"c":true},"ix":2},"nm":"Tracciato 41","mn":"ADBE Vector Shape - Group","hd":false},{"ind":41,"ty":"sh","ix":42,"ks":{"a":0,"k":{"i":[[0,0]],"o":[[0,0]],"v":[[166.307,24.876]],"c":false},"ix":2},"nm":"Tracciato 42","mn":"ADBE Vector Shape - Group","hd":false},{"ind":42,"ty":"sh","ix":43,"ks":{"a":0,"k":{"i":[[0,0],[0,0],[0,0],[0,0]],"o":[[0,0],[0,0],[0,0],[0,0]],"v":[[167.941,24.876],[183.665,24.876],[183.665,10.693],[167.941,10.693]],"c":true},"ix":2},"nm":"Tracciato 43","mn":"ADBE Vector Shape - Group","hd":false},{"ind":43,"ty":"sh","ix":44,"ks":{"a":0,"k":{"i":[[0,0],[0,0],[0,0],[0,0],[0,0],[0,0],[0,0],[0,0],[0,0],[0,0],[0,0],[0,0],[0,0],[0,0],[0,0],[0,0],[0,0],[0,0],[0,0],[0,0],[0,0],[0,0],[0,0],[0,0]],"o":[[0,0],[0,0],[0,0],[0,0],[0,0],[0,0],[0,0],[0,0],[0,0],[0,0],[0,0],[0,0],[0,0],[0,0],[0,0],[0,0],[0,0],[0,0],[0,0],[0,0],[0,0],[0,0],[0,0],[0,0]],"v":[[132.181,37.164],[132.181,40.219],[130.544,40.219],[130.544,37.164],[121.768,37.164],[121.768,40.219],[120.133,40.219],[120.133,37.164],[111.355,37.164],[111.355,40.219],[109.721,40.219],[109.721,37.164],[102.02,37.164],[102.02,40.219],[100.384,40.219],[100.384,37.164],[93.768,37.164],[93.768,40.219],[92.133,40.219],[92.133,37.164],[91.327,37.164],[91.327,31.907],[135.706,31.907],[135.706,37.164]],"c":true},"ix":2},"nm":"Tracciato 44","mn":"ADBE Vector Shape - Group","hd":false},{"ind":44,"ty":"sh","ix":45,"ks":{"a":0,"k":{"i":[[0,0],[0,0],[0,0],[0,0],[0,0],[0,0],[0,0],[0,0],[0,0],[0,0],[0,0],[0,0],[0,0],[0,0],[0,0],[0,0],[0,0],[0,0],[0,0],[0,0],[0,0],[0,0],[0,0],[0,0]],"o":[[0,0],[0,0],[0,0],[0,0],[0,0],[0,0],[0,0],[0,0],[0,0],[0,0],[0,0],[0,0],[0,0],[0,0],[0,0],[0,0],[0,0],[0,0],[0,0],[0,0],[0,0],[0,0],[0,0],[0,0]],"v":[[148.133,37.164],[144.846,37.164],[144.846,31.907],[189.225,31.907],[189.225,37.164],[187.768,37.164],[187.768,40.219],[186.133,40.219],[186.133,37.164],[177.768,37.164],[177.768,40.219],[176.133,40.219],[176.133,37.164],[167.768,37.164],[167.768,40.219],[166.133,40.219],[166.133,37.164],[157.768,37.164],[157.768,40.219],[156.133,40.219],[156.133,37.164],[149.768,37.164],[149.768,40.219],[148.133,40.219]],"c":true},"ix":2},"nm":"Tracciato 45","mn":"ADBE Vector Shape - Group","hd":false},{"ind":45,"ty":"sh","ix":46,"ks":{"a":0,"k":{"i":[[0,0],[0,0],[0,0],[0,0],[0,0],[0,0],[0,0],[0,0]],"o":[[0,0],[0,0],[0,0],[0,0],[0,0],[0,0],[0,0],[0,0]],"v":[[157.139,93.945],[157.139,64.494],[174.534,64.494],[174.534,93.945],[177.034,93.945],[177.034,61.744],[154.639,61.744],[154.639,93.945]],"c":true},"ix":2},"nm":"Tracciato 46","mn":"ADBE Vector Shape - Group","hd":false},{"ind":46,"ty":"sh","ix":47,"ks":{"a":0,"k":{"i":[[0,0],[0,0],[0,0],[0,0],[0,0],[0,0],[0,0],[0,0]],"o":[[0,0],[0,0],[0,0],[0,0],[0,0],[0,0],[0,0],[0,0]],"v":[[157.139,95.58],[153.004,95.58],[151.499,95.58],[151.499,98.201],[180.173,98.201],[180.173,95.58],[178.669,95.58],[174.534,95.58]],"c":true},"ix":2},"nm":"Tracciato 47","mn":"ADBE Vector Shape - Group","hd":false},{"ty":"fl","c":{"a":0,"k":[1,1,1,1],"ix":4},"o":{"a":0,"k":100,"ix":5},"r":1,"nm":"Riempimento 1","mn":"ADBE Vector Graphic - Fill","hd":false},{"ty":"tr","p":{"a":0,"k":[221.867,104.961],"ix":2},"a":{"a":0,"k":[0,0],"ix":1},"s":{"a":0,"k":[100,100],"ix":3},"r":{"a":0,"k":0,"ix":6},"o":{"a":0,"k":100,"ix":7},"sk":{"a":0,"k":0,"ix":4},"sa":{"a":0,"k":0,"ix":5},"nm":"Trasformazione"}],"nm":"Gruppo 22","np":48,"cix":2,"ix":18,"mn":"ADBE Vector Group","hd":false},{"ty":"gr","it":[{"ind":0,"ty":"sh","ix":1,"ks":{"a":0,"k":{"i":[[-8.584,0],[-2.691,2.005],[-3.361,0],[0,8.65],[2.369,2.824],[2.13,0.959],[7.975,0],[0.807,-7.919],[0,-6.301]],"o":[[3.36,0],[2.69,2.005],[8.583,0],[0,-3.704],[-1.512,-1.802],[-0.773,-7.959],[-7.939,0],[-5.724,2.487],[0,8.65]],"v":[[-9.235,22.083],[0,19.021],[9.235,22.083],[24.802,6.396],[21.128,-3.727],[15.57,-7.938],[0.082,-22.083],[-15.399,-8.01],[-24.802,6.396]],"c":true},"ix":2},"nm":"Tracciato 1","mn":"ADBE Vector Shape - Group","hd":false},{"ind":1,"ty":"sh","ix":2,"ks":{"a":0,"k":{"i":[[0,0],[0,0],[3.256,0],[0,8.047],[-5.486,2.247],[0,0],[0,0],[-7.485,0],[-0.571,-7.552],[0,0],[0,0],[-1.473,-1.756],[0,-3.444],[7.981,0],[2.566,2.021]],"o":[[0,0],[-2.565,2.021],[-7.981,0],[0,-5.966],[0,0],[0,0],[0.601,-7.516],[7.519,0],[0,0],[0,0],[2.094,0.888],[2.203,2.626],[0,8.047],[-3.257,0],[0,0]],"v":[[0,17.638],[-0.339,17.904],[-9.238,20.993],[-23.712,6.4],[-14.681,-7.121],[-14.367,-7.249],[-14.34,-7.589],[0.082,-20.992],[14.509,-7.524],[14.535,-7.188],[14.844,-7.056],[20.296,-3.014],[23.712,6.4],[9.238,20.993],[0.338,17.904]],"c":true},"ix":2},"nm":"Tracciato 2","mn":"ADBE Vector Shape - Group","hd":false},{"ty":"st","c":{"a":0,"k":[1,1,1,1],"ix":3},"o":{"a":0,"k":100,"ix":4},"w":{"a":0,"k":1.104,"ix":5},"lc":1,"lj":1,"ml":4,"nm":"Traccia 1","mn":"ADBE Vector Graphic - Stroke","hd":false},{"ty":"fl","c":{"a":0,"k":[1,1,1,1],"ix":4},"o":{"a":0,"k":100,"ix":5},"r":1,"nm":"Riempimento 1","mn":"ADBE Vector Graphic - Fill","hd":false},{"ty":"tr","p":{"a":0,"k":[166.198,158.083],"ix":2},"a":{"a":0,"k":[0,0],"ix":1},"s":{"a":0,"k":[100,100],"ix":3},"r":{"a":0,"k":0,"ix":6},"o":{"a":0,"k":100,"ix":7},"sk":{"a":0,"k":0,"ix":4},"sa":{"a":0,"k":0,"ix":5},"nm":"Trasformazione"}],"nm":"Gruppo 23","np":4,"cix":2,"ix":19,"mn":"ADBE Vector Group","hd":false},{"ty":"gr","it":[{"ind":0,"ty":"sh","ix":1,"ks":{"a":0,"k":{"i":[[0,0],[0,0],[0,0],[0,0]],"o":[[0,0],[0,0],[0,0],[0,0]],"v":[[-4.429,5.113],[-5.68,3.672],[4.43,-5.113],[5.68,-3.672]],"c":true},"ix":2},"nm":"Tracciato 1","mn":"ADBE Vector Shape - Group","hd":false},{"ty":"fl","c":{"a":0,"k":[1,1,1,1],"ix":4},"o":{"a":0,"k":100,"ix":5},"r":1,"nm":"Riempimento 1","mn":"ADBE Vector Graphic - Fill","hd":false},{"ty":"tr","p":{"a":0,"k":[170.68,166.113],"ix":2},"a":{"a":0,"k":[0,0],"ix":1},"s":{"a":0,"k":[100,100],"ix":3},"r":{"a":0,"k":0,"ix":6},"o":{"a":0,"k":100,"ix":7},"sk":{"a":0,"k":0,"ix":4},"sa":{"a":0,"k":0,"ix":5},"nm":"Trasformazione"}],"nm":"Gruppo 24","np":2,"cix":2,"ix":20,"mn":"ADBE Vector Group","hd":false},{"ty":"gr","it":[{"ind":0,"ty":"sh","ix":1,"ks":{"a":0,"k":{"i":[[0,0],[0,0],[0,0],[0,0]],"o":[[0,0],[0,0],[0,0],[0,0]],"v":[[6.038,8.179],[-7.087,-7.248],[-6.038,-8.179],[7.087,7.246]],"c":true},"ix":2},"nm":"Tracciato 1","mn":"ADBE Vector Shape - Group","hd":false},{"ty":"fl","c":{"a":0,"k":[1,1,1,1],"ix":4},"o":{"a":0,"k":100,"ix":5},"r":1,"nm":"Riempimento 1","mn":"ADBE Vector Graphic - Fill","hd":false},{"ty":"tr","p":{"a":0,"k":[159.086,176.179],"ix":2},"a":{"a":0,"k":[0,0],"ix":1},"s":{"a":0,"k":[100,100],"ix":3},"r":{"a":0,"k":0,"ix":6},"o":{"a":0,"k":100,"ix":7},"sk":{"a":0,"k":0,"ix":4},"sa":{"a":0,"k":0,"ix":5},"nm":"Trasformazione"}],"nm":"Gruppo 25","np":2,"cix":2,"ix":21,"mn":"ADBE Vector Group","hd":false},{"ty":"gr","it":[{"ind":0,"ty":"sh","ix":1,"ks":{"a":0,"k":{"i":[[0,0],[0,0],[0,0],[0,0]],"o":[[0,0],[0,0],[0,0],[0,0]],"v":[[0.954,21.5],[-0.954,21.5],[-0.954,-21.5],[0.954,-21.5]],"c":true},"ix":2},"nm":"Tracciato 1","mn":"ADBE Vector Shape - Group","hd":false},{"ty":"fl","c":{"a":0,"k":[1,1,1,1],"ix":4},"o":{"a":0,"k":100,"ix":5},"r":1,"nm":"Riempimento 1","mn":"ADBE Vector Graphic - Fill","hd":false},{"ty":"tr","p":{"a":0,"k":[165.954,187.5],"ix":2},"a":{"a":0,"k":[0,0],"ix":1},"s":{"a":0,"k":[100,100],"ix":3},"r":{"a":0,"k":0,"ix":6},"o":{"a":0,"k":100,"ix":7},"sk":{"a":0,"k":0,"ix":4},"sa":{"a":0,"k":0,"ix":5},"nm":"Trasformazione"}],"nm":"Gruppo 26","np":2,"cix":2,"ix":22,"mn":"ADBE Vector Group","hd":false},{"ty":"gr","it":[{"ind":0,"ty":"sh","ix":1,"ks":{"a":0,"k":{"i":[[-8.584,0],[-2.691,2.005],[-3.361,0],[0,8.65],[2.369,2.824],[2.129,0.959],[7.975,0],[0.807,-7.919],[0,-6.301]],"o":[[3.36,0],[2.69,2.005],[8.584,0],[0,-3.704],[-1.512,-1.802],[-0.774,-7.959],[-7.939,0],[-5.724,2.487],[0,8.65]],"v":[[-9.235,22.083],[0,19.021],[9.235,22.083],[24.802,6.396],[21.128,-3.727],[15.571,-7.938],[0.082,-22.083],[-15.399,-8.01],[-24.802,6.396]],"c":true},"ix":2},"nm":"Tracciato 1","mn":"ADBE Vector Shape - Group","hd":false},{"ind":1,"ty":"sh","ix":2,"ks":{"a":0,"k":{"i":[[0,0],[0,0],[3.256,0],[0,8.047],[-5.486,2.247],[0,0],[0,0],[-7.485,0],[-0.571,-7.552],[0,0],[0,0],[-1.472,-1.756],[0,-3.444],[7.981,0],[2.566,2.021]],"o":[[0,0],[-2.565,2.021],[-7.981,0],[0,-5.966],[0,0],[0,0],[0.601,-7.516],[7.519,0],[0,0],[0,0],[2.094,0.888],[2.202,2.626],[0,8.047],[-3.256,0],[0,0]],"v":[[0,17.638],[-0.339,17.904],[-9.238,20.993],[-23.712,6.4],[-14.681,-7.121],[-14.367,-7.249],[-14.34,-7.589],[0.082,-20.992],[14.509,-7.524],[14.535,-7.188],[14.844,-7.057],[20.296,-3.014],[23.712,6.4],[9.238,20.993],[0.338,17.904]],"c":true},"ix":2},"nm":"Tracciato 2","mn":"ADBE Vector Shape - Group","hd":false},{"ty":"st","c":{"a":0,"k":[1,1,1,1],"ix":3},"o":{"a":0,"k":100,"ix":4},"w":{"a":0,"k":1.104,"ix":5},"lc":1,"lj":1,"ml":4,"nm":"Traccia 1","mn":"ADBE Vector Graphic - Stroke","hd":false},{"ty":"fl","c":{"a":0,"k":[1,1,1,1],"ix":4},"o":{"a":0,"k":100,"ix":5},"r":1,"nm":"Riempimento 1","mn":"ADBE Vector Graphic - Fill","hd":false},{"ty":"tr","p":{"a":0,"k":[215.198,134.083],"ix":2},"a":{"a":0,"k":[0,0],"ix":1},"s":{"a":0,"k":[100,100],"ix":3},"r":{"a":0,"k":0,"ix":6},"o":{"a":0,"k":100,"ix":7},"sk":{"a":0,"k":0,"ix":4},"sa":{"a":0,"k":0,"ix":5},"nm":"Trasformazione"}],"nm":"Gruppo 27","np":4,"cix":2,"ix":23,"mn":"ADBE Vector Group","hd":false},{"ty":"gr","it":[{"ind":0,"ty":"sh","ix":1,"ks":{"a":0,"k":{"i":[[0,0],[0,0],[0,0],[0,0]],"o":[[0,0],[0,0],[0,0],[0,0]],"v":[[-4.429,5.113],[-5.68,3.673],[4.43,-5.112],[5.68,-3.671]],"c":true},"ix":2},"nm":"Tracciato 1","mn":"ADBE Vector Shape - Group","hd":false},{"ty":"fl","c":{"a":0,"k":[1,1,1,1],"ix":4},"o":{"a":0,"k":100,"ix":5},"r":1,"nm":"Riempimento 1","mn":"ADBE Vector Graphic - Fill","hd":false},{"ty":"tr","p":{"a":0,"k":[219.955,143.198],"ix":2},"a":{"a":0,"k":[0,0],"ix":1},"s":{"a":0,"k":[100,100],"ix":3},"r":{"a":0,"k":0,"ix":6},"o":{"a":0,"k":100,"ix":7},"sk":{"a":0,"k":0,"ix":4},"sa":{"a":0,"k":0,"ix":5},"nm":"Trasformazione"}],"nm":"Gruppo 28","np":2,"cix":2,"ix":24,"mn":"ADBE Vector Group","hd":false},{"ty":"gr","it":[{"ind":0,"ty":"sh","ix":1,"ks":{"a":0,"k":{"i":[[0,0],[0,0],[0,0],[0,0]],"o":[[0,0],[0,0],[0,0],[0,0]],"v":[[6.038,8.178],[-7.087,-7.247],[-6.038,-8.178],[7.087,7.247]],"c":true},"ix":2},"nm":"Tracciato 1","mn":"ADBE Vector Shape - Group","hd":false},{"ty":"fl","c":{"a":0,"k":[1,1,1,1],"ix":4},"o":{"a":0,"k":100,"ix":5},"r":1,"nm":"Riempimento 1","mn":"ADBE Vector Graphic - Fill","hd":false},{"ty":"tr","p":{"a":0,"k":[208.722,155.253],"ix":2},"a":{"a":0,"k":[0,0],"ix":1},"s":{"a":0,"k":[100,100],"ix":3},"r":{"a":0,"k":0,"ix":6},"o":{"a":0,"k":100,"ix":7},"sk":{"a":0,"k":0,"ix":4},"sa":{"a":0,"k":0,"ix":5},"nm":"Trasformazione"}],"nm":"Gruppo 29","np":2,"cix":2,"ix":25,"mn":"ADBE Vector Group","hd":false},{"ty":"gr","it":[{"ind":0,"ty":"sh","ix":1,"ks":{"a":0,"k":{"i":[[0,0],[0,0],[0,0],[0,0]],"o":[[0,0],[0,0],[0,0],[0,0]],"v":[[0.954,34.5],[-0.954,34.5],[-0.954,-34.5],[0.954,-34.5]],"c":true},"ix":2},"nm":"Tracciato 1","mn":"ADBE Vector Shape - Group","hd":false},{"ty":"fl","c":{"a":0,"k":[1,1,1,1],"ix":4},"o":{"a":0,"k":100,"ix":5},"r":1,"nm":"Riempimento 1","mn":"ADBE Vector Graphic - Fill","hd":false},{"ty":"tr","p":{"a":0,"k":[215.354,175.06],"ix":2},"a":{"a":0,"k":[0,0],"ix":1},"s":{"a":0,"k":[100,100],"ix":3},"r":{"a":0,"k":0,"ix":6},"o":{"a":0,"k":100,"ix":7},"sk":{"a":0,"k":0,"ix":4},"sa":{"a":0,"k":0,"ix":5},"nm":"Trasformazione"}],"nm":"Gruppo 30","np":2,"cix":2,"ix":26,"mn":"ADBE Vector Group","hd":false},{"ty":"gr","it":[{"ind":0,"ty":"sh","ix":1,"ks":{"a":0,"k":{"i":[[-8.584,0],[-2.689,2.005],[-3.361,0],[0,8.65],[2.369,2.824],[2.129,0.959],[7.975,0],[0.807,-7.919],[0,-6.301]],"o":[[3.36,0],[2.691,2.005],[8.584,0],[0,-3.704],[-1.512,-1.802],[-0.774,-7.959],[-7.939,0],[-5.724,2.487],[0,8.65]],"v":[[-9.235,22.083],[-0.001,19.021],[9.235,22.083],[24.802,6.396],[21.128,-3.727],[15.571,-7.938],[0.082,-22.083],[-15.399,-8.01],[-24.802,6.396]],"c":true},"ix":2},"nm":"Tracciato 1","mn":"ADBE Vector Shape - Group","hd":false},{"ind":1,"ty":"sh","ix":2,"ks":{"a":0,"k":{"i":[[0,0],[0,0],[3.256,0],[0,8.047],[-5.487,2.247],[0,0],[0,0],[-7.486,0],[-0.571,-7.552],[0,0],[0,0],[-1.472,-1.756],[0,-3.444],[7.981,0],[2.566,2.021]],"o":[[0,0],[-2.566,2.021],[-7.981,0],[0,-5.966],[0,0],[0,0],[0.601,-7.516],[7.519,0],[0,0],[0,0],[2.094,0.888],[2.202,2.626],[0,8.047],[-3.256,0],[0,0]],"v":[[-0.001,17.638],[-0.339,17.904],[-9.238,20.993],[-23.713,6.4],[-14.681,-7.121],[-14.367,-7.249],[-14.34,-7.589],[0.082,-20.992],[14.509,-7.524],[14.535,-7.188],[14.844,-7.056],[20.296,-3.014],[23.712,6.4],[9.238,20.993],[0.338,17.904]],"c":true},"ix":2},"nm":"Tracciato 2","mn":"ADBE Vector Shape - Group","hd":false},{"ty":"st","c":{"a":0,"k":[1,1,1,1],"ix":3},"o":{"a":0,"k":100,"ix":4},"w":{"a":0,"k":1.104,"ix":5},"lc":1,"lj":1,"ml":4,"nm":"Traccia 1","mn":"ADBE Vector Graphic - Stroke","hd":false},{"ty":"fl","c":{"a":0,"k":[1,1,1,1],"ix":4},"o":{"a":0,"k":100,"ix":5},"r":1,"nm":"Riempimento 1","mn":"ADBE Vector Graphic - Fill","hd":false},{"ty":"tr","p":{"a":0,"k":[265.198,154.083],"ix":2},"a":{"a":0,"k":[0,0],"ix":1},"s":{"a":0,"k":[100,100],"ix":3},"r":{"a":0,"k":0,"ix":6},"o":{"a":0,"k":100,"ix":7},"sk":{"a":0,"k":0,"ix":4},"sa":{"a":0,"k":0,"ix":5},"nm":"Trasformazione"}],"nm":"Gruppo 31","np":4,"cix":2,"ix":27,"mn":"ADBE Vector Group","hd":false},{"ty":"gr","it":[{"ind":0,"ty":"sh","ix":1,"ks":{"a":0,"k":{"i":[[0,0],[0,0],[0,0],[0,0]],"o":[[0,0],[0,0],[0,0],[0,0]],"v":[[4.43,5.113],[5.68,3.672],[-4.43,-5.113],[-5.68,-3.672]],"c":true},"ix":2},"nm":"Tracciato 1","mn":"ADBE Vector Shape - Group","hd":false},{"ty":"fl","c":{"a":0,"k":[1,1,1,1],"ix":4},"o":{"a":0,"k":100,"ix":5},"r":1,"nm":"Riempimento 1","mn":"ADBE Vector Graphic - Fill","hd":false},{"ty":"tr","p":{"a":0,"k":[259.681,163.113],"ix":2},"a":{"a":0,"k":[0,0],"ix":1},"s":{"a":0,"k":[100,100],"ix":3},"r":{"a":0,"k":0,"ix":6},"o":{"a":0,"k":100,"ix":7},"sk":{"a":0,"k":0,"ix":4},"sa":{"a":0,"k":0,"ix":5},"nm":"Trasformazione"}],"nm":"Gruppo 32","np":2,"cix":2,"ix":28,"mn":"ADBE Vector Group","hd":false},{"ty":"gr","it":[{"ind":0,"ty":"sh","ix":1,"ks":{"a":0,"k":{"i":[[0,0],[0,0],[0,0],[0,0]],"o":[[0,0],[0,0],[0,0],[0,0]],"v":[[-6.038,8.178],[7.086,-7.247],[6.037,-8.178],[-7.087,7.247]],"c":true},"ix":2},"nm":"Tracciato 1","mn":"ADBE Vector Shape - Group","hd":false},{"ty":"fl","c":{"a":0,"k":[1,1,1,1],"ix":4},"o":{"a":0,"k":100,"ix":5},"r":1,"nm":"Riempimento 1","mn":"ADBE Vector Graphic - Fill","hd":false},{"ty":"tr","p":{"a":0,"k":[271.105,175.253],"ix":2},"a":{"a":0,"k":[0,0],"ix":1},"s":{"a":0,"k":[100,100],"ix":3},"r":{"a":0,"k":0,"ix":6},"o":{"a":0,"k":100,"ix":7},"sk":{"a":0,"k":0,"ix":4},"sa":{"a":0,"k":0,"ix":5},"nm":"Trasformazione"}],"nm":"Gruppo 33","np":2,"cix":2,"ix":29,"mn":"ADBE Vector Group","hd":false},{"ty":"gr","it":[{"ind":0,"ty":"sh","ix":1,"ks":{"a":0,"k":{"i":[[0,0],[0,0],[0,0],[0,0]],"o":[[0,0],[0,0],[0,0],[0,0]],"v":[[-0.954,24.5],[0.953,24.5],[0.953,-24.501],[-0.954,-24.501]],"c":true},"ix":2},"nm":"Tracciato 1","mn":"ADBE Vector Shape - Group","hd":false},{"ty":"fl","c":{"a":0,"k":[1,1,1,1],"ix":4},"o":{"a":0,"k":100,"ix":5},"r":1,"nm":"Riempimento 1","mn":"ADBE Vector Graphic - Fill","hd":false},{"ty":"tr","p":{"a":0,"k":[264.739,185.06],"ix":2},"a":{"a":0,"k":[0,0],"ix":1},"s":{"a":0,"k":[100,100],"ix":3},"r":{"a":0,"k":0,"ix":6},"o":{"a":0,"k":100,"ix":7},"sk":{"a":0,"k":0,"ix":4},"sa":{"a":0,"k":0,"ix":5},"nm":"Trasformazione"}],"nm":"Gruppo 34","np":2,"cix":2,"ix":30,"mn":"ADBE Vector Group","hd":false},{"ty":"gr","it":[{"ind":0,"ty":"sh","ix":1,"ks":{"a":0,"k":{"i":[[0,0],[0,0],[0,0],[0,0]],"o":[[0,0],[0,0],[0,0],[0,0]],"v":[[-178,0.834],[178,0.834],[178,-0.834],[-178,-0.834]],"c":true},"ix":2},"nm":"Tracciato 1","mn":"ADBE Vector Shape - Group","hd":false},{"ty":"fl","c":{"a":0,"k":[1,1,1,1],"ix":4},"o":{"a":0,"k":100,"ix":5},"r":1,"nm":"Riempimento 1","mn":"ADBE Vector Graphic - Fill","hd":false},{"ty":"tr","p":{"a":0,"k":[221,208.979],"ix":2},"a":{"a":0,"k":[0,0],"ix":1},"s":{"a":0,"k":[100,100],"ix":3},"r":{"a":0,"k":0,"ix":6},"o":{"a":0,"k":100,"ix":7},"sk":{"a":0,"k":0,"ix":4},"sa":{"a":0,"k":0,"ix":5},"nm":"Trasformazione"}],"nm":"Gruppo 35","np":2,"cix":2,"ix":31,"mn":"ADBE Vector Group","hd":false}],"ip":0,"op":239.999979227274,"st":0,"bm":0}]}],"layers":[{"ddd":0,"ind":1,"ty":4,"nm":"sfondo contorni","td":1,"sr":1,"ks":{"o":{"a":0,"k":100,"ix":11},"r":{"a":0,"k":0,"ix":10},"p":{"a":0,"k":[260,260,0],"ix":2},"a":{"a":0,"k":[260,260,0],"ix":1},"s":{"a":0,"k":[100,100,100],"ix":6}},"ao":0,"shapes":[{"ty":"gr","it":[{"ind":0,"ty":"sh","ix":1,"ks":{"a":0,"k":{"i":[[8.969,0],[6.844,-6.843],[0,0],[0.031,-8.928],[0,0],[-6.811,-6.812],[0,0],[-8.928,-0.031],[0,0],[-6.813,6.814],[0,0],[-0.031,8.928],[0,0],[6.812,6.813],[0,0]],"o":[[-8.969,0],[0,0],[-6.811,6.813],[0,0],[0.031,8.928],[0,0],[6.813,6.814],[0,0],[8.929,-0.031],[0,0],[6.812,-6.812],[0,0],[-0.031,-8.929],[0,0],[-6.844,-6.843]],"v":[[0,-260],[-24.781,-249.735],[-249.738,-24.781],[-260,-0.12],[-260,0.121],[-249.738,24.781],[-24.781,249.733],[-0.12,260],[0.12,260],[24.782,249.733],[249.736,24.781],[260,0.121],[260,-0.119],[249.736,-24.781],[24.782,-249.735]],"c":true},"ix":2},"nm":"Tracciato 2","mn":"ADBE Vector Shape - Group","hd":false},{"ty":"fl","c":{"a":0,"k":[0.5,0.5,0.5,1],"ix":4},"o":{"a":0,"k":100,"ix":5},"r":1,"nm":"Riempimento 1","mn":"ADBE Vector Graphic - Fill","hd":false},{"ty":"tr","p":{"a":0,"k":[260,260],"ix":2},"a":{"a":0,"k":[0,0],"ix":1},"s":{"a":0,"k":[100,100],"ix":3},"r":{"a":0,"k":0,"ix":6},"o":{"a":0,"k":100,"ix":7},"sk":{"a":0,"k":0,"ix":4},"sa":{"a":0,"k":0,"ix":5},"nm":"Trasformazione"}],"nm":"Gruppo 1","np":2,"cix":2,"ix":1,"mn":"ADBE Vector Group","hd":false}],"ip":0,"op":239.999979227274,"st":0,"bm":0},{"ddd":0,"ind":2,"ty":0,"nm":"sfondo ecommerce","tt":1,"refId":"comp_0","sr":1,"ks":{"o":{"a":0,"k":100,"ix":11},"r":{"a":0,"k":0,"ix":10},"p":{"a":0,"k":[260,335,0],"ix":2},"a":{"a":0,"k":[375,667,0],"ix":1},"s":{"a":0,"k":[100,100,100],"ix":6}},"ao":0,"w":750,"h":1334,"ip":0,"op":239.999979227274,"st":0,"bm":0},{"ddd":0,"ind":3,"ty":4,"nm":"sfondo contorni 2","sr":1,"ks":{"o":{"a":0,"k":100,"ix":11},"r":{"a":0,"k":0,"ix":10},"p":{"a":0,"k":[260,260,0],"ix":2},"a":{"a":0,"k":[260,260,0],"ix":1},"s":{"a":0,"k":[100,100,100],"ix":6}},"ao":0,"shapes":[{"ty":"gr","it":[{"ind":0,"ty":"sh","ix":1,"ks":{"a":0,"k":{"i":[[8.969,0],[6.844,-6.843],[0,0],[0.031,-8.928],[0,0],[-6.811,-6.812],[0,0],[-8.928,-0.031],[0,0],[-6.813,6.814],[0,0],[-0.031,8.928],[0,0],[6.812,6.813],[0,0]],"o":[[-8.969,0],[0,0],[-6.811,6.813],[0,0],[0.031,8.928],[0,0],[6.813,6.814],[0,0],[8.929,-0.031],[0,0],[6.812,-6.812],[0,0],[-0.031,-8.929],[0,0],[-6.844,-6.843]],"v":[[0,-260],[-24.781,-249.735],[-249.738,-24.781],[-260,-0.12],[-260,0.121],[-249.738,24.781],[-24.781,249.733],[-0.12,260],[0.12,260],[24.782,249.733],[249.736,24.781],[260,0.121],[260,-0.119],[249.736,-24.781],[24.782,-249.735]],"c":true},"ix":2},"nm":"Tracciato 2","mn":"ADBE Vector Shape - Group","hd":false},{"ty":"gf","o":{"a":0,"k":8,"ix":10},"r":1,"g":{"p":3,"k":{"a":0,"k":[0,1,1,1,0.515,0.5,0.5,0.5,1,0,0,0],"ix":9}},"s":{"a":0,"k":[0.941,261.406],"ix":5},"e":{"a":0,"k":[-1.297,-259.602],"ix":6},"t":1,"nm":"Riempimento sfumatura 1","mn":"ADBE Vector Graphic - G-Fill","hd":false},{"ty":"tr","p":{"a":0,"k":[260,260],"ix":2},"a":{"a":0,"k":[0,0],"ix":1},"s":{"a":0,"k":[100,100],"ix":3},"r":{"a":0,"k":0,"ix":6},"o":{"a":0,"k":100,"ix":7},"sk":{"a":0,"k":0,"ix":4},"sa":{"a":0,"k":0,"ix":5},"nm":"Trasformazione"}],"nm":"Gruppo 1","np":2,"cix":2,"ix":1,"mn":"ADBE Vector Group","hd":false}],"ip":0,"op":239.999979227274,"st":0,"bm":0}],"markers":[]}