{
	"version": "24",
	"environment": "PROD",
	"subscribedBanks": [
		{
			"bankUUID": "57229864569482651462",
			"label": "Banca di Asti",
			"logo_search": "https://app.vaservices.eu/imagestoreBCMPay/banks/logo_search_asti.png",
			"logo_home": "https://app.vaservices.eu/imagestoreBCMPay/banks/logo_home_asti.png",
			"link_store_ios": "",
			"link_store_android": "",
			"tags": "BANCA CASSA RISPARMIO ASTI",
			"support_email": "",
			"support_phone": "800235270",
			"support_phone_foreign": "",
			"support_opening_time": ""
		},
		{
			"bankUUID": "04208252176458007619",
			"label": "Gruppo Banca Carige",
			"logo_search": "https://app.vaservices.eu/imagestoreBCMPay/banks/logo_search_carige.png",
			"logo_home": "https://app.vaservices.eu/imagestoreBCMPay/banks/logo_home_carige.png",
			"link_store_ios": "",
			"link_store_android": "",
			"tags": "BANCA CARIGE",
			"support_email": "",
			"support_phone": "800 77 88 77",
			"support_phone_foreign": "+39 010 57 57 036",
			"support_opening_time": ""
		},
		{
			"bankUUID": "74892094723412118677",
			"label": "Banca Cesare Ponti",
			"logo_search": "https://app.vaservices.eu/imagestoreBCMPay/banks/logo_search_ponti.png",
			"logo_home": "https://app.vaservices.eu/imagestoreBCMPay/banks/logo_home_ponti.png",
			"link_store_ios": "",
			"link_store_android": "",
			"tags": "BANCA CESARE PONTI",
			"support_email": "",
			"support_phone": "",
			"support_phone_foreign": "",
			"support_opening_time": ""
		},
		{
			"bankUUID": "59512305802362962174",
			"label": "Banca del Monte di Lucca",
			"logo_search": "https://app.vaservices.eu/imagestoreBCMPay/banks/logo_search_banca_del_monte_di_lucca.png",
			"logo_home": "https://app.vaservices.eu/imagestoreBCMPay/banks/logo_home_banca_del_monte_di_lucca.png",
			"link_store_ios": "",
			"link_store_android": "",
			"tags": "MONTE LUCCA BANCA",
			"support_email": "",
			"support_phone": "",
			"support_phone_foreign": "",
			"support_opening_time": ""
		},
		{
			"bankUUID": "00060290686090758689",
			"label": "Banca Mediolanum",
			"logo_search": "https://app.vaservices.eu/imagestoreBCMPay/banks/logo_search_mediolanum.png",
			"logo_home": "https://app.vaservices.eu/imagestoreBCMPay/banks/logo_home_mediolanum.png",
			"link_store_ios": "",
			"link_store_android": "",
			"tags": "MEDIOLANUM BANCA",
			"support_email": "mobilelab@mediolanum.it",
			"support_phone": "800.107.107",
			"support_phone_foreign": "",
			"support_opening_time": "Dal Lunedi' al Venerdi' 8:00 - 22:00, Sabato 9:00 - 18:00"
		},
		{
			"bankUUID": "39680500318413927631",
			"label": "Banca Popolare di Bari",
			"logo_search": "https://app.vaservices.eu/imagestoreBCMPay/banks/logo_search_bancapopolarebari.png",
			"logo_home": "https://app.vaservices.eu/imagestoreBCMPay/banks/logo_home_bancapopolarebari.png",
			"link_store_ios": "",
			"link_store_android": "",
			"tags": "BANCA POPOLARE BARI",
			"support_email": "servizioclienti@popolarebari.it",
			"support_phone": "800 005 444",
			"support_phone_foreign": "",
			"support_opening_time": ""
		},
		{
			"bankUUID": "88936464886446767926",
			"label": "Banca Popolare di Sondrio",
			"logo_search": "https://app.vaservices.eu/imagestoreBCMPay/banks/logo_search_sondrio.png",
			"logo_home": "https://app.vaservices.eu/imagestoreBCMPay/banks/logo_home_sondrio.png",
			"link_store_ios": "",
			"link_store_android": "",
			"tags": "BANCA POPOLARE SONDRIO",
			"support_email": "scrigno@popso.it",
			"support_phone": "800-23.98.89",
			"support_phone_foreign": "Dall'estero: +39 02-52.81.40.72 / +39 06-91.61.93.72",
			"support_opening_time": ""
		},
		{
			"bankUUID": "56366262786423883807",
			"label": "Banco BPM",
			"logo_search": "https://app.vaservices.eu/imagestoreBCMPay/banks/logo_search_banco_bpm.png",
			"logo_home": "https://app.vaservices.eu/imagestoreBCMPay/banks/logo_home_banco_bpm.png",
			"link_store_ios": "",
			"link_store_android": "",
			"tags": "BANCO BPM",
			"support_email": "assistenza.clienti@bancobpm.it",
			"support_phone": "800 024 024 ",
			"support_phone_foreign": "",
			"support_opening_time": ""
		},
		{
			"bankUUID": "05485307793726330064",
			"label": "Banco Desio",
			"logo_search": "https://app.vaservices.eu/imagestoreBCMPay/banks/logo_search_bancodesio.png",
			"logo_home": "https://app.vaservices.eu/imagestoreBCMPay/banks/logo_home_bancodesio.png",
			"link_store_ios": "",
			"link_store_android": "",
			"tags": "BANCO DESIO",
			"support_email": "desioline@bancodesio.it",
			"support_phone": "800.382.511",
			"support_phone_foreign": "(dall'estero +39 0131/19.23.045)",
			"support_opening_time": ""
		},
		{
			"bankUUID": "19700915374898160564",
			"label": "Biver Banca",
			"logo_search": "https://app.vaservices.eu/imagestoreBCMPay/banks/logo_search_biver.png",
			"logo_home": "https://app.vaservices.eu/imagestoreBCMPay/banks/logo_home_biver.png",
			"link_store_ios": "",
			"link_store_android": "",
			"tags": "CASSA RISPARMIO BIELLA VERCELLI BIVER BANCA",
			"support_email": "",
			"support_phone": "800.091.123",
			"support_phone_foreign": "",
			"support_opening_time": ""
		},
		{
			"bankUUID": "79587040451120027857",
			"label": "Cassa di Risparmio della Repubblica di San Marino",
			"logo_search": "https://app.vaservices.eu/imagestoreBCMPay/banks/logo_search_san_marino.png",
			"logo_home": "https://app.vaservices.eu/imagestoreBCMPay/banks/logo_home_san_marino.png",
			"link_store_ios": "",
			"link_store_android": "",
			"tags": "CASSA RISPARMIO SAN MARINO",
			"support_email": "BcmPay@carisp.sm",
			"support_phone": "0549 872 379",
			"support_phone_foreign": "",
			"support_opening_time": ""
		},
		{
			"bankUUID": "57919911100001343033",
			"label": "Cassa di Risparmio di Orvieto",
			"logo_search": "https://app.vaservices.eu/imagestoreBCMPay/banks/logo_search_orvieto.png",
			"logo_home": "https://app.vaservices.eu/imagestoreBCMPay/banks/logo_home_new_orvieto.png",
			"link_store_ios": "",
			"link_store_android": "",
			"tags": "CASSA RISPARMIO ORVIETO",
			"support_email": "servizioclienti@popolarebari.it",
			"support_phone": "800 005 444",
			"support_phone_foreign": "",
			"support_opening_time": ""
		},
		{
			"bankUUID": "45944557915836313947",
			"label": "Cassa Sovvenzioni e Risparmio fra il personale della Banca d'Italia",
			"logo_search": "https://app.vaservices.eu/imagestoreBCMPay/banks/logo_search_csr.png",
			"logo_home": "https://app.vaservices.eu/imagestoreBCMPay/banks/logo_home_csr.png",
			"link_store_ios": "",
			"link_store_android": "",
			"tags": "CASSA SOVVENZIONI RISPARMIO PERSONALE BANCA ITALIA CSR CSRPBI",
			"support_email": "conticorrenti@csrpbi.it",
			"support_phone": "800 18 34 47",
			"support_phone_foreign": "",
			"support_opening_time": ""
		},
		{
			"bankUUID": "83194417150691949593",
			"label": "CityPoste Payment",
			"logo_search": "https://app.vaservices.eu/imagestoreBCMPay/banks/logo_search_cpp.png",
			"logo_home": "https://app.vaservices.eu/imagestoreBCMPay/banks/logo_home_cpp.png",
			"link_store_ios": "",
			"link_store_android": "",
			"tags": "CITY POSTE PAYMENT CITYPOSTE",
			"support_email": "assistenza@zibaldo.it",
			"support_phone": "",
			"support_phone_foreign": "",
			"support_opening_time": ""
		},
		{
			"bankUUID": "11876063913067907796",
			"label": "Credit Agricole",
			"logo_search": "https://app.vaservices.eu/imagestoreBCMPay/banks/logo_search_credit_agricole.png",
			"logo_home": "https://app.vaservices.eu/imagestoreBCMPay/banks/logo_home_credit_agricole.png",
			"link_store_ios": "",
			"link_store_android": "",
			"tags": "Credit Agricole Italia Crédit FriulAdria Cariparma",
			"support_email": "",
			"support_phone": "800 771100",
			"support_phone_foreign": "",
			"support_opening_time": ""
		},
		{
			"bankUUID": "41928858877874388245",
			"label": "Gruppo Cassa Centrale Credito Cooperativo Italiano",
			"logo_search": "https://app.vaservices.eu/imagestoreBCMPay/banks/logo_search_cassa_centrale.png",
			"logo_home": "https://app.vaservices.eu/imagestoreBCMPay/banks/logo_home_cassa_centrale.png",
			"link_store_ios": "",
			"link_store_android": "",
			"tags": "ADAMELLO ADRIA ALBANO ALBEROBELLO ALTA ALTO ANAGNI ANAUNIA AQUARA ARTIGIANA ATESSA BALDI BANCA BANCO BANCATER Bank BANKA BARI BARLASSINA BASSANO BCC BELLUNO BENE BETTONIA BOLOGNA BORGO BOVES BRENTA BRESCIA CALABRIA CARAGLIO CARDUCCI CARSO CASALGRASSO CASSA CASSANO Cassinate CASTAGNETO CASTELLI CC CEMBRA CENTRALE CENTRO CENTROVENETO CHERASCO COMUNE CONVERSANO COOPERATIVE COOPERATIVO CORTINA CRA CREDITO Credito CS CUNEESE CUNEO D'AMPEZZO DELTA DOLOMITI EMILIA ETNEO FASSA FELSINEA FIEMME FIORI FISCIANO FLUMERI FRIULI FRIULOVEST FVG GALILEO GARDA GIACOMO GIOVANNI GIOVO GIUDICARIE GIULIA GIUSEPPE GRAN GRUPPO IBLEI INBANK ITALIA KRASKA Lajatico LAUDENSE LAURINO LAVIS LAZIO LEDRO LOCOROTONDO LODI LOMBARDO MALATESTIANA MARCHIGIANO MARTINO MARZANO MEZZOCORONA MONOPOLI MONTE MURGE MURGIA NON NORD NOVELLA OCCIDENTALE PADANA PAGANELLA PASSIRIA PEDEMONTE PIANFEI Popolare POSTA PREALPI PRIMACASSA PRIMIERO PRIVERNATE PROVINCIA PRUNO RAIFFEISEN RAIFFEISENKASSE REGALBUTO RENON RIETI RISCOSSA RITTEN RIVIERA ROANA ROCCA ROMAGNA ROMANI ROSCIGNO ROTALIANA ROTONDO ROVERETO ROVIGO RURALE SAN SANGRO SANMICHELE SANT SARSINA SASSO SCHIO SCRL SICANA SOCIETA' SOLE SPELLO STURA Suedtirol TEATINA TERRITORIO TESINO TIRRENO TOLVE TRENTO TURRIACO TUSCOLO VAGIENNA VAL VALDOSTANA VALDOTAINE VALLAGARINA VALSABBIA VALSUGANA VELINO Veneto VENEZIA VERBICARO VESTENANOVA Vesuviana VICENTINO ZADRUGA ZADRUZNA",
			"support_email": "",
			"support_phone": "800 837 455",
			"support_phone_foreign": "",
			"support_opening_time": ""
		},
		{
			"bankUUID": "57170035731018146631",
			"label": "IBL BANCA SpA",
			"logo_search": "https://app.vaservices.eu/imagestoreBCMPay/banks/logo_search_ibl.png",
			"logo_home": "https://app.vaservices.eu/imagestoreBCMPay/banks/logo_home_ibl.png",
			"link_store_ios": "",
			"link_store_android": "",
			"tags": "IBL BANCA SpA Istituto Bancario del Lavoro",
			"support_email": "comunicazioni@iblbanca.it",
			"support_phone": "800 919090",
			"support_phone_foreign": "",
			"support_opening_time": ""
		},
		{
			"bankUUID": "69896882009160418907",
			"label": "MONTE PASCHI",
			"logo_search": "https://app.vaservices.eu/imagestoreBCMPay/banks/logo_search_mps.png",
			"logo_home": "https://app.vaservices.eu/imagestoreBCMPay/banks/logo_home_new_mps.png",
			"link_store_ios": "",
			"link_store_android": "",
			"tags": "MONTE PASCHI SIENA",
			"support_email": "bancomatpay@mps.it",
			"support_phone": "800 60 30 30",
			"support_phone_foreign": "",
			"support_opening_time": ""
		},
		{
			"bankUUID": "96933567409384328337",
			"label": "Cassa Centrale Raiffeisen",
			"logo_search": "https://app.vaservices.eu/imagestoreBCMPay/banks/logo_search_raiffeisen.png",
			"logo_home": "https://app.vaservices.eu/imagestoreBCMPay/banks/logo_home_raiffeisen.png",
			"link_store_ios": "",
			"link_store_android": "",
			"tags": "RAIFFEISEN RURALE BOLZANO PUSTERIA BRUNICO CASTELROTTO SROSENGARTEN VENOSTA DOBBIACO FUNES LACES LAGUNDO VALL'ISARCO BASSAATESINA LANA LASA MARLENGO MONGUELFO NATURNO NOVA PONALDIN PARCINES WIPPTAL PRATO-TURBE SALORNO ULTIMO VALSARENTINO SCENA SELVAGARDENA SILANDRO CAMPO TRENS OLTRADIGE TERLANO TESIMO TIROLO TURES AURINA VANDOIES VILLABASSA ISARCO PASSIRIA VAL BADIA MERANO",
			"support_email": "raiffeisen.landesbank@raiffeisen.it",
			"support_phone": "0471 946511",
			"support_phone_foreign": "",
			"support_opening_time": ""
		},
		{
			"bankUUID": "15593184436610957766",
			"label": "Cassa di Risparmio di Bolzano",
			"logo_search": "https://app.vaservices.eu/imagestoreBCMPay/banks/logo_search_sparkasse.png",
			"logo_home": "https://app.vaservices.eu/imagestoreBCMPay/banks/logo_home_new_sparkasse.png",
			"link_store_ios": "",
			"link_store_android": "",
			"tags": "SPARKASSE CASSA RISPARMIO",
			"support_email": "info@sparkasse.it",
			"support_phone": "840 052 052",
			"support_phone_foreign": "",
			"support_opening_time": ""
		},
		{
			"bankUUID": "63614564609013906628",
			"label": "Widiba",
			"logo_search": "https://app.vaservices.eu/imagestoreBCMPay/banks/logo_search_widiba.png",
			"logo_home": "https://app.vaservices.eu/imagestoreBCMPay/banks/logo_home_widiba.png",
			"link_store_ios": "",
			"link_store_android": "",
			"tags": "Banca WIDIBA",
			"support_email": "",
			"support_phone": "800 22 55 77",
			"support_phone_foreign": "",
			"support_opening_time": ""
		}
	],
	"unsubscribedBanks": [
		{
			"bankUUID": "68736572050582166595",
			"label": "BNL",
			"logo_search": "https://app.vaservices.eu/imagestoreBCMPay/banks/logo_search_bnl.png",
			"logo_home": "",
			"link_store_ios": "https://apps.apple.com/it/app/bnl/id578969149",
			"link_store_android": "https://play.google.com/store/apps/details?id=it.bnl.apps.banking",
			"tags": "bnl",
			"support_email": "",
			"support_phone": "",
			"support_phone_foreign": "",
			"support_opening_time": ""
		},
		{
			"bankUUID": "84163149216476955651",
			"label": "Hello bank! di BNL S.p.A",
			"logo_search": "https://app.vaservices.eu/imagestoreBCMPay/banks/logo_search_bnl_hello_bank.png",
			"logo_home": "",
			"link_store_ios": "https://apps.apple.com/it/app/hello-bank/id718176604",
			"link_store_android": "https://play.google.com/store/apps/details?id=it.bnl.apps.enterprise.hellobank",
			"tags": "BNL Hello bank BNPP banca nazionale lavoro",
			"support_email": "",
			"support_phone": "",
			"support_phone_foreign": "",
			"support_opening_time": ""
		},
		{
			"bankUUID": "24574416354602200000",
			"label": "Intesa Sanpaolo",
			"logo_search": "https://app.vaservices.eu/imagestoreBCMPay/banks/logo_search_intesa_san_paolo.png",
			"logo_home": "",
			"link_store_ios": "https://itunes.apple.com/it/app/la-tua-banca-per-iphone/id597360475",
			"link_store_android": "https://play.google.com/store/apps/details?id=com.latuabancaperandroid",
			"tags": "gruppo intesa sanpaolo san paolo",
			"support_email": "",
			"support_phone": "",
			"support_phone_foreign": "",
			"support_opening_time": ""
		},
		{
			"bankUUID": "93859093015117127896",
			"label": "Intesa Sanpaolo Private banking ",
			"logo_search": "https://app.vaservices.eu/imagestoreBCMPay/banks/logo_search_intesa_private_banking.png",
			"logo_home": "",
			"link_store_ios": "https://itunes.apple.com/it/app/la-tua-banca-per-iphone/id597360475",
			"link_store_android": "https://play.google.com/store/apps/details?id=com.latuabancaperandroid",
			"tags": "gruppo intesa sanpaolo san paolo",
			"support_email": "",
			"support_phone": "",
			"support_phone_foreign": "",
			"support_opening_time": ""
		},
		{
			"bankUUID": "73653128846976908376",
			"label": "UniCredit",
			"logo_search": "https://app.vaservices.eu/imagestoreBCMPay/banks/logo_search_unicredit.png",
			"logo_home": "",
			"link_store_ios": "https://itunes.apple.com/it/app/unicredit/id396670008?mt=8",
			"link_store_android": "https://play.google.com/store/apps/details?id=com.unicredit",
			"tags": "unicredit monhey sendmoney",
			"support_email": "",
			"support_phone": "",
			"support_phone_foreign": "",
			"support_opening_time": ""
		}
	]
}